token,signature_mode_1,signature_mode_2,signature_mode_3,signature_mode_4,signature_mode_5,signature_mode_6,signature_mode_7,signature_mode_8,signature_mode_9,signature_mode_10
<Q>,-30.80919637882379,-5.7927792826157445,-7.104814813433566,7.196268081099056,-6.631382939278805,5.352436349293253,0.6244456683064413,2.639499545595918,-3.193095652515738,2.871167261795448
A,16.969143229334733,12.00142651936749,-7.3512091465361635,3.062726334735638,4.195639933913667,5.008047908579635,2.611748066089772,0.4744979028882202,-2.3993847854079546,-1.8492340001949392
0,-38.64738995176772,8.327805481691708,-0.07209483343563004,2.204830762741337,6.988839901354044,-2.0105004017830077,-3.3560855069837077,0.4460851792863317,-0.4667511881374483,-0.5652408332115583
B,15.784069420810455,9.37374226873817,-7.055761913721889,2.356077065924822,1.1422376648131256,-1.3229031843074979,1.7389800022177122,1.9240064387385076,-0.16928683265140163,-1.5051956857040678
C,7.386577901620559,17.275695055294744,-5.395828814682534,-1.6177815497204653,1.7181802581332772,-4.178277542811125,5.676499308513694,-0.860931955943401,2.601334432748692,0.600911003062221
D,6.281845907916343,-3.7556906292561325,-7.486858387030576,-5.357853203236722,-0.767104474198024,8.872367985773794,-4.312998317849263,-4.634811100456697,3.1630819235212275,-0.3246460082150091
reason,18.42305692948063,13.055889244134741,18.586372235390762,-4.294927722948655,5.614929076367237,1.8036837547543583,-2.966442383793106,0.32024022120255663,-3.2896102823839435,2.2626641593849897
:,-2.79650248210795,-49.3446870897036,2.170734321536489,-2.8737168711849,9.100297092678858,1.4610472066111242,3.2015030920829632,4.224652232253525,3.0319652282526266,1.4967605301325482
compute,-35.62704899669818,2.8355676123982954,15.48974715593306,-5.247373210077108,-8.041498372872702,4.573204451430293,4.033801327339999,0.5845189563326286,0.8381495406318741,-2.6668742738808633
xor,-6.332887036993171,19.54937330072744,-10.57940298504154,-17.413132058318006,-3.7273329021833788,-4.006792374046074,0.6550425169535167,0.13013114248195887,-0.28573132013413216,2.9805557885201974
;,6.653897544460597,-45.25533188621611,-1.5351292788776363,-4.568288615900038,-2.200805107391353,-4.563779499099113,0.8567370225999719,-5.757980830543768,-4.253043191165898,-1.311131995756911
first,20.24417226505099,-12.688272291911584,0.49265222524664204,2.972120288392235,-9.107612101697912,-6.048494417437572,-5.248239965049663,5.4869075866239445,0.679176857570173,-0.632579250613191
result,14.537858331705865,13.24046748187398,12.253294182059806,-2.856059313227523,-0.8387023113065977,-2.5315802792264326,2.1302138158500887,0.9475671224013683,0.21917970004010429,-1.8462321425046482
second,18.09460079461568,8.485401081388865,-5.395271130040007,0.6789185969038318,3.748378075450384,4.125311360669373,-0.5865141390752064,2.0206930524729207,-1.8330610471942443,-0.8906037117371289
combine,14.806473056132061,-2.801342232021172,-0.34354111909248086,0.6063813775742223,-3.9580829621946347,2.856000526312273,-4.3259750366911565,-0.4403564701965786,2.5705924374339655,-0.23226431927293972
final,3.4356002847212856,5.5054274656282765,13.57700396014396,10.091978427184708,-0.14835082183600742,-1.9634948803016208,-0.030157107933375563,-4.158427490589402,1.6306953867615557,2.6694493530661547
answer,5.382430832613366,2.706681504229739,-5.573514978778034,12.812925119063156,-3.025298866914104,-1.6553126841066401,3.4467022043793234,-2.353365617136239,0.6367395914825751,0.7337142325125052
1,-33.78670165207172,7.2806263962508755,-4.6763766796406525,2.2469064909944083,5.937668857162924,-5.770964280305038,-4.149260566957965,-0.992925915411799,0.5190492011479637,-1.7912201073828047
