epoch,Ushape1,Ushape2,Ushape3,Ushape4,Ushape5,Ushape6,Ushape7,Ushape8
1,0.3895794601447303,0.13970004503076175,-0.23335699628784595,-0.2351028565410161,-0.1609882798209174,0.4884977528187878,0.4508581288683751,0.25774430648064617
2,0.38020795940024305,0.1196629776004431,-0.19643168752377874,-0.19481547195410626,-0.1041729091795349,0.12092369943170421,-0.11604956626909091,-0.28831586462771847
3,0.35976611597195485,0.08585780144339104,-0.12588195737466748,-0.10843823641636996,-0.010349867923418838,-0.19905252535620635,-0.3427115860795365,-0.267189059125134
4,0.32327032503787184,0.034431910092802664,-0.015683906972552113,0.025744483407560203,0.10588160114508269,-0.3693053301187424,-0.23413268756522784,0.15047923019899395
5,0.26659591005553246,-0.03583633578784133,0.12332861934949345,0.17999495742835991,0.2003784067243189,-0.31689608657862994,0.04376778873177798,0.34373740698394545
6,0.18982937672336142,-0.11997927628576702,0.2535286967096501,0.28796238788481077,0.20720559559076496,-0.07943192087534547,0.23787955265022526,0.04809899941411326
7,0.09981275817041796,-0.20546744716512694,0.3226384490865916,0.277523849213276,0.08856347624952914,0.1793477885319039,0.182957439880069,-0.3013235710335987
8,0.008502504368607793,-0.27596850198265555,0.2985876086897421,0.13429593705870482,-0.10777482772832628,0.2821426134087546,-0.048862611546874025,-0.2109238183890148
9,-0.07226444905408273,-0.31768622454031686,0.19197191880124945,-0.07538017821218625,-0.26253113411288526,0.17674312236440942,-0.2247081192344916,0.16926606086372217
10,-0.13479074729845178,-0.3227229524085754,0.043871095812241766,-0.24917530533158558,-0.2694605559705704,-0.04032453775701021,-0.18327906815503117,0.3076313396457639
11,-0.17595955785063522,-0.2887614313061661,-0.10062470316311226,-0.3083510457105876,-0.1076326692274183,-0.20781192757058636,0.03304628744284817,0.0209570747115809
12,-0.19609377263065242,-0.21872397223605103,-0.20998543159689553,-0.2309753855692138,0.14286875944093744,-0.20834839609331077,0.23119435067711364,-0.29897676359261605
13,-0.19847405570494314,-0.12219243539045588,-0.27130831651041476,-0.05721365581283786,0.3370749033057664,-0.04605379049904246,0.22525063200713855,-0.19486668122567427
14,-0.18935439461096057,-0.015556432973094933,-0.28569818800470675,0.13377826761127137,0.3468762269059772,0.15249479833147622,-0.0022871535563513995,0.19704856709527258
15,-0.17667670226800816,0.0835799266432212,-0.25844721222224354,0.269374476164303,0.1527274144115079,0.23269720327654658,-0.2553288829925737,0.281803635005507
16,-0.16718421948183254,0.16547615790359826,-0.19247327852792867,0.3145451931729381,-0.13548996342136407,0.1294118330105106,-0.2773791436041115,-0.07192416276386068
17,-0.16442198286947105,0.2320199941017631,-0.08755019307527938,0.26337692396505347,-0.34989249769820086,-0.08719830822077158,-0.005206549894596279,-0.2719268520456581
18,-0.16910017534245486,0.2919865685401583,0.05825492877293673,0.11634570169716102,-0.354373176010387,-0.24564991374145428,0.295773472732878,0.014034581744883642
19,-0.17997684445759327,0.3531829765489732,0.2421051463728457,-0.12256343983069876,-0.09684075570732999,-0.16527226745227655,0.21546705662441054,0.20805318513481838
20,-0.19326750830363373,0.41699665217093196,0.4431554076645866,-0.42092660222482203,0.3779302530265874,0.2030861930883796,-0.22624934073563305,-0.09340761394169736
