cohort,condition,metric,n_pairs,mean_condition_minus_native,ci_low,ci_high,wilcoxon_greater_p
heldout,rigid,margin_change,13,0.20230852927152926,0.014595998766330573,0.4608602151274679,0.016357421875
heldout,rigid,mean_centroid_divergence,13,0.05333093261854254,0.044619409083749444,0.06082296607744754,0.0001220703125
heldout,rigid,mean_shape_divergence,13,0.14793584380803482,0.13975106035062246,0.157522757743339,0.0001220703125
heldout,rigid,mean_interface_divergence,13,0.0705688339372471,0.06449765741821409,0.07859726745164806,0.0001220703125
heldout,rigid,DY_comotion_change,13,0.010672763257259547,-0.0013161483039401322,0.024004013016056973,0.108154296875
heldout,half,margin_change,13,0.09326222309699425,0.005652219859453349,0.21529597536875647,0.047119140625
heldout,half,mean_centroid_divergence,13,0.027642086582086556,0.02236558294797805,0.03260243532453098,0.0001220703125
heldout,half,mean_shape_divergence,13,0.08721103234076436,0.08290756013346798,0.09252220777533386,0.0001220703125
heldout,half,mean_interface_divergence,13,0.04118686513984766,0.03724286813730061,0.045989832619233464,0.0001220703125
heldout,half,DY_comotion_change,13,0.005974610202918905,-0.000999112715037019,0.013853001022059242,0.0732421875
heldout,wrong,margin_change,13,0.09459210129884574,-0.007663263710072407,0.2639199235261632,0.13671875
heldout,wrong,mean_centroid_divergence,13,0.046495162626198426,0.0399210001521518,0.05290937688512668,0.0001220703125
heldout,wrong,mean_shape_divergence,13,0.15280831020973332,0.14069566630765676,0.16553077912149247,0.0001220703125
heldout,wrong,mean_interface_divergence,13,0.0880702355805875,0.08057516087512744,0.09811569633246195,0.0001220703125
heldout,wrong,DY_comotion_change,13,0.006002929457385703,-0.0033831408327136287,0.015929335790866955,0.1527099609375
train,rigid,margin_change,54,-0.09622905596538826,-0.2543767098613359,-0.0011877602449170094,0.9538412543795189
train,rigid,mean_centroid_divergence,54,0.05031470189890496,0.04503695602059801,0.05562012287744581,8.128492284665484e-11
train,rigid,mean_shape_divergence,54,0.15816845503302643,0.14703435617947175,0.1685358488275156,8.128492284665484e-11
train,rigid,mean_interface_divergence,54,0.07890728912558066,0.0719431260344175,0.08566266388074213,8.128492284665484e-11
train,rigid,DY_comotion_change,54,0.0035402082427327436,-0.007917010455739946,0.015098244744740027,0.0028938311945216583
train,half,margin_change,54,-0.029465793459503738,-0.08668268281552527,0.0010692106076964606,0.8400054246773878
train,half,mean_centroid_divergence,54,0.023978657070010005,0.02139606510497053,0.02649795784091542,8.128492284665484e-11
train,half,mean_shape_divergence,54,0.09163612458888346,0.08598590139939413,0.09712857010780471,8.128492284665484e-11
train,half,mean_interface_divergence,54,0.04582167099761757,0.041919439609111264,0.04962648408803329,8.128492284665484e-11
train,half,DY_comotion_change,54,0.003642655934617592,-0.0013469699588927694,0.008960837150446802,0.0009546696105315912
train,wrong,margin_change,54,-0.1565851006242964,-0.38182392136918175,-0.0002667937841680443,0.796980993743216
train,wrong,mean_centroid_divergence,54,0.045972931465732274,0.03927194089352166,0.05351686864637035,8.128492284665484e-11
train,wrong,mean_shape_divergence,54,0.16819022943851059,0.15424719621826746,0.18439596203573477,8.128492284665484e-11
train,wrong,mean_interface_divergence,54,0.09509734597958594,0.08709934107984542,0.10320949848337754,8.128492284665484e-11
train,wrong,DY_comotion_change,54,-0.0004143492521161467,-0.012911386209670401,0.014208732966460682,0.07462135663460416
