epoch,0,1,2,3,4,5,6,7
1,0.0019620066428996793,0.002952660400962739,0.002396041263172457,0.003753022044032899,0.003997607337525982,0.0036351054190479856,0.003419560219161082,0.003812777999148864
2,0.001637228878470484,0.002483645978011932,0.0020417371128629846,0.0031386941073005053,0.0033416678194185465,0.0030266733786419755,0.0028833467382500403,0.0031797602825889325
3,0.0013569459307474507,0.0020941721182297316,0.0017687270094308995,0.0026138874870710966,0.002780080112471671,0.0024964112436318578,0.0024436880965552237,0.002632015084720273
4,0.0011278774573857558,0.0017944492929199301,0.0015854269887203083,0.002191490200694011,0.0023265643356280273,0.00205673562601104,0.002112443872024647,0.002182591452859797
5,0.0009477933846405908,0.0015804650605021997,0.0014877071473972888,0.001867006381097016,0.001976383991715533,0.0017037374417725078,0.0018847356500202455,0.0018272179982378924
6,0.000810699793827389,0.0014406742762290623,0.0014628373282064607,0.0016280855606550808,0.001716585165408161,0.001427168043204376,0.0017463022055334643,0.0015544864498993605
7,0.0007092631364574389,0.0013592064235892459,0.001491502798952668,0.0014590052751185022,0.0015308064370281069,0.0012150802687997473,0.0016770584992516716,0.00135060451244753
8,0.0006361782322550519,0.0013186552899187593,0.0015510412034618355,0.001343544055299768,0.0014022807903280368,0.0010561150122533683,0.0016545842783727833,0.0012019848958822296
9,0.0005851841175557288,0.001303188854904669,0.0016200712562904128,0.0012674788178924231,0.0013163696122896775,0.000940846911676194,0.0016582833704481546,0.0010970692825744684
10,0.000551776713995527,0.0013012311239853143,0.0016828116293037558,0.0012205122062327494,0.0012624872422374498,0.0008625587536925048,0.001673057182238973,0.0010275604451939811
11,0.0005335085622474408,0.0013070750100853687,0.0017319365842605285,0.0011972531813344634,0.0012350527757014123,0.000817402641248188,0.0016915823804652935,0.000988894400435738
12,0.0005297194032978211,0.0013211394033471947,0.0017696666487473877,0.0011969338974047537,0.0012331356305317054,0.0008036760557622879,0.0017148422761198736,0.0009796539356887195
13,0.0005404249794300924,0.0013481402357860938,0.0018060758731900438,0.0012212292285118395,0.001258145471336642,0.0008198162379809946,0.0017499534260819113,0.0009994240869068674
14,0.0005642880494958251,0.001392390315945365,0.0018530853257040772,0.001269798410354744,0.0013092146784815253,0.0008611996639128347,0.001804141461769406,0.0010450055664575023
15,0.0005963919214254725,0.0014513041532942677,0.0019150058066357868,0.001334923901501481,0.0013777387023976406,0.0009170837949540815,0.0018761098025317263,0.0011063866480555762
16,0.0006274349557290951,0.0015111550622981967,0.0019810598113294813,0.001398908249239282,0.0014448450802672522,0.0009701429101168303,0.001950056946327947,0.0011654656230147555
17,0.000645852417049344,0.0015499161516892494,0.002027218008161562,0.001438009406170214,0.0014856133196572874,0.001000518862371784,0.0019988424746661265,0.0012002076515395862
18,0.0006424943341216561,0.0015474018354375034,0.0020285584750593315,0.0014324760056956731,0.0014795167110623507,0.0009934356672916594,0.0019968261652654226,0.0011934407470347247
19,0.0006147850984275756,0.0014948968888131573,0.001971566211111128,0.001375685043361463,0.001419886709026828,0.0009457631342677937,0.001932207955494854,0.0011406192210454335
20,0.0005668344592280942,0.0013949907052787118,0.0018535555808134171,0.001274237544335297,0.0013140413846298082,0.000866335414464316,0.0018067186221651336,0.0010500709800850808
