q,bits,t,token,phase,v_future1_1,v_future1_2,v_future1_3,v_future1_4,v_future1_5,v_future1_6
0,0000,0,<Q>,PROMPT,-0.21601630102068217,0.42631917220233656,-0.07702027190700446,0.2869369858146297,0.3373767549389515,-0.7546528276100911
0,0000,1,A,PROMPT,-0.020941011102716463,0.49288288101633676,0.41126462158606386,0.5601444635685336,0.05584835947722067,-0.5202004338367345
0,0000,2,0,PROMPT,-0.7475015036803037,-0.24317454836856345,-0.31140715171481154,-0.33239694853892127,-0.2973297668216446,0.29366733772433545
0,0000,3,B,PROMPT,-0.2668539726590552,0.6089615157696309,0.2820390910234438,0.3402994252667914,0.03900317279861981,-0.6009025165507592
0,0000,4,0,PROMPT,-0.7649957399173748,-0.4007760138769526,-0.3326461916255878,-0.36434164143578257,-0.04700596581793474,0.0924782314902497
0,0000,5,C,PROMPT,-0.035950522209526305,0.6482170709418513,0.450634363348746,0.3733979792966821,-0.12388285673650978,-0.46976360685525176
0,0000,6,0,PROMPT,-0.6917730975384936,-0.5320465759990828,-0.20187879413765453,-0.15244263950127548,0.34806694057753923,-0.2307206568689768
0,0000,7,D,PROMPT,-0.06675414150734131,0.5941354110064634,0.25261287591012005,0.3529555041592378,0.001983308856066053,-0.6739081624924105
0,0000,8,0,PROMPT,-0.6559725715424104,-0.3526373442471512,-0.28026584343554595,-0.35933726843758745,-0.0514864767668471,-0.4847925495009866
0,0000,9,reason,PROMPT,-0.23689819416547228,0.4251251776871443,0.2021284937762259,0.15817757775830132,-0.008326695836983762,-0.8349864794907285
0,0000,10,:,PROMPT,-0.18292470985166853,0.17493010367217307,-0.11565894394735411,0.2414097068551569,0.5184615789515108,-0.771673481873728
0,0000,11,compute,COT,-0.17954708576753123,0.008078627656423322,-0.3918652701844772,-0.5856818432923565,-0.4460394801971765,0.5216941156788363
0,0000,12,A,COT,-0.10171314269271696,0.6000863428766587,0.24847268444299342,0.468660291259101,0.30999554374570243,-0.502068159752162
0,0000,13,0,COT,-0.764665244658226,-0.2728824206723864,-0.3191170050659306,-0.3231393345844645,-0.24469705178021006,0.2732963747873145
0,0000,14,xor,COT,-0.07435618940766046,-0.7483819355238046,-0.28719259825271265,-0.09766781718542174,0.30231040794653924,0.500984492694838
0,0000,15,B,COT,-0.2800833336174643,0.6303716251235645,0.29063969140612217,0.4043500217528414,0.0010230075563091442,-0.5255601997984387
0,0000,16,0,COT,-0.7028422857627773,-0.5494719031878209,-0.23665698811313468,-0.1668907165649398,0.3205839275981226,-0.13213725068401766
0,0000,17,;,COT,-0.45342588547222057,-0.48212225181054924,-0.48236725509388556,-0.25858282950621836,0.5092117879176735,-0.05588566217101684
0,0000,18,first,COT,-0.20284020844180156,0.4899942999268654,0.2485987810425494,0.6813012087626644,0.07251405868349395,-0.4330478682252184
0,0000,19,result,COT,-0.4595217563330513,-0.02068997876737794,-0.17491556701026695,-0.6112338258525342,-0.5375211755103005,-0.3086752673350564
0,0000,20,0,COT,-0.8015818818840573,-0.4054127790750808,-0.32560746810136976,-0.26980934985208704,0.03634579398040461,0.11387993636622801
0,0000,21,;,COT,-0.48910790032291074,-0.4705364162196022,-0.5285775380296516,-0.2632132002608272,0.4251632645095146,-0.09964807506171823
0,0000,22,compute,COT,0.2978900756067177,0.44993464969953195,0.4317884988257706,-0.09672638062815027,-0.7137736030123412,0.05958403368294347
0,0000,23,C,COT,-0.34120027422236215,0.7187404222871224,0.27887152763611883,0.11751380674966663,-0.022019682343758652,-0.5243385243596855
0,0000,24,0,COT,-0.7675376090229137,-0.4753518704787234,-0.28296211686473394,-0.22149018946099266,0.21168222860564442,-0.10484173049066516
0,0000,25,xor,COT,-0.1504580511472824,-0.7282162784812151,-0.31843411348477324,-0.1214021085716369,0.3214811227566936,0.47704775202756594
0,0000,26,D,COT,-0.18482167077898776,0.6745242870982798,0.29297716252531775,0.3193442006807005,-0.06035246475237323,-0.5651541204428688
0,0000,27,0,COT,-0.7029996414568085,-0.5225340662391001,-0.21381707511991166,-0.17699190152460953,0.3062669638391826,-0.24880981848357295
0,0000,28,;,COT,-0.4745118358093468,-0.43219509361451497,-0.5404820024750893,-0.27841932707883105,0.44124381318773653,-0.15398603626763796
0,0000,29,second,COT,-0.0333846914779251,0.2539666433033924,0.21444026512234843,0.8344405802312608,0.05316658727047878,0.4350678237007607
0,0000,30,result,COT,-0.4452275843716992,-0.057998780547184076,-0.19658032992980753,-0.6159184312699754,-0.5447132433949733,-0.2893037883373294
0,0000,31,0,COT,-0.7661238404501178,-0.4878400304819722,-0.30408723279775557,-0.23280028043082002,0.1657243560890033,0.030606989935816186
0,0000,32,;,COT,-0.49773925692811877,-0.44645907481943736,-0.5143366239201981,-0.2483291989252016,0.44805813053661653,-0.16113436796534014
0,0000,33,combine,COT,-0.4707369713010034,-0.3949169662083922,-0.3939012303432983,-0.39805772029624825,0.5265345637043468,-0.1777653479235488
0,0000,34,0,COT,-0.7729579611412635,0.1376779053459604,-0.07623791820046755,-0.27427752435642694,-0.5265903725035334,0.15888040702317138
0,0000,35,xor,COT,-0.19027579823968155,0.7564881459608622,0.13217323985049914,0.019215663024011002,-0.2200051859750915,-0.5703328122517451
0,0000,36,0,COT,-0.6900204918952856,-0.5366936529306756,-0.19495348275563007,-0.14590582976642152,0.34357606029831034,-0.24185070365833006
0,0000,37,;,COT,-0.4910870883763665,-0.48350689109312106,-0.4839665537493022,-0.24227122544037077,0.42903274017103504,-0.2192407214284459
0,0000,38,final,COT,-0.5495449144979687,-0.3855742733321431,-0.33153751494857325,-0.30676025488698233,0.482078613946818,-0.3360269317663737
0,0000,39,result,COT,-0.32234152666839083,-0.3253500615478573,-0.41031556590933194,-0.6248635038741155,-0.38257169217194503,-0.2916657605603711
0,0000,40,0,COT,-0.7889619398392704,-0.4382621234043561,-0.3267698718706352,-0.24868125554641804,0.08813232490670546,0.09527405711003167
0,0000,41,;,COT,-0.4867536744516469,-0.4349166986448729,-0.5194802240185314,-0.258726998048194,0.45997598721778854,-0.15981568810761873
0,0000,42,answer,ANSWER,-0.6013854251586377,-0.471420734028963,-0.29137965245295616,-0.25761012150769724,0.4803293199782788,-0.18470714587353435
0,0000,43,0,ANSWER,-0.8125774508154033,-0.028375718301625708,-0.18003756345099628,-0.2916735639654645,-0.4398671612875735,0.16716038193403226
1,1100,0,<Q>,PROMPT,-0.216096456524956,0.42338061505807184,-0.08073584244410571,0.28737089472919125,0.3390696773358086,-0.7549719351003592
1,1100,1,A,PROMPT,-0.0063815547075708,0.4901210959513363,0.4251371152129854,0.5554677441621838,0.051530166416055984,-0.5174932342319701
1,1100,2,1,PROMPT,-0.6352146698692458,-0.5764090637828903,-0.3322547732357929,-0.2465560487552879,0.30461345855946487,0.016805824005093582
1,1100,3,B,PROMPT,-0.2453318810199607,0.6144569998026906,0.32224708157078996,0.36861087054722946,0.010517571885964088,-0.5678266361873404
1,1100,4,1,PROMPT,-0.6230805478311371,-0.6107540063991356,-0.2691729069467294,-0.19572782654768914,0.35083514641869823,-0.07001027567429077
1,1100,5,C,PROMPT,-0.049595512377088695,0.6617040524521167,0.45242345008735496,0.36140659589823104,-0.14836895493928873,-0.4498588440644809
1,1100,6,0,PROMPT,-0.6905978725112554,-0.5351915195544718,-0.20116573405693366,-0.1491560610418325,0.3520668042967541,-0.22355848918794197
1,1100,7,D,PROMPT,-0.06944376287100575,0.5963928108897293,0.2525043917309491,0.35379882600552576,-0.00026608962744314064,-0.671238430803369
1,1100,8,0,PROMPT,-0.6554892796654456,-0.3540627680662323,-0.2803464184022471,-0.35984924705496635,-0.04892354495863745,-0.484246065905174
1,1100,9,reason,PROMPT,-0.23673675479502884,0.4244745588702052,0.20133162199538152,0.15873525144293008,-0.006552307907653207,-0.835465632444689
1,1100,10,:,PROMPT,-0.18256381180744632,0.1749420759161928,-0.11463497002222293,0.24138303294395144,0.5181999243597409,-0.7720930113275288
1,1100,11,compute,COT,-0.1813247692041613,0.001223881116107647,-0.388316171513087,-0.5808950482075192,-0.4454902946468489,0.5295561551648109
1,1100,12,A,COT,-0.10505875726837578,0.6011417321624375,0.25883669573108053,0.46684473670990145,0.3062641332991153,-0.4988517944016933
1,1100,13,1,COT,-0.6337607289253772,-0.5887465395545176,-0.31780766448118897,-0.2051728646183341,0.3275884477178607,0.03623594317356216
1,1100,14,xor,COT,0.0024488495925632475,-0.7634937294086465,-0.21906203943278238,-0.07106341312533326,0.26193882235454236,0.5435266284437157
1,1100,15,B,COT,-0.2981112947369832,0.6423052712977322,0.2918238101972502,0.37939851209029846,-0.005580458961421497,-0.5190742583838978
1,1100,16,1,COT,-0.6445751534908399,-0.6281259367676878,-0.219175807615688,-0.13065375524837705,0.34408267111852026,-0.08049444759377865
1,1100,17,;,COT,-0.4752135670240496,-0.4930366853124892,-0.4439598908025451,-0.23052423889442766,0.5031623802247307,-0.16635114192476858
1,1100,18,first,COT,-0.20273663780316506,0.4868881141659103,0.25322064335279404,0.6846971643647094,0.06594628598876741,-0.42960214877423786
1,1100,19,result,COT,-0.4677458427274264,0.0006432646399841426,-0.1573139763297519,-0.604835913309398,-0.5485464457892918,-0.2995597443854169
1,1100,20,0,COT,-0.8004129655100237,-0.4107600183004778,-0.32446420083156463,-0.2679169286358111,0.04485810534236172,0.1074548469052124
1,1100,21,;,COT,-0.4883668732231149,-0.47123570426931793,-0.529375248604704,-0.26460205319728164,0.42394134101162195,-0.09724220868448251
1,1100,22,compute,COT,0.2979718547392434,0.4498163821977324,0.43199009963124413,-0.09665489815272772,-0.7136943689343082,0.05967183862536647
1,1100,23,C,COT,-0.3414091815983301,0.7187129622495131,0.2787821113865094,0.117432848909636,-0.022021162586899158,-0.5243058052139584
1,1100,24,0,COT,-0.7675689270131419,-0.47531958016015285,-0.2829900821164686,-0.22151887165714057,0.2116099840608278,-0.10476858579511664
1,1100,25,xor,COT,-0.1504349830579731,-0.7282229278983522,-0.318423595443015,-0.12139745313714677,0.3214729114770412,0.4770586154540454
1,1100,26,D,COT,-0.1848330692413874,0.6745252677674561,0.2929713018935012,0.31934235400772804,-0.06034982275447494,-0.5651535859880779
1,1100,27,0,COT,-0.7030003634747235,-0.5225347048492539,-0.21381852428400686,-0.17699278306300875,0.30626627258654904,-0.2488054156867806
1,1100,28,;,COT,-0.4745123787381988,-0.43219390127581436,-0.5404809256244103,-0.2784177668338505,0.4412457890567464,-0.1539886486444058
1,1100,29,second,COT,-0.0333846820178493,0.2539667957619697,0.21443950647761012,0.8344401240617741,0.053168189383616046,0.4350687884829748
1,1100,30,result,COT,-0.4452280629070185,-0.05799770953087469,-0.19657962026357975,-0.6159181753744325,-0.5447135756582219,-0.2893036680087682
1,1100,31,0,COT,-0.7661237666060078,-0.4878401531246802,-0.30408720812300105,-0.2328002482368789,0.16572444099975767,0.030606913807770975
1,1100,32,;,COT,-0.4977392179453922,-0.44645914983422424,-0.5143367129037184,-0.24832930463755182,0.44805799975597144,-0.16113419724166755
1,1100,33,combine,COT,-0.47073688404243597,-0.3949170190468259,-0.3939012397520326,-0.39805786219242634,0.5265344942834039,-0.17776532864288905
1,1100,34,0,COT,-0.7729580377616145,0.13767779079624134,-0.0762380027912835,-0.27427743619913986,-0.5265902799331436,0.1588805519361559
1,1100,35,xor,COT,-0.19027580770495617,0.7564881465408178,0.1321732115966869,0.019215662025105173,-0.2200051787929842,-0.5703328176765622
1,1100,36,0,COT,-0.6900204918952856,-0.5366936529306756,-0.19495348275563007,-0.14590582976642152,0.34357606029831034,-0.24185070365833006
1,1100,37,;,COT,-0.4910870883763665,-0.48350689109312106,-0.4839665537493022,-0.24227122544037077,0.42903274017103504,-0.2192407214284459
1,1100,38,final,COT,-0.5495449144979687,-0.3855742733321431,-0.33153751494857325,-0.30676025488698233,0.482078613946818,-0.3360269317663737
1,1100,39,result,COT,-0.32234152666839083,-0.3253500615478573,-0.41031556590933194,-0.6248635038741155,-0.38257169217194503,-0.2916657605603711
1,1100,40,0,COT,-0.7889619398392704,-0.4382621234043561,-0.3267698718706352,-0.24868125554641804,0.08813232490670546,0.09527405711003167
1,1100,41,;,COT,-0.4867536744516469,-0.4349166986448729,-0.5194802240185314,-0.258726998048194,0.45997598721778854,-0.15981568810761873
1,1100,42,answer,ANSWER,-0.6013854251586377,-0.471420734028963,-0.29137965245295616,-0.25761012150769724,0.4803293199782788,-0.18470714587353435
1,1100,43,0,ANSWER,-0.8125774508154033,-0.028375718301625708,-0.18003756345099628,-0.2916735639654645,-0.4398671612875735,0.16716038193403226
2,0001,0,<Q>,PROMPT,-0.21601630974116795,0.4263191815062497,-0.07702026086747601,0.28693698462397316,0.33737673999682194,-0.7546528281173893
2,0001,1,A,PROMPT,-0.020941020298146765,0.49288290159087117,0.4112646090192127,0.560144438984175,0.05584835796467,-0.520200450542158
2,0001,2,0,PROMPT,-0.7475014873768183,-0.24317455508791613,-0.31140712439573315,-0.3323968064269286,-0.2973299473322368,0.2936673807207856
2,0001,3,B,PROMPT,-0.26685861930748567,0.608963717067863,0.28203459651080465,0.34029256560515964,0.03900166890350901,-0.6009043139999759
2,0001,4,0,PROMPT,-0.7649964667782485,-0.4007852433018182,-0.33265651339707153,-0.36431909190268374,-0.046996342321709336,0.09248881957505549
2,0001,5,C,PROMPT,-0.035923596796081016,0.6482532695358804,0.4505274143216771,0.37332595994632767,-0.12402245928432525,-0.469838695614909
2,0001,6,0,PROMPT,-0.6910618681900315,-0.53293576920587,-0.20250035421077353,-0.15239191953544154,0.3479632538801343,-0.23044488188852338
2,0001,7,D,PROMPT,-0.07525724671360617,0.5889621995729818,0.2672432988920164,0.36415824677414504,0.005858727597278623,-0.6658793735398905
2,0001,8,1,PROMPT,-0.6401002703192773,-0.5297896941284657,-0.2581543607423634,-0.2276611122101397,0.3092580434376806,-0.3089995639454795
2,0001,9,reason,PROMPT,-0.2911989761585181,0.47624181282319494,0.2502606382879541,0.1988510931960629,-0.0812545096154292,-0.7613293980457481
2,0001,10,:,PROMPT,-0.18291959607403446,0.17289232967449988,-0.09904185439711725,0.24673604045672196,0.5146577876729304,-0.775298692580324
2,0001,11,compute,COT,-0.18001482335190058,0.004997571894943195,-0.3890666792986504,-0.5763546435651963,-0.44669233809137293,0.5333648719587362
2,0001,12,A,COT,-0.10279540454793115,0.6002225474077624,0.24809906519368538,0.4676296596533276,0.3089206477496939,-0.5034911985761079
2,0001,13,0,COT,-0.7645072880087355,-0.2739994258716831,-0.3195461363010876,-0.32285679867668216,-0.2435337410124036,0.273492216553438
2,0001,14,xor,COT,-0.07456826189331903,-0.7483420916174056,-0.28730716293206593,-0.09770859080985268,0.3023966674483549,0.5008867827742167
2,0001,15,B,COT,-0.2800234364134057,0.6303525926705816,0.2906530356514969,0.4044026950336426,0.0010346070378476028,-0.5255670144492292
2,0001,16,0,COT,-0.7028464055661038,-0.5494659750026616,-0.23665675670217765,-0.16689159625899092,0.3205808568006696,-0.13214674175121752
2,0001,17,;,COT,-0.4534220546030789,-0.4821244163211896,-0.4823703457596993,-0.25858880734017065,0.509208397909336,-0.05587462156595824
2,0001,18,first,COT,-0.20284027173781627,0.48999438385922867,0.24859831753398087,0.6813009570946709,0.07251436105645886,-0.43304835500146766
2,0001,19,result,COT,-0.4595214582057542,-0.020690675698193935,-0.17491608960979318,-0.6112340285614671,-0.5375208342738312,-0.30867556112091615
2,0001,20,0,COT,-0.8015820416084558,-0.40541231707848835,-0.32560745029955585,-0.26980957175298087,0.03634521103337606,0.11388016801316157
2,0001,21,;,COT,-0.4891103498690749,-0.4705274811426885,-0.5285766274328325,-0.263209372966041,0.42516923302185666,-0.09966771466543087
2,0001,22,compute,COT,0.2979252450723062,0.44993553644330214,0.43183856858696085,-0.09665633642024841,-0.7137378786314974,0.05958024262517555
2,0001,23,C,COT,-0.34110374768995594,0.7187524022126883,0.2789225011227622,0.11757059428768134,-0.02203129117882107,-0.5243445752180671
2,0001,24,0,COT,-0.7674184530907656,-0.4754490784088453,-0.28286938379034215,-0.2214593788694597,0.21185472384138884,-0.10523936006490102
2,0001,25,xor,COT,-0.14510078088706468,-0.7288196600255301,-0.3185105349951305,-0.12110755302349034,0.32146843738692854,0.4778176535123193
2,0001,26,D,COT,-0.18024386463011188,0.6713910228338825,0.30868041261059054,0.32597491201926815,-0.05677474661048241,-0.5585513686968966
2,0001,27,1,COT,-0.6501016833887359,-0.6174807080390649,-0.21530240174104912,-0.1446431597552535,0.33180081605635386,-0.13680945530041702
2,0001,28,;,COT,-0.5002495291786575,-0.3842986881062844,-0.4218542747333752,-0.1604546005879985,0.50996578538788,-0.37187782489598226
2,0001,29,second,COT,-0.027707801848436034,0.21080232992239437,0.2688855687365411,0.853873558880664,-0.09298707177487789,0.3804583502414527
2,0001,30,result,COT,-0.45576654104326514,-0.02676691172271877,-0.17561934763750578,-0.6113790778813987,-0.5566746327607547,-0.2775737984883171
2,0001,31,1,COT,-0.6563575690206384,-0.6045291195197547,-0.24778305598253905,-0.1546390261795918,0.3406329886913247,-0.048977351984216995
2,0001,32,;,COT,-0.5137601885367146,-0.44543593827750305,-0.4496342568522797,-0.19859451237765838,0.4713950731230713,-0.27168590931299985
2,0001,33,combine,COT,-0.4566017529773968,-0.39553245144508886,-0.39462358829312827,-0.4219535599910161,0.5207061032102355,-0.1736706362197784
2,0001,34,0,COT,-0.7671071586461372,0.14755544403622448,-0.06852044461402687,-0.28350675744830883,-0.5340742865311376,0.13952606102954646
2,0001,35,xor,COT,-0.21924134077530455,0.7497793510115577,0.11872073702060772,-0.001276176427789045,-0.2178256793624255,-0.5729047832555076
2,0001,36,1,COT,-0.54327993491511,-0.6600837683048631,-0.33252572126961777,-0.1907044974288249,0.3135835736630945,0.15446719011592192
2,0001,37,;,COT,-0.4993295477669619,-0.3397895068082492,-0.29966049753451823,-0.05894477871709543,0.5135149586482552,-0.5274889385699818
2,0001,38,final,COT,-0.5518736630987284,-0.38128774682886424,-0.3321263334806321,-0.30816978475931095,0.47838004181311583,-0.34048661069291986
2,0001,39,result,COT,-0.3177214807391528,-0.32541409072971317,-0.4177876322581382,-0.627697851922192,-0.37335050620330335,-0.2919195621633072
2,0001,40,1,COT,-0.6590329910448429,-0.5982308507321957,-0.2647235033197997,-0.16333121612660942,0.33261415538128636,-0.02018836831963152
2,0001,41,;,COT,-0.49996717084025893,-0.43616812432850577,-0.464616981508012,-0.21810390183518535,0.47922587215035856,-0.25825279739456963
2,0001,42,answer,ANSWER,-0.6072512959690384,-0.4682746215721951,-0.2794975921959335,-0.2364915314894538,0.48328354034573573,-0.2106053500191313
2,0001,43,1,ANSWER,-0.7515909934731418,-0.48805065696419037,-0.30352899586567317,-0.20669968304978117,0.23865106220458035,-0.07147443578930684
3,1110,0,<Q>,PROMPT,-0.21610151849594555,0.42338443538426757,-0.08073238016867806,0.28736852834448734,0.3390659923300634,-0.7549712697399455
3,1110,1,A,PROMPT,-0.0063864510127638165,0.49012551886461597,0.4251341793129635,0.5554639092751886,0.05153516311838501,-0.5174950154698423
3,1110,2,1,PROMPT,-0.635230557267019,-0.5763993005789281,-0.33225654672875504,-0.2465679838706697,0.3045865496857781,0.016817718118212414
3,1110,3,B,PROMPT,-0.24546569632072338,0.6146869079852707,0.32238534807169944,0.3682375024037707,0.010232660472876486,-0.5676889279465107
3,1110,4,1,PROMPT,-0.6220456290350226,-0.6120211804233452,-0.2696253136698678,-0.19376995086021603,0.35173955787272215,-0.06726061188537477
3,1110,5,C,PROMPT,-0.05108456044523701,0.6635366414969417,0.4594843672553897,0.3591054138225787,-0.16134460044301294,-0.43702955391390785
3,1110,6,1,PROMPT,-0.619441831785893,-0.6491350485147139,-0.2381907226047021,-0.14495756634343698,0.3382811232183727,-0.0522864334458893
3,1110,7,D,PROMPT,-0.10491061058177448,0.6134985805965714,0.23422616360925871,0.3669761138557458,-0.003851835305163121,-0.6504345123825734
3,1110,8,0,PROMPT,-0.6719345572315143,-0.3651508002050564,-0.2841166395582835,-0.3670922297863102,-0.03303940780523941,-0.44564365966116637
3,1110,9,reason,PROMPT,-0.2369579919151808,0.4182195409886342,0.19074584559710167,0.16124567779555243,0.014000436070029574,-0.8404541434083893
3,1110,10,:,PROMPT,-0.1791829221564356,0.17531213683894634,-0.10376972994798568,0.24291517829329823,0.5155645611029126,-0.7756135492115004
3,1110,11,compute,COT,-0.17908155483033045,0.003168001122664281,-0.3845651219973829,-0.5783344597800916,-0.44715502629689663,0.5344259186452949
3,1110,12,A,COT,-0.10497577129491938,0.6010090711480023,0.2588218679411822,0.46667260871160776,0.305827982229801,-0.4994650599169495
3,1110,13,1,COT,-0.6337971645297711,-0.5886349905919442,-0.31794534123763574,-0.20530673480123263,0.32749145246603567,0.03632155389118754
3,1110,14,xor,COT,-0.0027146554316867643,0.7635028898685741,0.2189302007679657,0.07098090199602301,-0.26187698269310417,-0.543606192465931
3,1110,15,B,COT,-0.29818227972018074,0.6423319404626359,0.2918071981960565,0.37932208234777876,-0.005603880052116187,-0.5190654291850448
3,1110,16,1,COT,-0.6445736878009912,-0.6281268938783665,-0.21917354993257446,-0.13065276357196504,0.3440851372848967,-0.08049593071666325
3,1110,17,;,COT,-0.47521959069960984,-0.49302805835414243,-0.44395084009909824,-0.23051024088178818,0.5031709307745206,-0.1663771893567971
3,1110,18,first,COT,-0.2027369462538102,0.4868875810305296,0.25321965377365085,0.6846971814319079,0.06594512983004422,-0.42960334099675096
3,1110,19,result,COT,-0.4677607411020694,0.000689272311605814,-0.15726880618038883,-0.604816270637219,-0.5485842099765944,-0.29953059931626536
3,1110,20,0,COT,-0.800409720358235,-0.41077453173209066,-0.32445438397898896,-0.26791421554513545,0.04488528598436693,0.10744859498422495
3,1110,21,;,COT,-0.4893001455613731,-0.4701502649612624,-0.5269009818892518,-0.26154063490716395,0.428045835527494,-0.10145299490179423
3,1110,22,compute,COT,0.2953383747046679,0.44864060345196743,0.42911854864336146,-0.1022370597035714,-0.7166535203501829,0.05752773213097032
3,1110,23,C,COT,-0.3265502478076728,0.7199811422682829,0.2972131524436588,0.1321948204785319,-0.018439968301206523,-0.5184987265722153
3,1110,24,1,COT,-0.6547694356952606,-0.6020527557132818,-0.25138798646233207,-0.15685293442534592,0.33998121163431183,-0.07364426914290145
3,1110,25,xor,COT,-0.1272200902331039,-0.7434604757295719,-0.28041632669109356,-0.10956671283511744,0.29987611910632217,0.5005174342841129
3,1110,26,D,COT,-0.1984919024118796,0.675148482189054,0.2867560837581247,0.32275673280634093,-0.05661238951315373,-0.5613996516602237
3,1110,27,0,COT,-0.7027284520241986,-0.5255820774732867,-0.2129207052395447,-0.17358456347798387,0.31016436203693665,-0.24138650268648185
3,1110,28,;,COT,-0.47577088821181157,-0.4285377307807523,-0.5333484371415333,-0.27128402003293145,0.45208575840475584,-0.16601315414292156
3,1110,29,second,COT,-0.03231481034556656,0.24480508206505847,0.23078702302517398,0.8423592966218254,0.018436720339953583,0.4193500656593702
3,1110,30,result,COT,-0.4438947921952301,-0.05906689921541457,-0.2014155695798857,-0.6185902364099867,-0.5403814301077476,-0.2902314811022095
3,1110,31,1,COT,-0.6565109556909142,-0.6039195812506533,-0.24929018110056658,-0.1557702920616398,0.34012756918863113,-0.04666650657108846
3,1110,32,;,COT,-0.5139760726207752,-0.4441839892649923,-0.4489588297060869,-0.19739886248116512,0.47248109237107777,-0.2734235837046178
3,1110,33,combine,COT,-0.45691199180857217,-0.39586348641485125,-0.3945544563616511,-0.4218342803971971,0.5202637201201948,-0.1738729830613095
3,1110,34,0,COT,-0.7670100850711655,0.1475745208297318,-0.0684902414490955,-0.28358091955691184,-0.5341705980970951,0.13953498206217424
3,1110,35,xor,COT,-0.2192240675069871,0.7497852006982416,0.11869451285581502,-0.00124898578073364,-0.217775677972797,-0.5729282396387168
3,1110,36,1,COT,-0.5432893875528368,-0.6600796048979194,-0.33252415082067427,-0.19070340146361753,0.3135823954820244,0.15445886055911967
3,1110,37,;,COT,-0.49933325497053577,-0.33980126847375774,-0.2996723994444704,-0.058957637280987074,0.5135114011342893,-0.5274731171791524
3,1110,38,final,COT,-0.551873305588933,-0.38128815110659897,-0.33212637115199684,-0.30816960799885007,0.47838049178896824,-0.34048622846018495
3,1110,39,result,COT,-0.3177206454120284,-0.32541511024438713,-0.41778838627443404,-0.6276978352467256,-0.3733494253310583,-0.2919196739333365
3,1110,40,1,COT,-0.6590330930018787,-0.5982306658391899,-0.2647237447135861,-0.16333137843780188,0.33261403873912754,-0.020187962107305214
3,1110,41,;,COT,-0.4999672413334146,-0.4361679368855038,-0.4646168670701683,-0.21810370785007088,0.47922603733509417,-0.25825304068404326
3,1110,42,answer,ANSWER,-0.6072512900194831,-0.4682746739369071,-0.2794976045190638,-0.23649154696911434,0.4832835036713587,-0.21060530116393705
3,1110,43,1,ANSWER,-0.7515909959290129,-0.48805065715054063,-0.3035289853314268,-0.20669968668325456,0.2386510646992752,-0.07147443459015236
4,0100,0,<Q>,PROMPT,-0.2162943915572521,0.4265312131583553,-0.07684745207304962,0.28679381847449475,0.3371479385877451,-0.7546276583079047
4,0100,1,A,PROMPT,-0.021051602394590956,0.4931478855044042,0.41111308446346784,0.5598766654824875,0.05607902427506873,-0.5203280574086466
4,0100,2,0,PROMPT,-0.7475249829601474,-0.24363367614813367,-0.3105664188613347,-0.33348749413991596,-0.2988529148183906,0.2913255185002752
4,0100,3,B,PROMPT,-0.25993593608605525,0.6112817049506012,0.30476877857098367,0.34073924927451343,0.024926840365757753,-0.5908971099652827
4,0100,4,1,PROMPT,-0.6217511761232402,-0.6067716516455636,-0.2830494223037604,-0.21027107600647782,0.34300257676983154,-0.05720112941651098
4,0100,5,C,PROMPT,-0.05098742227184493,0.6614532095097497,0.4524335356963952,0.3610330159450632,-0.1478620866739817,-0.4505283508266825
4,0100,6,0,PROMPT,-0.6906536476209009,-0.5351689443963646,-0.20128015582023473,-0.14936654499121702,0.35184420149545614,-0.22354715825977187
4,0100,7,D,PROMPT,-0.06905496939530056,0.5961618123326567,0.2525885318770273,0.3538529302144232,-8.86470917563656e-05,-0.6714235877615738
4,0100,8,0,PROMPT,-0.6556772331096532,-0.35380793689535517,-0.2803793522326606,-0.35993482201018917,-0.04955524500279345,-0.48403091865119735
4,0100,9,reason,PROMPT,-0.2367884370009559,0.42454135470173154,0.20138263889211355,0.15865201329221373,-0.006706578648213012,-0.8354193363124136
4,0100,10,:,PROMPT,-0.1826703597159124,0.17495355330472173,-0.11477942854551448,0.24151919794797364,0.518214456185143,-0.771991406087775
4,0100,11,compute,COT,-0.17938954809154098,0.00824017152780861,-0.3915972877900263,-0.5854922281269322,-0.4461638924998402,0.5220533360074925
4,0100,12,A,COT,-0.10168466509675206,0.6000975150414857,0.24845751715865794,0.4685943801554676,0.30995788422764786,-0.5021528456400342
4,0100,13,0,COT,-0.7646553118063538,-0.2728248387809044,-0.31905587240699224,-0.32320955239584714,-0.24486381215738398,0.2732206260313152
4,0100,14,xor,COT,-0.07571696463609368,-0.7476769912288214,-0.29023435647161344,-0.09746863321291824,0.30515785827427616,0.49838601851364667
4,0100,15,B,COT,-0.26988815782277487,0.6313310059083357,0.2986377563963797,0.4059225333744234,0.0006632631126311393,-0.524045313576286
4,0100,16,1,COT,-0.6455893639805791,-0.6266594340408296,-0.22054401862398232,-0.1317467440702766,0.3434533800857928,-0.08096439851248105
4,0100,17,;,COT,-0.4725310622116345,-0.49187335569145246,-0.44366823250267695,-0.23083820544478179,0.5080229036046724,-0.1629722338131119
4,0100,18,first,COT,-0.2034447329394015,0.486129892060079,0.25098108258718504,0.6842537432264424,0.06655785896162769,-0.4320455197768881
4,0100,19,result,COT,-0.47485805249128205,0.02225221192098443,-0.1386879053673749,-0.5987847568872262,-0.5620350173458295,-0.2834674375483
4,0100,20,1,COT,-0.6611313183302406,-0.5932341276738372,-0.2694016496045956,-0.1715910886691721,0.3296577040835703,-0.016843316299920363
4,0100,21,;,COT,-0.5079642087856867,-0.4782439231097908,-0.47600251567886726,-0.22555723589588195,0.4446143881913355,-0.1952401004325981
4,0100,22,compute,COT,0.2944456234926687,0.45686832731107513,0.43085284027424364,-0.09490676954292808,-0.7129686242429377,0.04009217222438931
4,0100,23,C,COT,-0.35051582095879036,0.7174258097331406,0.2745278716788462,0.11245569590787349,-0.02362707574674716,-0.5233247483230171
4,0100,24,0,COT,-0.7657363895669542,-0.4778488225200152,-0.28105401584961226,-0.21964662329184573,0.2158968540796197,-0.10705528459174932
4,0100,25,xor,COT,-0.15022418855865347,-0.728316308648188,-0.31827760589812454,-0.12124018115224255,0.3213917185958999,0.47717459593410394
4,0100,26,D,COT,-0.1848910550868201,0.6745233695242231,0.2929800009150489,0.31931795859354895,-0.06037843686786668,-0.5651431026381109
4,0100,27,0,COT,-0.702993032567246,-0.5225713447104638,-0.2138078481183695,-0.17695763225140315,0.30631636785269595,-0.24872166995641062
4,0100,28,;,COT,-0.47454289401156713,-0.43215887522746443,-0.5404454372506126,-0.27836368998939154,0.44128088418234346,-0.1541146164742085
4,0100,29,second,COT,-0.03337736810363164,0.25393674300521313,0.21448030062956655,0.8344604317241382,0.053067894371596286,0.435040077425011
4,0100,30,result,COT,-0.44525924302173275,-0.057909522581906465,-0.19650588637028082,-0.6158976266178628,-0.5447672221623384,-0.2892661706869515
4,0100,31,0,COT,-0.7661034069561254,-0.48792373745774675,-0.3040931481601491,-0.23259949582745182,0.1658791389924923,0.030412814822952168
4,0100,32,;,COT,-0.49683512377428746,-0.44376419049778526,-0.5152845946805659,-0.24928054173688055,0.4489318194528831,-0.16440627267537555
4,0100,33,combine,COT,-0.487673003452628,-0.39115199565035047,-0.39870747086679237,-0.3807687254755839,0.5154907340368703,-0.1987259205515883
4,0100,34,1,COT,-0.6192534424570987,-0.5373906245812474,-0.28899035486777663,-0.21935449463493986,0.37296960603613905,-0.23874325973167013
4,0100,35,xor,COT,-0.2600755056148832,0.7427512545695207,0.14677237016753555,-0.02473343291905015,-0.27007559344419035,-0.5344030386251342
4,0100,36,0,COT,-0.6907771161828907,-0.5362451622312407,-0.19833788968823393,-0.14589056851653687,0.3490020761353012,-0.22987752418805346
4,0100,37,;,COT,-0.49541695663829166,-0.47005151315257554,-0.468709161403812,-0.22338158545166897,0.44854806584873164,-0.25066039970211257
4,0100,38,final,COT,-0.5512856256909078,-0.38654769364685987,-0.3297195348901648,-0.30225805896607694,0.4837773270048022,-0.33548417462056085
4,0100,39,result,COT,-0.31363244353379616,-0.33130124179530074,-0.41963479282249805,-0.6264223323479761,-0.37272893534976026,-0.2906011364215341
4,0100,40,1,COT,-0.6596851902855035,-0.5966939089385439,-0.2676671850278531,-0.16549119384706082,0.33090483770085516,-0.015516441542127111
4,0100,41,;,COT,-0.5003677130152345,-0.43368827732328563,-0.46305671839918017,-0.2155937984961629,0.48161514491377405,-0.26209019758344404
4,0100,42,answer,ANSWER,-0.6074225918688388,-0.46835993648699914,-0.2794053895617698,-0.236273255713777,0.48314546111885615,-0.21060580500008091
4,0100,43,1,ANSWER,-0.7517047931772616,-0.4879817782303207,-0.30366361339986525,-0.20682734619492166,0.23837527780671017,-0.07072321912201775
5,1011,0,<Q>,PROMPT,-0.21582836005875136,0.42317399492357,-0.08093134123118505,0.28748720857575055,0.33926608791315666,-0.755011015494955
5,1011,1,A,PROMPT,-0.0062609953984437495,0.48989878415640625,0.42518953080439625,0.5557017793421125,0.051324375836990614,-0.5174313336028137
5,1011,2,1,PROMPT,-0.6356304656016298,-0.5760298882052319,-0.33287298156372064,-0.24628685416253465,0.30385117876970263,0.01939855317251649
5,1011,3,B,PROMPT,-0.253487597658787,0.613727384240028,0.30256829088816306,0.367014314323528,0.019476659997421906,-0.5765902512296422
5,1011,4,0,PROMPT,-0.7521210373829985,-0.45535106064822906,-0.33033558331593005,-0.3348251574594694,0.036329585529082296,0.06648333802769973
5,1011,5,C,PROMPT,-0.03494325465501819,0.6488358717802776,0.45840564209705853,0.37451766524587615,-0.13505209461768242,-0.4573321527041142
5,1011,6,1,PROMPT,-0.6267501364764216,-0.6421856966587175,-0.23326694912202975,-0.1429704804043339,0.3384010853429339,-0.07356952529902684
5,1011,7,D,PROMPT,-0.0990294975586246,0.6080792473889326,0.26447382432201644,0.3792674787720593,-0.008661229820653187,-0.6376264944311548
5,1011,8,1,PROMPT,-0.6454248225573374,-0.5429084806475967,-0.26115219846213017,-0.23027940117499857,0.30481330994646794,-0.2730145651427909
5,1011,9,reason,PROMPT,-0.29415435788108135,0.4751364597335446,0.24515994524133444,0.20341118585895426,-0.06267040155845982,-0.7630933559248596
5,1011,10,:,PROMPT,-0.17794674327730173,0.17388026081686955,-0.08495231692284813,0.24845690253475958,0.5116556833245981,-0.7793339108553992
5,1011,11,compute,COT,-0.178346176213347,0.00033378591913466277,-0.37981364501425396,-0.5675274831543294,-0.44835498294740644,0.5484746942282448
5,1011,12,A,COT,-0.10603547019948453,0.601143494026978,0.25854143992314776,0.46558721681778226,0.3044914317673356,-0.501051707917681
5,1011,13,1,COT,-0.6339406116785674,-0.5885975039256283,-0.31792443657720104,-0.20514964700098526,0.3273891263875018,0.036418595837745975
5,1011,14,xor,COT,0.002395187483661079,-0.7636180997716426,-0.216912526218293,-0.07120627129698225,0.2601104287836301,0.5450714159755933
5,1011,15,B,COT,-0.3079492336687249,0.6415278208623044,0.2842231103332357,0.3763493151570177,-0.005331516945119518,-0.5207295996992272
5,1011,16,0,COT,-0.7002382304894683,-0.5518709305102064,-0.23413563091102427,-0.16417941041624187,0.3251786684657004,-0.13262487597326517
5,1011,17,;,COT,-0.4539768492027473,-0.481150665931053,-0.47805995476514673,-0.2536511925658988,0.5154309540866024,-0.06204627943131061
5,1011,18,first,COT,-0.20355589784734973,0.48913430632312943,0.24655407551150954,0.6811338288445469,0.07272356631885918,-0.4350766654090376
5,1011,19,result,COT,-0.46705636937240746,0.0018701471866443469,-0.15512673238953123,-0.6056114085080078,-0.5531817879918761,-0.2915737961397937
5,1011,20,1,COT,-0.6613140250417219,-0.5925615936810942,-0.2709287580585681,-0.17265127341134698,0.3288186353331766,-0.014211575604032925
5,1011,21,;,COT,-0.5090252255418171,-0.475563749024543,-0.47263893634964915,-0.22107757711203035,0.44917424756507923,-0.20177233815544385
5,1011,22,compute,COT,0.2913349311600638,0.4557785626441185,0.42698343007700656,-0.10148628626041979,-0.7164627789725853,0.03816582512726688
5,1011,23,C,COT,-0.3354589088737963,0.7188899264094399,0.292954982192988,0.1275066931659711,-0.01975846625748018,-0.5178741341113394
5,1011,24,1,COT,-0.6543106373086865,-0.602852606003127,-0.25025519232470295,-0.15603931030348633,0.34046780248180764,-0.07451223502006583
5,1011,25,xor,COT,-0.12200412664882232,-0.7440286437419102,-0.2806305481569153,-0.10893921371109513,0.30000415948097303,0.5009117864689394
5,1011,26,D,COT,-0.19302876435396105,0.6723832266959857,0.30270681020347545,0.32913995580000405,-0.05405488882878678,-0.5547560167641218
5,1011,27,1,COT,-0.6489944181945374,-0.6198254837309093,-0.21443438708974527,-0.142645907466637,0.332726632042832,-0.13261086650790543
5,1011,28,;,COT,-0.5035767716385663,-0.39139514286672894,-0.42660769957042455,-0.16552845056918863,0.5002796499056312,-0.3654404901158392
5,1011,29,second,COT,-0.02814504213501842,0.21392373888970956,0.2633318265056249,0.8537020531521138,-0.08721861492930781,0.38430008762106055
5,1011,30,result,COT,-0.45797762900529226,-0.022127689637863743,-0.16869675457655336,-0.6078529435163044,-0.5617068019703279,-0.276239985078465
5,1011,31,0,COT,-0.7639490454384997,-0.49185146348400455,-0.30140292069355,-0.22980011155066354,0.1740524326235438,0.022758134123314677
5,1011,32,;,COT,-0.4963211416343732,-0.4447537119112443,-0.5162523037768757,-0.25078293255560685,0.44741442304336404,-0.16208415636506388
5,1011,33,combine,COT,-0.48746989150785525,-0.39095969439866557,-0.39877540329333816,-0.38088263569126846,0.5157475526572539,-0.1985816701364534
5,1011,34,1,COT,-0.619154313887188,-0.5374288746437798,-0.28891816111651103,-0.21929243863541714,0.37302450927268227,-0.23897275641852148
5,1011,35,xor,COT,-0.26001977423344735,0.7427546994184219,0.1468155883494852,-0.024736817427548324,-0.2701427154392287,-0.5343794154677993
5,1011,36,0,COT,-0.6907763296651438,-0.5362456206693662,-0.1983384103395208,-0.14589048964346318,0.3490045993368414,-0.22987458829673185
5,1011,37,;,COT,-0.4954196618996931,-0.47004403212712864,-0.46870234662227667,-0.22337190381382693,0.44855522567015294,-0.25067763930239295
5,1011,38,final,COT,-0.5512859086634987,-0.38654758416935786,-0.32971943465133763,-0.30225804033117604,0.4837770206326763,-0.33548439286801873
5,1011,39,result,COT,-0.3136328077207659,-0.3313008540167456,-0.4196345656333947,-0.6264222556726889,-0.3727291303593047,-0.29060142868570593
5,1011,40,1,COT,-0.6596851496027492,-0.5966939971584528,-0.26766702611007087,-0.16549109097098585,0.3309049295511135,-0.01551665846965276
5,1011,41,;,COT,-0.5003677188768834,-0.43368839132518167,-0.4630567960475676,-0.2155938817991746,0.48161502982573096,-0.26209000352284584
5,1011,42,answer,ANSWER,-0.6074225638442111,-0.46835993849385177,-0.2794053997788803,-0.23627326360440173,0.48314550040739435,-0.21060576882692095
5,1011,43,1,ANSWER,-0.7517048109394678,-0.48798176641778523,-0.30366361118134294,-0.20682733761060718,0.23837526242823814,-0.07072319829956317
6,0110,0,<Q>,PROMPT,-0.21629898559040353,0.4265346823751549,-0.07684440265012037,0.28679170996785824,0.3371438313875184,-0.754627327490922
6,0110,1,A,PROMPT,-0.021054434722898824,0.49315311052356886,0.41110955291952506,0.5598712126628959,0.05608250891374335,-0.5203312726360526
6,0110,2,0,PROMPT,-0.7475173218429896,-0.24362659109019133,-0.3105465297186429,-0.33350015597565263,-0.2989016106321433,0.2913078503300104
6,0110,3,B,PROMPT,-0.2600699138111619,0.6115342941770248,0.3049449012772791,0.3403357610996429,0.024591902945161965,-0.5907324793736296
6,0110,4,1,PROMPT,-0.6207124335966961,-0.6080941451578729,-0.28348426511920927,-0.20830463586232922,0.343834542920997,-0.05441730060905623
6,0110,5,C,PROMPT,-0.052543097790561676,0.6632972420664341,0.45943832987796374,0.3587525804917998,-0.16069972094131676,-0.437795155592704
6,0110,6,1,PROMPT,-0.6199475590429676,-0.6487113119466424,-0.23765004942060453,-0.14473351108825272,0.33840318591356505,-0.053820129423217795
6,0110,7,D,PROMPT,-0.10451241986756618,0.613294706539244,0.23437132731386506,0.36713045584513565,-0.003718254165178471,-0.6505522584192693
6,0110,8,0,PROMPT,-0.6721766342508746,-0.3647666616464864,-0.28416764626257857,-0.36736602119559714,-0.0340752517386422,-0.4452568780219954
6,0110,9,reason,PROMPT,-0.23706044027144532,0.41830220072048707,0.19078740525022767,0.1611548505357241,0.013856203986648606,-0.840394492062198
6,0110,10,:,PROMPT,-0.17928467511389934,0.1753253575479343,-0.10388898147843098,0.24305264278610295,0.5155766808766294,-0.7755199563958981
6,0110,11,compute,COT,-0.17711840953535724,0.010272191152243874,-0.3878989443232189,-0.5831068910729938,-0.4478486397373016,0.5267598215070747
6,0110,12,A,COT,-0.10160297736463461,0.5999411269878298,0.24839961256540669,0.46840770905832657,0.3095780037848365,-0.5027929884991401
6,0110,13,0,COT,-0.7644794884969512,-0.27237422276766116,-0.3188723391579698,-0.32334089889456147,-0.24568948933734736,0.27347973177236995
6,0110,14,xor,COT,-0.07548298947448259,-0.7477259075052668,-0.29008118098241004,-0.09741391687837979,0.3050635161062977,0.49850574111493
6,0110,15,B,COT,-0.26993056822997336,0.6313519233579135,0.298631174780766,0.40587957858307666,0.0006486941364105248,-0.5240353094415561
6,0110,16,1,COT,-0.645587755846181,-0.6266608497078495,-0.22054208527594368,-0.13174563869121025,0.34345542450313676,-0.08096465668599773
6,0110,17,;,COT,-0.4725356049410564,-0.49186590176248746,-0.4436599434145338,-0.23082632174833906,0.5080314535901502,-0.1629943026826042
6,0110,18,first,COT,-0.20344524000135408,0.48612916272230716,0.2509792178530492,0.6842534895591819,0.06655649488763635,-0.4320477967678189
6,0110,19,result,COT,-0.4748844322214357,0.022335625046839145,-0.13860488282031203,-0.598748353503162,-0.5620971153418992,-0.2834110520911772
6,0110,20,1,COT,-0.6611190955720164,-0.5932519347840169,-0.26941284665371573,-0.17158723077334054,0.32964564435453236,-0.0167920456354279
6,0110,21,;,COT,-0.5085033935459002,-0.4766448602014559,-0.47340657816983744,-0.222404996846678,0.4481559691894576,-0.19953052999190424
6,0110,22,compute,COT,0.2914238675930803,0.45562507446431033,0.42723943217089955,-0.10139460072294769,-0.7163794996127689,0.038261416512758974
6,0110,23,C,COT,-0.33576467909015606,0.7188525064232969,0.2928046160103189,0.12737748971373644,-0.019747123591834854,-0.5178451866644637
6,0110,24,1,COT,-0.6543855058014838,-0.6028206680595186,-0.2502856211649709,-0.15604183973794028,0.34039085705401323,-0.0743570338334574
6,0110,25,xor,COT,-0.12687419320856225,-0.743613602781356,-0.27993618748705773,-0.10940005951331486,0.29959208999516707,0.5008529588434418
6,0110,26,D,COT,-0.19850492529494523,0.6751419392239478,0.28676824507827287,0.3227792710009677,-0.05662391726289663,-0.5613825828748089
6,0110,27,0,COT,-0.702718260774755,-0.5256146716767311,-0.21291085577682697,-0.17355051752718634,0.31021093397158594,-0.24131851295490625
6,0110,28,;,COT,-0.475789957620555,-0.42853572452711614,-0.5333271132448681,-0.27125882283105013,0.45208793992105273,-0.16606741078127707
6,0110,29,second,COT,-0.03231062951868925,0.2447764554643195,0.23082733608972858,0.8423796283671058,0.018327880389603257,0.4193088378470822
6,0110,30,result,COT,-0.44393756275402135,-0.05895062801413856,-0.2013064665649949,-0.6185635359574115,-0.5404653563176557,-0.29016602309051986
6,0110,31,1,COT,-0.6565467737051035,-0.6038880058836753,-0.24923708238844453,-0.1556170897983881,0.3402050026593953,-0.04680133094213884
6,0110,32,;,COT,-0.5129702190659279,-0.4417478504378604,-0.45017645308003235,-0.19823504645588186,0.4727312166389567,-0.2762057480374949
6,0110,33,combine,COT,-0.47562048976144866,-0.3924601258747569,-0.39899127031323367,-0.40225404934405273,0.5107046354009926,-0.1947783886819428
6,0110,34,1,COT,-0.6093337036862483,-0.5434975841944162,-0.28759917049238276,-0.21860453776054126,0.3787788364159348,-0.24361481854110725
6,0110,35,xor,COT,-0.285619964581683,0.7333684926330607,0.13563716420888458,-0.04754977308585727,-0.2689020910009229,-0.5363069401617491
6,0110,36,1,COT,-0.5298393101816149,-0.6650936947298527,-0.33481988761854253,-0.19083553618117563,0.3146808167113737,0.17138876041408652
6,0110,37,;,COT,-0.5033827268659756,-0.3477908252630027,-0.3095543290012897,-0.06625928899970594,0.5075897619761555,-0.5174802698757299
6,0110,38,final,COT,-0.5496474141778864,-0.3799149696603497,-0.33389251605964304,-0.3137640999429672,0.47740172439325934,-0.3401585024194192
6,0110,39,result,COT,-0.33134587766002627,-0.31159249510811854,-0.4022082977306264,-0.6266539845170627,-0.391122781144987,-0.29270508254032124
6,0110,40,0,COT,-0.7848165438516451,-0.4495125913473908,-0.32301398315415863,-0.2444285160341438,0.10619667042412358,0.08148838655890421
6,0110,41,;,COT,-0.485752168600319,-0.4371392441587049,-0.5215958575761409,-0.26190449750409456,0.4565439572912656,-0.15448469996673453
6,0110,42,answer,ANSWER,-0.601247235430336,-0.4713198887966357,-0.2914252049456385,-0.2577569798125777,0.48048638602884747,-0.1847291163659192
6,0110,43,0,ANSWER,-0.8128755446178031,-0.028677506158140888,-0.18016830714580231,-0.2914434316521578,-0.4394706046354706,0.1669630034205894
7,1001,0,<Q>,PROMPT,-0.2158259470175724,0.42317227006450414,-0.08093292497988977,0.2874884292618437,0.3392678727845858,-0.7550112354352098
7,1001,1,A,PROMPT,-0.006258210437414069,0.4898970234232766,0.4251913040196605,0.5557030574384563,0.05132211959516229,-0.5174304283891772
7,1001,2,1,PROMPT,-0.6356227705507048,-0.5760306050161658,-0.332890618828705,-0.24626324693843113,0.3038619474885079,0.019457687782237457
7,1001,3,B,PROMPT,-0.25321238244826905,0.6134738056393045,0.30274747901506655,0.3675788261582332,0.019541426113472187,-0.57652517928093
7,1001,4,0,PROMPT,-0.7521258640170531,-0.4548921332033166,-0.32997669241038813,-0.336219980678171,0.035616128167400264,0.06467480420822119
7,1001,5,C,PROMPT,-0.03444094856076876,0.647526095915608,0.4507213751985622,0.37472237745864384,-0.12379885353985834,-0.46971374453341314
7,1001,6,0,PROMPT,-0.691018437414291,-0.5328121682075981,-0.20235317822842047,-0.15227572100131426,0.3480550154126397,-0.23092794301237013
7,1001,7,D,PROMPT,-0.07544625788368417,0.5891048768790597,0.267226864556995,0.3641085222044351,0.005727685716814529,-0.6657666909226728
7,1001,8,1,PROMPT,-0.6401090407458823,-0.5298119021837674,-0.2581559037375272,-0.2276749784322397,0.3092322754304575,-0.3089575984714497
7,1001,9,reason,PROMPT,-0.291136310727158,0.47619561860555804,0.25024362515016013,0.19890124250603403,-0.0811685560345596,-0.7613839180791622
7,1001,10,:,PROMPT,-0.18282011813490387,0.17287150780453225,-0.09893328365243803,0.24660046424941545,0.5146518358151455,-0.7753877420390048
7,1001,11,compute,COT,-0.18183401693614634,-0.001976611358118746,-0.3855863728505677,-0.5715983339241755,-0.44601383199020256,0.5409275725019651
7,1001,12,A,COT,-0.10607310518585551,0.6012862664943767,0.2585564920661453,0.4659143030910304,0.3051785659459678,-0.5001417474619527
7,1001,13,1,COT,-0.6338892592815742,-0.5887566920827646,-0.3177259522629183,-0.20496242200269055,0.32752666976207084,0.03628870230798889
7,1001,14,xor,COT,0.002028666693121215,-0.7636052949309752,-0.21709717724464567,-0.07131903106307756,0.2601992627418297,0.5449601757688959
7,1001,15,B,COT,-0.30785201803744805,0.6414908306897158,0.2842453178092224,0.37645762889783424,-0.005298453597491845,-0.5207425740890776
7,1001,16,0,COT,-0.7002439290750438,-0.55186217696305,-0.23413356991740558,-0.16417895338086483,0.3251760375549379,-0.13264186645141074
7,1001,17,;,COT,-0.45397110875265295,-0.48115733201500577,-0.47806787697912617,-0.2536636877788116,0.5154188820012451,-0.06202474381890261
7,1001,18,first,COT,-0.2035554043816875,0.48913485312344895,0.24655610404923634,0.6811341966606925,0.07272465076582905,-0.43507437487555306
7,1001,19,result,COT,-0.46702909287088473,0.0017888560549877029,-0.15520750572491737,-0.605643959488592,-0.5531179278576972,-0.29162854591114923
7,1001,20,1,COT,-0.6613264134324233,-0.5925437632064289,-0.2709175915599146,-0.17265518624024218,0.3288307706319234,-0.014262998110812967
7,1001,21,;,COT,-0.5085072900557545,-0.47716718560433763,-0.4752353126625859,-0.22421993768191387,0.4456418981810717,-0.19751437586305756
7,1001,22,compute,COT,0.2943810755602161,0.45702958325802023,0.4306389858704323,-0.09494005424361704,-0.7130215334462066,0.04000606416201574
7,1001,23,C,COT,-0.35018004012245674,0.7174682543573115,0.27467499740174606,0.11260829079413101,-0.02362270573418249,-0.5233815337876165
7,1001,24,0,COT,-0.7655697265972597,-0.47798952757779045,-0.28091391281155825,-0.21957156892718718,0.216181087466821,-0.10756599078321546
7,1001,25,xor,COT,-0.14490562728209683,-0.7289093294476932,-0.31837274263726373,-0.12094513884988504,0.32139517501457426,0.47792233703569004
7,1001,26,D,COT,-0.18031455165647678,0.671384589523283,0.3086781711800023,0.32595182239163545,-0.05679864778134905,-0.5585485700799248
7,1001,27,1,COT,-0.6500829343477347,-0.6175086785219375,-0.21529164773236134,-0.14462142624494434,0.3318192351929356,-0.13676752196141767
7,1001,28,;,COT,-0.5002583029372214,-0.38425283053404086,-0.4217776249247895,-0.1603713973440719,0.5099941189437286,-0.37199736724669535
7,1001,29,second,COT,-0.027704251748503567,0.2107749255755397,0.2689196856436126,0.8538780204576963,-0.09308347045397404,0.3804160900441927
7,1001,30,result,COT,-0.4558051541109364,-0.0266521391365284,-0.17550833418291192,-0.6113456266258445,-0.556755298771173,-0.27750353456013255
7,1001,31,1,COT,-0.656393956330161,-0.6044963826348816,-0.2477293240256709,-0.15448802401832962,0.34070890904407947,-0.049113839447463586
7,1001,32,;,COT,-0.5127618797088588,-0.4429800421040828,-0.45083617106521123,-0.19940628513211522,0.4716669730847102,-0.2745142688915807
7,1001,33,combine,COT,-0.475308837958709,-0.392182936257554,-0.399083170467092,-0.40242630569537213,0.51107448852595,-0.19458317444988057
7,1001,34,1,COT,-0.6092512851163422,-0.5435167172092652,-0.28752538348173556,-0.21854467593456106,0.3788152789611639,-0.24386228203242766
7,1001,35,xor,COT,-0.28556485608264764,0.7333712833014877,0.13568763697895017,-0.047559825355729494,-0.26898308795836084,-0.5362781930815501
7,1001,36,1,COT,-0.5298370184225996,-0.6650970899623361,-0.3348170718907268,-0.19083456215485192,0.31468259115646946,0.17138599684168365
7,1001,37,;,COT,-0.5033799460903041,-0.34778092493710455,-0.3095451216961556,-0.06624869046480616,0.5075931758855601,-0.5174931444610986
7,1001,38,final,COT,-0.549647971584554,-0.3799147415857418,-0.3338923916731915,-0.3137638951853983,0.47740122641821847,-0.3401588663169725
7,1001,39,result,COT,-0.33134641706909956,-0.3115919358875834,-0.40220785871592674,-0.6266539613823207,-0.3911234293436108,-0.29270485386270323
7,1001,40,0,COT,-0.7848162596774737,-0.44951331099297853,-0.3230137097205504,-0.24442822586993243,0.10619789113515887,0.08148751705064738
7,1001,41,;,COT,-0.485752159203075,-0.43713942127896066,-0.5215959066052149,-0.2619046316190513,0.4565437763315393,-0.15448437019826736
7,1001,42,answer,ANSWER,-0.6012472307159966,-0.4713198857476096,-0.2914252023957403,-0.25775698504303063,0.48048639466840803,-0.1847291137419583
7,1001,43,0,ANSWER,-0.8128755467179942,-0.028677511206937654,-0.18016830537297954,-0.29144343537335227,-0.43947060504808166,0.1669629866598541
