pair_id,representation,base_margin,mean_wrong_relative_piece_penalty,median_wrong_relative_piece_penalty,fraction_hurts,penalty_sd
0,0,-6.149631500244141,-0.003105834126472473,-0.00411224365234375,0.34375,0.010892946273088455
10,0,-5.65933895111084,-2.049225330352783,-0.13639163970947266,0.40625,3.9445912837982178
15,0,0.792195737361908,-1.726325273513794,-2.450279712677002,0.21875,2.681903839111328
20,0,5.594887733459473,2.5071322917938232,0.914722204208374,0.90625,3.3155665397644043
25,0,-5.6678972244262695,-2.0254147052764893,0.022171497344970703,0.53125,3.902540445327759
30,0,3.5201518535614014,1.0440382957458496,1.0278583765029907,0.90625,0.9020038843154907
35,0,-1.387434959411621,-0.6402405500411987,0.5769215226173401,0.53125,4.259384632110596
40,0,3.4772067070007324,-0.19240914285182953,0.010319709777832031,0.53125,0.5298376083374023
45,0,6.328303337097168,0.7024785876274109,0.35988950729370117,0.96875,1.1427738666534424
50,0,2.8624136447906494,0.44883763790130615,0.4133617877960205,0.90625,0.49385184049606323
55,0,-5.879185676574707,0.0631973147392273,0.06930255889892578,0.84375,0.05688898265361786
60,0,6.497684478759766,0.017676904797554016,0.013964653015136719,0.9375,0.012272144667804241
65,0,6.382839679718018,-0.006610676646232605,0.0001590251922607422,0.5,0.059320833534002304
0,1,-6.149631500244141,-0.005412295460700989,-0.005224704742431641,0.15625,0.009717505425214767
10,1,-5.65933895111084,-1.6111886501312256,-0.0606231689453125,0.4375,3.563004493713379
15,1,0.792195737361908,-2.078711986541748,-2.9696006774902344,0.21875,2.5905444622039795
20,1,5.594887733459473,2.3678081035614014,1.6157093048095703,0.90625,2.5671353340148926
25,1,-5.6678972244262695,-0.8440019488334656,-0.034613609313964844,0.46875,2.283827543258667
30,1,3.5201518535614014,0.37882673740386963,0.458587646484375,0.6875,0.6451436877250671
35,1,-1.387434959411621,-1.7644423246383667,-1.4210329055786133,0.46875,4.118575572967529
40,1,3.4772067070007324,-0.010083012282848358,0.03109884262084961,0.59375,0.41226768493652344
45,1,6.328303337097168,0.17775525152683258,0.16686129570007324,0.875,0.13887038826942444
50,1,2.8624136447906494,0.41483795642852783,0.41246771812438965,0.84375,0.5233191251754761
55,1,-5.879185676574707,0.06162524223327637,0.06667280197143555,0.875,0.04181653633713722
60,1,6.497684478759766,0.014220446348190308,0.010889291763305664,0.875,0.013565706089138985
65,1,6.382839679718018,0.006185203790664673,0.00897359848022461,0.625,0.04474340379238129
0,2,-6.149631500244141,-0.006001636385917664,-0.007771015167236328,0.1875,0.010736821219325066
10,2,-5.65933895111084,-1.5837739706039429,-0.2204287052154541,0.375,3.117055892944336
15,2,0.792195737361908,-1.78262197971344,-2.643035888671875,0.25,2.3228108882904053
20,2,5.594887733459473,1.6905325651168823,1.2195193767547607,0.96875,1.9428737163543701
25,2,-5.6678972244262695,-0.2191944122314453,0.08730792999267578,0.65625,1.164764165878296
30,2,3.5201518535614014,0.10665690898895264,0.018473029136657715,0.5,0.6609768271446228
35,2,-1.387434959411621,-1.643660306930542,-1.3971705436706543,0.4375,3.7086801528930664
40,2,3.4772067070007324,0.0850277915596962,0.17927908897399902,0.71875,0.502240777015686
45,2,6.328303337097168,0.056288450956344604,0.052034854888916016,0.8125,0.06362706422805786
50,2,2.8624136447906494,0.40394189953804016,0.38997673988342285,0.90625,0.3760848641395569
55,2,-5.879185676574707,0.05127158761024475,0.044249534606933594,0.875,0.04662511870265007
60,2,6.497684478759766,0.008806377649307251,0.006717205047607422,0.8125,0.011303288862109184
65,2,6.382839679718018,0.006488963961601257,0.00931406021118164,0.71875,0.033951535820961
0,3,-6.149631500244141,-0.00451834499835968,-0.005686759948730469,0.28125,0.006894100457429886
10,3,-5.65933895111084,-0.614709734916687,0.03921318054199219,0.53125,1.6535667181015015
15,3,0.792195737361908,-1.6777262687683105,-2.2744030952453613,0.1875,1.98069167137146
20,3,5.594887733459473,1.769407868385315,1.0959091186523438,0.96875,1.618904948234558
25,3,-5.6678972244262695,0.014904499053955078,0.13135409355163574,0.625,0.29857775568962097
30,3,3.5201518535614014,-0.02148614078760147,-0.02687215805053711,0.46875,0.48160335421562195
35,3,-1.387434959411621,-1.1601759195327759,-0.33280616998672485,0.4375,2.966475486755371
40,3,3.4772067070007324,0.12726391851902008,0.18112659454345703,0.71875,0.463578462600708
45,3,6.328303337097168,0.020750492811203003,0.013093948364257812,0.65625,0.046968769282102585
50,3,2.8624136447906494,0.34879493713378906,0.3359549045562744,0.90625,0.28998538851737976
55,3,-5.879185676574707,0.03819821774959564,0.04554319381713867,0.71875,0.04494555667042732
60,3,6.497684478759766,0.005619838833808899,0.005171537399291992,0.875,0.007449108175933361
65,3,6.382839679718018,0.001984134316444397,0.0034863948822021484,0.65625,0.015509229153394699
0,4,-6.149631500244141,-0.002399042248725891,-0.0028276443481445312,0.28125,0.005955362226814032
10,4,-5.65933895111084,-0.30350205302238464,-0.15788578987121582,0.375,0.632308840751648
15,4,0.792195737361908,-1.9542454481124878,-2.1410934925079346,0.0625,1.6399905681610107
20,4,5.594887733459473,1.987440586090088,1.102687120437622,1.0,2.1229381561279297
25,4,-5.6678972244262695,-0.008310362696647644,0.029340028762817383,0.5625,0.16803202033042908
30,4,3.5201518535614014,0.14029227197170258,0.19333767890930176,0.65625,0.38213539123535156
35,4,-1.387434959411621,-0.9143538475036621,-0.3475381135940552,0.3125,1.9417678117752075
40,4,3.4772067070007324,0.16212433576583862,0.11578583717346191,0.78125,0.23174899816513062
45,4,6.328303337097168,0.01245531439781189,0.010159730911254883,0.59375,0.040407564491033554
50,4,2.8624136447906494,0.1802607625722885,0.17952167987823486,0.90625,0.1725887805223465
55,4,-5.879185676574707,0.020135655999183655,0.016756534576416016,0.65625,0.027247119694948196
60,4,6.497684478759766,0.0033937394618988037,0.002052783966064453,0.78125,0.007651058491319418
65,4,6.382839679718018,0.0022342950105667114,0.0017337799072265625,0.53125,0.011973281390964985
0,5,-6.149631500244141,-0.0005570054054260254,-0.0012569427490234375,0.40625,0.006310088559985161
10,5,-5.65933895111084,-0.0326358824968338,-0.013405799865722656,0.5,0.16447703540325165
15,5,0.792195737361908,-1.4162416458129883,-1.50766122341156,0.0625,1.2230440378189087
20,5,5.594887733459473,1.388720989227295,0.841895341873169,0.96875,1.3721481561660767
25,5,-5.6678972244262695,-0.024447008967399597,-0.03148317337036133,0.4375,0.12180657684803009
30,5,3.5201518535614014,0.10472247749567032,0.11726129055023193,0.78125,0.18268078565597534
35,5,-1.387434959411621,-0.39947509765625,-0.0817943811416626,0.375,1.0425313711166382
40,5,3.4772067070007324,0.06447707861661911,0.054441213607788086,0.875,0.1888463795185089
45,5,6.328303337097168,0.0016590356826782227,-0.002343416213989258,0.375,0.03302459791302681
50,5,2.8624136447906494,0.07035069167613983,0.06156778335571289,0.8125,0.09568970650434494
55,5,-5.879185676574707,0.016395479440689087,0.016086578369140625,0.8125,0.01628238894045353
60,5,6.497684478759766,0.0023183971643447876,0.002027273178100586,0.84375,0.005328435450792313
65,5,6.382839679718018,-0.0027504563331604004,0.000476837158203125,0.53125,0.011409003287553787
0,6,-6.149631500244141,-0.0014333128929138184,-0.0016667842864990234,0.34375,0.0034491154365241528
10,6,-5.65933895111084,0.007112860679626465,-0.004054546356201172,0.4375,0.0763881579041481
15,6,0.792195737361908,-0.896073579788208,-0.9419664740562439,0.0625,0.588241696357727
20,6,5.594887733459473,1.5222748517990112,0.8032424449920654,0.9375,1.8876359462738037
25,6,-5.6678972244262695,-0.017913028597831726,-0.008645057678222656,0.40625,0.06346464157104492
30,6,3.5201518535614014,0.059452369809150696,0.08629512786865234,0.6875,0.10558310151100159
35,6,-1.387434959411621,-0.07812471687793732,-8.618831634521484e-05,0.5,0.6632251739501953
40,6,3.4772067070007324,0.06698288023471832,0.060506224632263184,0.9375,0.10062070935964584
45,6,6.328303337097168,-0.007527366280555725,-0.010567665100097656,0.3125,0.01746153086423874
50,6,2.8624136447906494,0.02122778445482254,0.014721989631652832,0.6875,0.04224569350481033
55,6,-5.879185676574707,0.019483298063278198,0.018360137939453125,1.0,0.010974809527397156
60,6,6.497684478759766,0.0011829584836959839,0.002107381820678711,0.78125,0.0035933798644691706
65,6,6.382839679718018,-0.0011223256587982178,1.430511474609375e-06,0.5,0.007047752849757671
0,7,-6.149631500244141,-0.0007509291172027588,-0.0005869865417480469,0.28125,0.001355496933683753
10,7,-5.65933895111084,0.0038754642009735107,0.0032715797424316406,0.53125,0.030633866786956787
15,7,0.792195737361908,-0.21199610829353333,-0.24609512090682983,0.1875,0.21941639482975006
20,7,5.594887733459473,1.525639533996582,0.605241060256958,0.90625,1.946657419204712
25,7,-5.6678972244262695,-0.001124545931816101,-0.0058896541595458984,0.40625,0.017646189779043198
30,7,3.5201518535614014,0.01934713125228882,0.026387691497802734,0.75,0.03608691692352295
35,7,-1.387434959411621,0.007962256669998169,0.013012051582336426,0.5625,0.1627366691827774
40,7,3.4772067070007324,0.03309670835733414,0.02271091938018799,0.96875,0.029075907543301582
45,7,6.328303337097168,-0.00797608494758606,-0.009720563888549805,0.125,0.009000232443213463
50,7,2.8624136447906494,0.0019837841391563416,-0.00028526782989501953,0.46875,0.018326543271541595
55,7,-5.879185676574707,0.015736684203147888,0.0145263671875,1.0,0.007081017829477787
60,7,6.497684478759766,0.001364186406135559,0.0016908645629882812,0.875,0.002068186877295375
65,7,6.382839679718018,-0.0006064772605895996,-0.0005586147308349609,0.375,0.0031049035023897886
0,8,-6.149631500244141,0.0,0.0,0.0,0.0
10,8,-5.65933895111084,0.0,0.0,0.0,0.0
15,8,0.792195737361908,0.0,0.0,0.0,0.0
20,8,5.594887733459473,1.2833442687988281,0.9601209163665771,0.96875,1.2136955261230469
25,8,-5.6678972244262695,0.0,0.0,0.0,0.0
30,8,3.5201518535614014,0.0,0.0,0.0,0.0
35,8,-1.387434959411621,0.0,0.0,0.0,0.0
40,8,3.4772067070007324,0.0,0.0,0.0,0.0
45,8,6.328303337097168,0.0,0.0,0.0,0.0
50,8,2.8624136447906494,0.0,0.0,0.0,0.0
55,8,-5.879185676574707,0.0,0.0,0.0,0.0
60,8,6.497684478759766,0.0,0.0,0.0,0.0
65,8,6.382839679718018,0.0,0.0,0.0,0.0
