kind,transition,n_train,n_test,translation_R2,rigid_R2,affine_R2,translation_fraction,rotation_fraction,deformation_fraction,axial_translation_fraction_10deg,axis_dim_10deg,pivot_offset_over_radius
shared,0,3477,891,0.10245754367058402,0.4928035356819569,0.7548489650339086,0.1050167,0.3979771438495829,0.4970061603402487,0.93300169719863,20,0.12428958570430497
shared,1,3477,891,0.10206648493534054,0.4603503989904294,0.7579983370956005,0.106418796,0.3649469587082168,0.5286342514063864,0.8834402069914328,20,0.18415217584365215
shared,2,3477,891,0.13372128772132308,0.427838239885312,0.7746743430033752,0.14027515,0.29869192670380074,0.5610328759163785,0.7941621568792984,20,0.30043349839877415
shared,3,3477,891,0.17230163247111252,0.41420505297987964,0.7944243640782818,0.17990506,0.24488285167972956,0.575211883214981,0.8970234960654289,22,0.25123707019940617
shared,4,3477,891,0.21913701617094927,0.4126265118503397,0.8210586437070657,0.22671774,0.1965486946626571,0.5767337406246212,0.8502926020798078,22,0.3574224807201523
shared,5,3477,891,0.24624498161980746,0.3798645295307679,0.8506652217480641,0.25129882,0.13737302807549204,0.6113283867947343,1.0000000124891404,24,4.0676079699342506e-16
shared,6,3477,891,0.25077095200389476,0.3393707262366953,0.8885172390771388,0.25302815,0.09148460865794462,0.6554871913577144,0.5320818966733373,22,0.883968575087797
shared,7,3477,891,0.2767711115332937,0.38510212881277306,0.9226936129961978,0.27799135,0.11001190266216652,0.6119964681816633,0.5260169190318608,22,0.9328727330520029
delta,0,945,216,0.11381558762393262,0.5166410311246539,0.799112514751675,0.121769555,0.42705125709885977,0.4511791633194698,0.9345857154773164,20,0.1349490182367958
delta,1,945,216,0.11420422342520187,0.49140688391723664,0.7899455549307881,0.12659176,0.4003198775393521,0.47308849278398735,0.8613733973204255,20,0.18045135735824216
delta,2,945,216,0.1425818188870689,0.45831419449369315,0.7923317820230464,0.16352321,0.33539615598669664,0.501080488351704,0.8042147513615793,20,0.25914160790284674
delta,3,945,216,0.18860904900964293,0.44495107787801624,0.7935759610333393,0.21891591,0.270390839538893,0.5106936451618274,0.9326053347446981,22,0.17464033004688376
delta,4,945,216,0.2653162903964277,0.4637196444973666,0.8107947046083023,0.29666758,0.2058802136387949,0.4974519043688435,0.9999999888865826,24,4.547644711713363e-16
delta,5,945,216,0.35795199909184117,0.4839506486367875,0.8502310649415994,0.38618362,0.12474591825960427,0.48907070900208527,0.9999999715047402,24,5.751429710195249e-16
delta,6,945,216,0.4281737671356374,0.5007297481003705,0.8976796098377224,0.45552167,0.0684575059597369,0.4760204905448363,0.4947027486329452,22,0.898465006689779
delta,7,945,216,0.4559358109404187,0.5392513349357431,0.9285675445593672,0.4781674,0.07888189089164561,0.4429506689620494,0.523733528501526,22,0.9028361062334955
all,0,4422,1107,0.10391597258706187,0.496909638737396,0.7623890292224293,0.10630771,0.3992558900253525,0.4944364046296086,0.9380565694192062,20,0.12480067550183863
all,1,4422,1107,0.10386352353639361,0.46512284189509556,0.7629390678519858,0.10848616,0.36669873645824347,0.5248150883348063,0.879409904830037,20,0.18377822903053012
all,2,4422,1107,0.1348993624042587,0.4323391835601663,0.7766849788145076,0.14248082,0.3010805661169581,0.5564386907593413,0.8006498859857616,20,0.28906655410026216
all,3,4422,1107,0.17435483139902663,0.4183167203047783,0.7929833861885707,0.18391621,0.24615065144658313,0.5699329131851331,0.9140593627891268,22,0.23012211378687636
all,4,4422,1107,0.2249053303272136,0.41910637689327,0.8182182092220729,0.23415284,0.19625309075893255,0.5695942892104832,1.0000000151538626,24,4.2867465227883616e-16
all,5,4422,1107,0.2627723899797133,0.39530262111007164,0.8503693238127563,0.26819733,0.134728554219723,0.5970739792693752,0.9999999791188767,24,5.399874855331627e-16
all,6,4422,1107,0.28165502181599134,0.36724824447980076,0.8903588864005991,0.2841941,0.08715992983053274,0.6286458052334857,0.5135787670599942,22,0.9012303453339976
all,7,4422,1107,0.30965286348316334,0.4126828987365859,0.9239266610017336,0.31119645,0.10375268459077064,0.5850510784692498,0.521224987199824,22,0.9309444635551274
