layer,decision_probe,decision_fisher,decision_cross_mix,mean_probe,mean_fisher,mean_cross_mix,decision_stable_rank,decision_effective_rank,token_stable_rank,token_effective_rank
0,0.6071,0.0513,0.55,0.631,0.0404,0.5833,2.789,8.884,7.197,19.267
1,0.5952,0.0534,0.5524,0.631,0.0388,0.5881,3.094,9.624,7.361,19.105
2,0.619,0.058,0.531,0.6429,0.0396,0.5738,3.5,10.211,7.427,18.223
3,0.5714,0.064,0.5452,0.6429,0.0438,0.581,3.817,10.363,7.239,16.837
4,0.619,0.072,0.5381,0.6786,0.0508,0.5667,3.829,10.053,6.061,15.201
5,0.619,0.085,0.5143,0.6786,0.0614,0.5571,3.811,9.279,4.727,13.476
6,0.631,0.1104,0.519,0.7024,0.0762,0.5571,2.892,7.605,3.416,11.411
7,0.631,0.1337,0.5048,0.6548,0.0934,0.55,1.853,5.127,2.32,8.48
8,0.6548,0.1508,0.5071,0.631,0.1084,0.5476,1.417,3.222,1.695,5.532
