eta,method,B_loss_gain,survival,holes,endpoint_accuracy,delta_ready_frac,delta_early,delta_flips,delta_exits,delta_components,min_constraint_derivative,passes_sparse_gate
0.02,anchor_rank1,0.036531250148851405,0.9851393188854489,0.29411764705882354,0.9852941176470589,0.00816993464052288,0.007994185101945939,-0.014705882352941176,0.0,-0.014705882352941176,-0.0004897312996017982,False
0.02,anchor_rank2,0.02270810051593569,1.0,0.0,0.9852941176470589,0.0032679738562091517,0.006458322660912247,0.0,0.014705882352941176,0.0,0.0007062912553862873,True
0.02,exact_all,0.013410559930997868,1.0,0.0,1.0,0.004901960784313728,0.0075412037744579255,-0.014705882352941176,0.0,0.0,-7.026257097862381e-07,True
0.02,plain,0.029983485520489905,0.951221190230478,0.9411764705882353,0.9411764705882353,-0.004901960784313728,-0.004023359373705926,-0.058823529411764705,-0.014705882352941176,-0.07352941176470588,,False
0.02,random2_anchor,-0.023968263504241357,0.9639318885448915,0.7058823529411765,0.9411764705882353,-0.0016339869281045759,0.001512556253580044,-0.04411764705882353,0.0,-0.04411764705882353,3.308260064025211e-05,False
0.05,anchor_rank1,0.09216494674454474,0.9645510835913313,0.7058823529411765,0.9117647058823529,0.011437908496732027,0.008627986673382437,-0.11764705882352941,-0.058823529411764705,-0.07352941176470588,-0.004305941255255408,False
0.05,anchor_rank2,0.05038937165762359,1.0,0.0,0.9558823529411765,-0.004901960784313718,0.001641185366119105,-0.04411764705882353,0.0,-0.029411764705882353,0.0016360167565090866,True
0.05,exact_all,0.02495983070019862,1.0,0.0,0.9558823529411765,-0.004901960784313718,0.001641185366119105,-0.04411764705882353,0.0,-0.029411764705882353,-8.269748747104598e-05,True
0.05,plain,-0.038438681448298796,0.8725591371739614,2.823529411764706,0.8235294117647058,-0.044117647058823525,-0.03652831908981901,-0.07352941176470588,0.014705882352941176,-0.08823529411764706,,False
0.05,random2_anchor,-1.6834988168122937,0.9300653594771242,1.5294117647058822,0.9117647058823529,-0.016339869281045746,-0.006754407405793378,0.17647058823529413,0.1323529411764706,0.029411764705882353,0.0004427914882296494,False
0.1,anchor_rank1,0.09836929912772205,0.9163206459054211,1.8235294117647058,0.8676470588235294,-0.0032679738562091487,-0.0034292416231410825,-0.1323529411764706,-0.058823529411764705,-0.08823529411764706,-0.014060187444471373,False
0.1,anchor_rank2,0.03517050963832696,0.9901960784313725,0.17647058823529413,0.9558823529411765,-0.006535947712418294,-0.0015389215487325465,-0.029411764705882353,0.0,-0.029411764705882353,0.0023361012587928033,True
0.1,exact_all,0.029689909075213287,1.0,0.0,0.9558823529411765,-0.004901960784313718,0.001641185366119105,-0.04411764705882353,0.0,-0.029411764705882353,-0.0001738660954074638,True
0.1,plain,-0.15425470427353444,0.8016097047694206,4.9411764705882355,0.7647058823529411,-0.08660130718954248,-0.07436378652264879,0.014705882352941176,0.058823529411764705,-0.10294117647058823,,False
0.1,random2_anchor,-3.887987624565308,0.9322760476739715,1.7647058823529411,0.8823529411764706,-0.037581699346405234,-0.029470541228926058,-0.17647058823529413,-0.058823529411764705,-0.16176470588235295,0.0005137550070447375,False
0.2,anchor_rank1,-0.8714620771492368,0.8462898885044214,3.1176470588235294,0.8235294117647058,-0.02124183006535947,-0.004614410253172457,-0.16176470588235295,-0.029411764705882353,-0.10294117647058823,-0.012799046976899391,False
0.2,anchor_rank2,0.03746802446193543,0.9627602743883931,0.8823529411764706,0.8970588235294118,-0.031045751633986922,-0.023445543007049877,-0.058823529411764705,0.0,-0.058823529411764705,0.0034476579671767443,False
0.2,exact_all,-0.024194446099659313,1.0,0.0,0.9411764705882353,-0.013071895424836591,-0.0058340893051138,-0.04411764705882353,0.0,-0.029411764705882353,-7.503459109450898e-05,False
0.2,plain,-0.09432479487220716,0.7457273518282442,6.294117647058823,0.6764705882352942,-0.11437908496732026,-0.10293376820721672,-0.5882352941176471,-0.23529411764705882,-0.47058823529411764,,False
