q,scope,n,base_acc,new_acc,mean_gain,median_gain,fraction_improved,rescued,harmed
0.001,heldout,28,0.5714285714285714,0.6428571428571429,0.10354663325207573,0.004885673522949219,0.5714285714285714,2,0.0
0.001,shadow,56,1.0,1.0,0.01818621584347316,0.007947683334350586,0.7321428571428571,0,0.0
0.001,train,56,1.0,1.0,0.019196880715233938,0.010839462280273438,0.7678571428571429,0,0.0
0.0025,heldout,28,0.5714285714285714,0.6071428571428571,0.07265755161643028,0.0052890777587890625,0.5357142857142857,1,0.0
0.0025,shadow,56,1.0,1.0,0.017580441066196988,0.008354425430297852,0.7142857142857143,0,0.0
0.0025,train,56,1.0,1.0,0.01739195840699332,0.007075309753417969,0.7678571428571429,0,0.0
0.005,heldout,28,0.5714285714285714,0.6071428571428571,0.04725570444549833,0.0006115436553955078,0.5,1,0.0
0.005,shadow,56,1.0,1.0,0.015977723257882253,0.0062825679779052734,0.7142857142857143,0,0.0
0.005,train,56,1.0,1.0,0.015852909002985274,0.005787372589111328,0.75,0,0.0
0.01,heldout,28,0.5714285714285714,0.6071428571428571,0.026912157024656023,0.0048999786376953125,0.6071428571428571,1,0.0
0.01,shadow,56,1.0,1.0,0.009081512689590454,0.00205230712890625,0.5892857142857143,0,0.0
0.01,train,56,1.0,1.0,0.014329867703574044,0.005975008010864258,0.7321428571428571,0,0.0
0.02,heldout,28,0.5714285714285714,0.6071428571428571,0.036352288510118215,0.0016815662384033203,0.5357142857142857,1,0.0
0.02,shadow,56,1.0,1.0,0.007182048899786813,0.0014722347259521484,0.6071428571428571,0,0.0
0.02,train,56,1.0,1.0,0.011686163289206368,0.0038433074951171875,0.6785714285714286,0,0.0
