bits,k,gold,ready,logit,abs_margin,confidence,entropy,grad_norm,radius_abs,state_norm,state_step_norm,delta_logit,abs_delta_logit
000000,0,0,1,-9.090349197387695,9.090349197387695,0.9998872640135232,0.0011375518166299072,4.54014253616333,2.0022168,6.438081741333008,0.0,0.0,0.0
000000,1,0,1,-8.300395011901855,8.300395011901855,0.9997516430157702,0.002309848899650202,6.827592372894287,1.2157134,5.602787494659424,7.131115913391113,0.7899541854858398,0.7899541854858398
000000,2,0,1,-10.960539817810059,10.960539817810059,0.9999826263720024,0.0002077981173641652,5.517765998840332,1.986409,5.749882221221924,6.2591447830200195,-2.660144805908203,2.660144805908203
000000,3,0,1,-3.9320693016052246,3.9320693016052246,0.9807738251984119,0.09501205219959076,3.041393280029297,1.2928513,5.904790878295898,6.450429916381836,7.028470516204834,7.028470516204834
000000,4,0,1,-6.309854030609131,6.309854030609131,0.998185001546517,0.013269022837242274,9.465055465698242,0.6666473,5.990811824798584,6.616746425628662,-2.3777847290039062,2.3777847290039062
000000,5,0,1,-10.1887845993042,10.1887845993042,0.9999624118681822,0.00042056621531664075,3.9527509212493896,2.5776439,5.8618083000183105,6.017007350921631,-3.8789305686950684,3.8789305686950684
000001,0,1,0,-6.544308185577393,6.544308185577393,0.9985637869685888,0.010836266123955218,5.427732467651367,1.2057168,6.335494518280029,0.0,0.0,0.0
000001,1,1,0,-7.00799560546875,7.00799560546875,0.9990961976000108,0.007238054311036069,3.9766173362731934,1.7623007,5.553333282470703,7.361396312713623,-0.4636874198913574,0.4636874198913574
000001,2,1,0,-6.035571098327637,6.035571098327637,0.997613578569144,0.016792689621927023,3.20513916015625,1.8830917,5.734666347503662,6.1536641120910645,0.9724245071411133,0.9724245071411133
000001,3,1,1,0.0778188705444336,0.0778188705444336,0.5194448828697205,0.6923907828865894,7.9679107666015625,0.009766534,6.0267333984375,7.139187335968018,6.11338996887207,6.11338996887207
000001,4,1,0,-2.1214609146118164,2.1214609146118164,0.8929716274142265,0.34025697251154874,3.487292528152466,0.6083404,5.7880353927612305,6.013692378997803,-2.19927978515625,2.19927978515625
000001,5,1,1,12.041077613830566,12.041077613830566,0.999994158744812,7.623166060394968e-05,13.459031105041504,0.8946467,6.363958835601807,6.684056282043457,14.162538528442383,14.162538528442383
000010,0,1,0,-6.595973014831543,6.595973014831543,0.9986360057955608,0.010361794292889269,5.506686687469482,1.1978116,6.312920093536377,0.0,0.0,0.0
000010,1,1,0,-6.764224052429199,6.764224052429199,0.9988469880772755,0.008952908093388596,4.012873649597168,1.6856309,5.581051826477051,7.477601051330566,-0.16825103759765625,0.16825103759765625
000010,2,1,0,-5.8112359046936035,5.8112359046936035,0.9970152077730745,0.020334587298372488,3.48728346824646,1.6664077,5.765503406524658,6.215108394622803,0.9529881477355957,0.9529881477355957
000010,3,1,1,0.6753168106079102,0.6753168106079102,0.662692666053772,0.6392332720587774,7.0033650398254395,0.09642748,6.003368377685547,7.133412837982178,6.486552715301514,6.486552715301514
000010,4,1,0,-2.1706714630126953,2.1706714630126953,0.8975847065448761,0.33035773553974346,3.5189273357391357,0.616856,5.820333003997803,6.011781215667725,-2.8459882736206055,2.8459882736206055
000010,5,1,1,11.956727027893066,11.956727027893066,0.9999935626983643,8.338492741065436e-05,13.431468963623047,0.89020246,6.362987995147705,6.6759352684021,14.127398490905762,14.127398490905762
000011,0,0,1,-9.185471534729004,9.185471534729004,0.9998974924455979,0.001044093031056612,4.631119251251221,1.9834237,6.472601413726807,0.0,0.0,0.0
000011,1,0,1,-7.868432521820068,7.868432521820068,0.9996175126871094,0.00339213608663938,6.128242015838623,1.2839625,5.612573623657227,7.039185047149658,1.3170390129089355,1.3170390129089355
000011,2,0,1,-10.958052635192871,10.958052635192871,0.9999825831091584,0.00020827224766402626,5.499855041503906,1.9924257,5.7657246589660645,6.3091888427734375,-3.0896201133728027,3.0896201133728027
000011,3,0,1,-3.958010673522949,3.958010673522949,0.9812569376081228,0.0931061805026793,3.1064951419830322,1.2741082,5.907344818115234,6.457005500793457,7.000041961669922,7.000041961669922
000011,4,0,1,-6.33212423324585,6.33212423324585,0.9982249042950571,0.013016799640285449,9.522486686706543,0.6649654,5.984824180603027,6.612676620483398,-2.3741135597229004,2.3741135597229004
000011,5,0,1,-10.184072494506836,10.184072494506836,0.9999622343384544,0.0004223746088793855,3.9535999298095703,2.5758986,5.860404014587402,6.013858795166016,-3.8519482612609863,3.8519482612609863
000100,0,1,0,-5.586015701293945,5.586015701293945,0.9962640702724457,0.024611887638606965,6.146933555603027,0.9087483,6.1672444343566895,0.0,0.0,0.0
000100,1,1,0,-0.007637977600097656,0.007637977600097656,0.5019094347953796,0.6931398886577458,5.816738128662109,0.0013131032,5.6494903564453125,7.415925979614258,5.578377723693848,5.578377723693848
000100,2,1,0,-6.796842575073242,6.796842575073242,0.9988839495927095,0.008702292576939033,5.636074542999268,1.2059532,6.139168739318848,7.0044708251953125,-6.7892045974731445,6.7892045974731445
000100,3,1,1,4.985179424285889,4.985179424285889,0.9932078719139099,0.040675251265395534,6.715981960296631,0.742286,5.93242073059082,7.196977138519287,11.78202199935913,11.78202199935913
000100,4,1,1,2.589665412902832,2.589665412902832,0.9301935434341431,0.253138022231431,4.502169132232666,0.57520396,6.179406642913818,6.883334159851074,-2.3955140113830566,2.3955140113830566
000100,5,1,1,14.582636833190918,14.582636833190918,0.9999995231628418,7.417720012228406e-06,11.245622634887695,1.296739,6.4346818923950195,6.404415607452393,11.992971420288086,11.992971420288086
000101,0,0,1,-0.8901548385620117,0.8901548385620117,0.7089221179485321,0.6031139817023837,7.355657577514648,0.12101635,6.225325584411621,0.0,0.0,0.0
000101,1,0,0,0.8153605461120605,0.8153605461120605,0.6932506561279297,0.6164750035819107,6.19169282913208,0.13168621,5.525338172912598,7.934150695800781,1.7055153846740723,1.7055153846740723
000101,2,0,1,-2.9479713439941406,2.9479713439941406,0.9501675218343735,0.19802168980585927,3.2335991859436035,0.9116688,5.906673908233643,6.4648261070251465,-3.763331890106201,3.763331890106201
000101,3,0,0,5.8887786865234375,5.8887786865234375,0.9972373247146606,0.019035311073919866,5.764429569244385,1.0215718,6.100835800170898,6.290124893188477,8.836750030517578,8.836750030517578
000101,4,0,1,-5.329187393188477,5.329187393188477,0.9951753821223974,0.03054758695774399,9.581258773803711,0.5562095,6.375560283660889,6.388312816619873,-11.217966079711914,11.217966079711914
000101,5,0,1,-12.636907577514648,12.636907577514648,0.9999967501796618,4.43175029290526e-05,3.606724262237549,3.5037076,6.091262340545654,7.70444393157959,-7.307720184326172,7.307720184326172
000110,0,0,1,-1.92451810836792,1.92451810836792,0.8726414144039154,0.38133446217216016,6.905198097229004,0.27870572,6.275860786437988,0.0,0.0,0.0
000110,1,0,0,1.3665404319763184,1.3665404319763184,0.7968206405639648,0.5047784875423558,6.439562797546387,0.21221012,5.595517158508301,7.949670314788818,3.2910585403442383,3.2910585403442383
000110,2,0,1,-3.182056427001953,3.182056427001953,0.9601534157991409,0.16745627722423795,3.0030152797698975,1.0596205,5.92289400100708,6.650071620941162,-4.5485968589782715,4.5485968589782715
000110,3,0,0,6.660325050354004,6.660325050354004,0.9987208247184753,0.0097996337324915,4.761406898498535,1.3988146,6.1182708740234375,6.536090850830078,9.842381477355957,9.842381477355957
000110,4,0,1,-5.377099514007568,5.377099514007568,0.9954000511206686,0.029344944144520654,9.49289321899414,0.5664342,6.395394325256348,6.52699613571167,-12.037424564361572,12.037424564361572
000110,5,0,1,-12.675917625427246,12.675917625427246,0.9999968745141814,4.274388971023279e-05,3.6012938022613525,3.5198233,6.0886712074279785,7.7415971755981445,-7.298818111419678,7.298818111419678
000111,0,1,0,-4.911463737487793,4.911463737487793,0.9926920938305557,0.04322725589346439,6.514775276184082,0.7538961,6.156088829040527,0.0,0.0,0.0
000111,1,1,0,-0.971980094909668,0.971980094909668,0.7255139946937561,0.5876698478063449,5.757627487182617,0.16881607,5.612332820892334,7.336590766906738,3.939483642578125,3.939483642578125
000111,2,1,0,-6.084505081176758,6.084505081176758,0.997727285604924,0.01610364323802659,5.725394248962402,1.0627224,6.048498153686523,6.884124755859375,-5.11252498626709,5.11252498626709
000111,3,1,1,4.172854900360107,4.172854900360107,0.9848256707191467,0.07861098167636488,7.393349647521973,0.5644065,5.918856143951416,6.956244945526123,10.257359981536865,10.257359981536865
000111,4,1,1,2.7358202934265137,2.7358202934265137,0.9391075372695923,0.22941613667017785,4.572967052459717,0.5982593,6.189764499664307,6.796320915222168,-1.4370346069335938,1.4370346069335938
000111,5,1,1,14.64533805847168,14.64533805847168,0.9999995231628418,7.417720012228406e-06,11.076299667358398,1.322223,6.433905124664307,6.380887031555176,11.909517765045166,11.909517765045166
001000,0,1,0,-6.078915119171143,6.078915119171143,0.997714574681595,0.01618094735579386,5.921628952026367,1.0265613,6.165091514587402,0.0,0.0,0.0
001000,1,1,0,-0.12186908721923828,0.12186908721923828,0.5304296314716339,0.6912941107092039,5.8440423011779785,0.02085356,5.645843029022217,7.3747639656066895,5.957046031951904,5.957046031951904
001000,2,1,0,-7.139122009277344,7.139122009277344,0.999207180691883,0.006453167587256312,5.517830848693848,1.2938277,6.165327072143555,7.047449111938477,-7.0172529220581055,7.0172529220581055
001000,3,1,1,5.16517972946167,5.16517972946167,0.9943203926086426,0.035031977272291015,6.616050720214844,0.7807044,5.933592796325684,7.316282749176025,12.304301738739014,12.304301738739014
001000,4,1,1,2.527381420135498,2.527381420135498,0.9260392189025879,0.26376581089402723,4.485873699188232,0.563409,6.174164772033691,6.928021430969238,-2.637798309326172,2.637798309326172
001000,5,1,1,14.577607154846191,14.577607154846191,0.9999995231628418,7.417720012228406e-06,11.302386283874512,1.2897813,6.433367729187012,6.416187763214111,12.050225734710693,12.050225734710693
001001,0,0,1,-0.6750116348266602,0.6750116348266602,0.6626244187355042,0.6392793502044815,7.217543601989746,0.09352373,6.226290225982666,0.0,0.0,0.0
001001,1,0,0,1.1229500770568848,1.1229500770568848,0.7545354962348938,0.557297313931495,6.406445503234863,0.17528442,5.525900840759277,7.981479167938232,1.797961711883545,1.797961711883545
001001,2,0,1,-2.817145347595215,2.817145347595215,0.9435953237116337,0.21695805729722398,3.427696704864502,0.82187706,5.905834197998047,6.467136859893799,-3.9400954246520996,3.9400954246520996
001001,3,0,0,6.0235724449157715,6.0235724449157715,0.9975848197937012,0.01696609224635788,5.3298187255859375,1.1301646,6.105645656585693,6.247072696685791,8.840717792510986,8.840717792510986
001001,4,0,1,-5.319066047668457,5.319066047668457,0.9951265412382782,0.03080762160131874,9.569612503051758,0.5558288,6.376712799072266,6.39410924911499,-11.342638492584229,11.342638492584229
001001,5,0,1,-12.637012481689453,12.637012481689453,0.999996750520495,4.431319583429038e-05,3.6061816215515137,3.504264,6.091274738311768,7.706942558288574,-7.317946434020996,7.317946434020996
001010,0,0,1,-2.1580052375793457,2.1580052375793457,0.8964144736528397,0.33289050305586687,7.0145063400268555,0.3076489,6.273686408996582,0.0,0.0,0.0
001010,1,0,0,1.1034531593322754,1.1034531593322754,0.7509065866470337,0.5613369638840772,6.201393127441406,0.17793633,5.601321697235107,7.925748825073242,3.261458396911621,3.261458396911621
001010,2,0,1,-3.302865982055664,3.302865982055664,0.9645269997417927,0.15328001907957364,2.833080768585205,1.1658213,5.923826694488525,6.641663551330566,-4.4063191413879395,4.4063191413879395
001010,3,0,0,6.442685604095459,6.442685604095459,0.9984103441238403,0.01183251205423977,5.2566704750061035,1.225621,6.103573322296143,6.571090221405029,9.745551586151123,9.745551586151123
001010,4,0,1,-5.416525363922119,5.416525363922119,0.9955770932137966,0.028389503891734037,9.456371307373047,0.5727911,6.393260955810547,6.5068135261535645,-11.859210968017578,11.859210968017578
001010,5,0,1,-12.66702651977539,12.66702651977539,0.9999968466013343,4.309758639145437e-05,3.6034321784973145,3.5152671,6.089409828186035,7.737529754638672,-7.2505011558532715,7.2505011558532715
001011,0,1,0,-5.255354881286621,5.255354881286621,0.9948076079599559,0.03249378217043718,6.248692512512207,0.84103274,6.154971122741699,0.0,0.0,0.0
001011,1,1,0,-1.1721668243408203,1.1721668243408203,0.7635364681482315,0.5469691140542556,5.690182685852051,0.20599811,5.607049465179443,7.3166985511779785,4.083188056945801,4.083188056945801
001011,2,1,0,-6.350264549255371,6.350264549255371,0.9982567590195686,0.012814803510533072,5.671504497528076,1.119679,6.03108549118042,6.835815906524658,-5.178097724914551,5.178097724914551
001011,3,1,1,4.536297798156738,4.536297798156738,0.9894005656242371,0.05873820815669081,6.911739349365234,0.65631783,5.925687789916992,6.9937567710876465,10.88656234741211,10.88656234741211
001011,4,1,1,2.681614875793457,2.681614875793457,0.9359330534934998,0.2380142378273552,4.538839340209961,0.5908151,6.185807228088379,6.798614501953125,-1.8546829223632812,1.8546829223632812
001011,5,1,1,14.607610702514648,14.607610702514648,0.9999995231628418,7.417720012228406e-06,11.158432006835938,1.3091096,6.434437274932861,6.385549068450928,11.925995826721191,11.925995826721191
001100,0,0,1,-8.759214401245117,8.759214401245117,0.999843016747036,0.0015320455490295216,4.6943745613098145,1.865896,6.365899085998535,0.0,0.0,0.0
001100,1,0,1,-6.927639007568359,6.927639007568359,0.9990206473739818,0.007764433908542018,4.465036392211914,1.5515302,5.595271587371826,7.15535306930542,1.8315753936767578,1.8315753936767578
001100,2,0,1,-10.765486717224121,10.765486717224121,0.999978884598022,0.00024843320242087493,5.326737403869629,2.0210283,5.819543838500977,6.381379127502441,-3.8378477096557617,3.8378477096557617
001100,3,0,1,-3.9903860092163086,3.9903860092163086,0.9818431921303272,0.09077633806673205,3.0774669647216797,1.2966462,5.908729553222656,6.505928039550781,6.7751007080078125,6.7751007080078125
001100,4,0,1,-6.3074259757995605,6.3074259757995605,0.9981805973220617,0.01329680750162512,9.462647438049316,0.6665604,5.987966537475586,6.592825889587402,-2.317039966583252,2.317039966583252
001100,5,0,1,-10.19300365447998,10.19300365447998,0.9999625701129844,0.0004189535595279326,3.948676824569702,2.581372,5.861446857452393,6.011512756347656,-3.88557767868042,3.88557767868042
001101,0,1,0,-5.588123321533203,5.588123321533203,0.9962719068862498,0.024568103935563617,6.003956317901611,0.9307402,6.327895164489746,0.0,0.0,0.0
001101,1,1,0,-6.501378059387207,6.501378059387207,0.9985008819494396,0.011246576064414858,4.049706935882568,1.6053947,5.512200832366943,7.438425540924072,-0.9132547378540039,0.9132547378540039
001101,2,1,0,-5.520031929016113,5.520031929016113,0.9960102615877986,0.02602120192742145,3.913578510284424,1.4104819,5.784112930297852,6.1735639572143555,0.9813461303710938,0.9813461303710938
001101,3,1,1,1.4179673194885254,1.4179673194885254,0.8050195574760437,0.4933646010948938,5.777821063995361,0.24541558,5.957902431488037,7.007040977478027,6.937999248504639,6.937999248504639
001101,4,1,0,-2.1024580001831055,2.1024580001831055,0.8911418542265892,0.3441213360634485,3.5990078449249268,0.58417714,5.861376762390137,5.944085597991943,-3.520425319671631,3.520425319671631
001101,5,1,1,11.867138862609863,11.867138862609863,0.9999929666519165,9.048292524434608e-05,13.416800498962402,0.8844984,6.360008239746094,6.6354265213012695,13.969596862792969,13.969596862792969
001110,0,1,0,-6.448487281799316,6.448487281799316,0.9984195868019015,0.011772937779355239,5.559798240661621,1.159842,6.304195880889893,0.0,0.0,0.0
001110,1,1,0,-6.577400207519531,6.577400207519531,0.9986104713752866,0.010529980785487416,4.028567314147949,1.6326897,5.570250988006592,7.482003688812256,-0.12891292572021484,0.12891292572021484
001110,2,1,0,-5.758779525756836,5.758779525756836,0.996854962548241,0.021261570637300883,3.595024824142456,1.6018747,5.7770185470581055,6.2264323234558105,0.8186206817626953,0.8186206817626953
001110,3,1,1,0.8079090118408203,0.8079090118408203,0.6916637420654297,0.6177629954870902,6.766653060913086,0.11939566,5.999059200286865,7.122264862060547,6.566688537597656,6.566688537597656
001110,4,1,0,-2.1903915405273438,2.1903915405273438,0.8993833437561989,0.32643579690913077,3.5174801349639893,0.6227161,5.826608657836914,6.008917808532715,-2.998300552368164,2.998300552368164
001110,5,1,1,11.907661437988281,11.907661437988281,0.9999932050704956,8.765003931695935e-05,13.413000106811523,0.8877702,6.362130641937256,6.670412063598633,14.098052978515625,14.098052978515625
001111,0,0,1,-9.128500938415527,9.128500938415527,0.999891483625106,0.0010991140929035865,4.6899614334106445,1.9463915,6.457672595977783,0.0,0.0,0.0
001111,1,0,1,-7.729055404663086,7.729055404663086,0.9995603339630179,0.003837965857667744,5.9477362632751465,1.2994953,5.605787754058838,7.012107849121094,1.3994455337524414,1.3994455337524414
001111,2,0,1,-10.969194412231445,10.969194412231445,0.9999827760839253,0.00020615654696071322,5.524465560913086,1.9855666,5.788466453552246,6.342685699462891,-3.2401390075683594,3.2401390075683594
001111,3,0,1,-3.925877571105957,3.925877571105957,0.9806567225605249,0.09547214498855233,3.124783515930176,1.2563678,5.908664226531982,6.46799373626709,7.043316841125488,7.043316841125488
001111,4,0,1,-6.25926399230957,6.25926399230957,0.9980909982696176,0.013859772004485946,9.335095405578613,0.67050886,5.97430944442749,6.61824893951416,-2.3333864212036133,2.3333864212036133
001111,5,0,1,-10.194868087768555,10.194868087768555,0.9999626398312103,0.0004182428564264978,3.948636531829834,2.5818706,5.860598087310791,6.009202480316162,-3.9356040954589844,3.9356040954589844
010000,0,1,1,0.993189811706543,0.993189811706543,0.7297175526618958,0.5835395662941099,10.113932609558105,0.098200165,6.155636310577393,0.0,0.0,0.0
010000,1,1,0,-1.2420272827148438,1.2420272827148438,0.7759166955947876,0.5320276940048677,9.529682159423828,0.1303325,5.941497325897217,6.698346138000488,-2.2352170944213867,2.2352170944213867
010000,2,1,0,-10.651871681213379,10.651871681213379,0.9999763440373499,0.0002756365194993395,5.793248176574707,1.83867,5.998485565185547,7.905066967010498,-9.409844398498535,9.409844398498535
010000,3,1,1,5.12592077255249,5.12592077255249,0.9940943121910095,0.036195255930609994,6.490541458129883,0.7897524,5.950990676879883,7.003280162811279,15.77779245376587,15.77779245376587
010000,4,1,1,2.7908620834350586,2.7908620834350586,0.9421800971031189,0.22092628671244008,4.556173324584961,0.6125452,6.185795783996582,6.694083213806152,-2.3350586891174316,2.3350586891174316
010000,5,1,1,14.586546897888184,14.586546897888184,0.9999995231628418,7.417720012228406e-06,11.206876754760742,1.3015711,6.431735038757324,6.30281925201416,11.795684814453125,11.795684814453125
010001,0,0,0,2.4144978523254395,2.4144978523254395,0.9179261922836304,0.283805340866406,11.824239730834961,0.20419899,6.064859867095947,0.0,0.0,0.0
010001,1,0,0,0.03428077697753906,0.03428077697753906,0.5085693597793579,0.6930003055129887,5.630612373352051,0.0060882857,5.722702503204346,7.047765254974365,-2.3802170753479004,2.3802170753479004
010001,2,0,1,-4.45272970199585,4.45272970199585,0.9884873535484076,0.06284213311308195,4.7459211349487305,0.93822247,5.648837566375732,7.066752910614014,-4.487010478973389,4.487010478973389
010001,3,0,0,7.496243000030518,7.496243000030518,0.9994451403617859,0.004714374845617268,3.649679660797119,2.0539455,6.168041706085205,6.756649494171143,11.948972702026367,11.948972702026367
010001,4,0,1,-4.744253158569336,4.744253158569336,0.9913735054433346,0.04959019194721148,10.116538047790527,0.46896014,6.363064765930176,6.606947422027588,-12.240496158599854,12.240496158599854
010001,5,0,1,-12.733880043029785,12.733880043029785,0.9999970505236888,4.050775599822479e-05,3.6047112941741943,3.5325658,6.079291820526123,7.729794025421143,-7.989626884460449,7.989626884460449
010010,0,0,0,2.5890727043151855,2.5890727043151855,0.9301549792289734,0.25323787919915686,12.225332260131836,0.21177933,6.124288558959961,0.0,0.0,0.0
010010,1,0,1,-0.07483196258544922,0.07483196258544922,0.5186992585659027,0.6924476929065742,5.899290561676025,0.012684909,5.738370895385742,6.949702262878418,-2.6639046669006348,2.6639046669006348
010010,2,0,1,-5.095956802368164,5.095956802368164,0.9939157972112298,0.03710762145984424,3.9589099884033203,1.2872121,5.66611385345459,7.0642242431640625,-5.021124839782715,5.021124839782715
010010,3,0,0,7.53697395324707,7.53697395324707,0.9994673132896423,0.004547711950828486,3.446263074874878,2.186999,6.217342853546143,6.947422027587891,12.632930755615234,12.632930755615234
010010,4,0,1,-4.607892036437988,4.607892036437988,0.9901256561279297,0.05542332861017224,10.258003234863281,0.4491997,6.363630771636963,6.7036237716674805,-12.144865989685059,12.144865989685059
010010,5,0,1,-12.75457763671875,12.75457763671875,0.9999971109434682,3.9737754660747456e-05,3.607227087020874,3.53584,6.080127239227295,7.734453201293945,-8.146685600280762,8.146685600280762
010011,0,1,1,0.8034095764160156,0.8034095764160156,0.6907033324241638,0.6185367577677128,9.547365188598633,0.084149875,6.159604549407959,0.0,0.0,0.0
010011,1,1,0,-0.1890859603881836,0.1890859603881836,0.5471311211585999,0.688697892748926,7.272427082061768,0.026000394,5.906437397003174,6.768130302429199,-0.9924955368041992,0.9924955368041992
010011,2,1,0,-10.135132789611816,10.135132789611816,0.9999603401956847,0.00044161796870901583,5.881859302520752,1.7231172,5.943307876586914,7.76204776763916,-9.946046829223633,9.946046829223633
010011,3,1,1,7.056021690368652,7.056021690368652,0.9991384744644165,0.00694077276325892,4.940130710601807,1.4283067,6.067447662353516,7.174801349639893,17.19115447998047,17.19115447998047
010011,4,1,1,2.2131295204162598,2.2131295204162598,0.901422381401062,0.32194639447539714,4.323169708251953,0.5119229,6.153231143951416,6.777121067047119,-4.842892169952393,4.842892169952393
010011,5,1,1,13.793122291564941,13.793122291564941,0.999998927116394,1.5819838473186284e-05,12.509581565856934,1.1026046,6.426427841186523,6.364076614379883,11.579992771148682,11.579992771148682
010100,0,0,0,10.799315452575684,10.799315452575684,0.9999796152114868,0.00024055500427389373,7.726592063903809,1.3976816,6.189512252807617,0.0,0.0,0.0
010100,1,0,0,7.123683929443359,7.123683929443359,0.9991949200630188,0.006540603320488215,6.41268253326416,1.1108743,5.819557189941406,6.836956977844238,-3.675631523132324,3.675631523132324
010100,2,0,1,-6.495345115661621,6.495345115661621,0.9984918241389096,0.011305436964928355,4.777168273925781,1.3596643,5.934802055358887,6.765543460845947,-13.61902904510498,13.61902904510498
010100,3,0,1,-3.8595266342163086,3.8595266342163086,0.9793571345508099,0.1005305962357971,3.843921184539795,1.0040598,5.897436141967773,6.210131645202637,2.6358184814453125,2.6358184814453125
010100,4,0,1,-6.397833347320557,6.397833347320557,0.9983376070158556,0.012299489618026719,9.767312049865723,0.655025,5.923147201538086,6.762520790100098,-2.538306713104248,2.538306713104248
010100,5,0,1,-10.184585571289062,10.184585571289062,0.9999622537070536,0.00042217735269295815,3.918290138244629,2.5992422,5.826108455657959,6.056914806365967,-3.786752223968506,3.786752223968506
010101,0,1,1,9.479018211364746,9.479018211364746,0.999923586845398,0.0008007577053656844,7.237181663513184,1.3097665,6.110472679138184,0.0,0.0,0.0
010101,1,1,1,7.82652473449707,7.82652473449707,0.9996011853218079,0.0035202630948600964,5.673216819763184,1.3795568,5.732178211212158,7.2200608253479,-1.6524934768676758,1.6524934768676758
010101,2,1,0,-0.9301824569702148,0.9301824569702148,0.7171123027801514,0.5956599982424272,4.747247695922852,0.19594142,5.63150691986084,5.817258358001709,-8.756707191467285,8.756707191467285
010101,3,1,0,-1.7889351844787598,1.7889351844787598,0.8567966669797897,0.4107361187404318,10.000170707702637,0.17889047,6.195476055145264,5.009490013122559,-0.8587527275085449,0.8587527275085449
010101,4,1,0,-1.5725536346435547,1.5725536346435547,0.8281473368406296,0.45881171830918077,5.334601879119873,0.29478368,5.7926459312438965,6.250448703765869,0.21638154983520508,0.21638154983520508
010101,5,1,1,12.92042350769043,12.92042350769043,0.9999974966049194,3.4791836018033345e-05,13.249403953552246,0.9751702,6.3510332107543945,6.785083770751953,14.492977142333984,14.492977142333984
010110,0,1,1,8.59229850769043,8.59229850769043,0.9998145699501038,0.0017787822763116728,7.668697834014893,1.1204377,6.002196788787842,0.0,0.0,0.0
010110,1,1,1,6.768913745880127,6.768913745880127,0.9988523721694946,0.008916476282600455,5.871598243713379,1.1528231,5.677236557006836,7.025238513946533,-1.8233847618103027,1.8233847618103027
010110,2,1,0,-1.0453977584838867,1.0453977584838867,0.7398901581764221,0.5731717768712522,4.833315372467041,0.21629,5.672492980957031,5.703653335571289,-7.814311504364014,7.814311504364014
010110,3,1,0,-0.5151619911193848,0.5151619911193848,0.6260157823562622,0.6610421485004205,10.619832992553711,0.048509426,6.184290885925293,5.066370487213135,0.530235767364502,0.530235767364502
010110,4,1,0,-1.5423288345336914,1.5423288345336914,0.8238030225038528,0.4655775169842913,5.000861167907715,0.30841264,5.81902551651001,6.23762321472168,-1.0271668434143066,1.0271668434143066
010110,5,1,1,12.991836547851562,12.991836547851562,0.9999977350234985,3.170501458718921e-05,13.2208833694458,0.9826754,6.355311870574951,6.757749557495117,14.534165382385254,14.534165382385254
010111,0,0,0,7.9720659255981445,7.9720659255981445,0.9996551275253296,0.0030942521900908042,13.269554138183594,0.60077876,6.19201135635376,0.0,0.0,0.0
010111,1,0,0,6.933595180511475,6.933595180511475,0.9990264177322388,0.00772444190021742,6.46772575378418,1.0720298,5.8138017654418945,7.023499488830566,-1.03847074508667,1.03847074508667
010111,2,0,1,-7.182615280151367,7.182615280151367,0.9992408982361667,0.006211725986344858,4.580739974975586,1.5680033,6.026566028594971,6.8833136558532715,-14.116210460662842,14.116210460662842
010111,3,0,1,-3.639557361602783,3.639557361602783,0.9744081757962704,0.11906790344921585,4.180335521697998,0.8706376,5.895002841949463,6.3494110107421875,3.543057918548584,3.543057918548584
010111,4,0,1,-6.288623332977295,6.288623332977295,0.9981461281422526,0.013513894234108908,9.42712116241455,0.6670778,5.947382926940918,6.776983737945557,-2.6490659713745117,2.6490659713745117
010111,5,0,1,-10.210820198059082,10.210820198059082,0.9999632310573361,0.00041221068093943,3.917057752609253,2.6067576,5.833800792694092,6.072669506072998,-3.922196865081787,3.922196865081787
011000,0,0,0,10.406880378723145,10.406880378723145,0.9999697208404541,0.0003453348949836953,8.425203323364258,1.2352083,6.195858478546143,0.0,0.0,0.0
011000,1,0,0,6.743535041809082,6.743535041809082,0.9988228678703308,0.009115811737432606,6.453867435455322,1.0448828,5.811031818389893,6.819039821624756,-3.6633453369140625,3.6633453369140625
011000,2,0,1,-6.799523830413818,6.799523830413818,0.9988869347143918,0.008681999174592628,4.690099716186523,1.449761,5.979413986206055,6.821381568908691,-13.5430588722229,13.5430588722229
011000,3,0,1,-3.7987890243530273,3.7987890243530273,0.978092797100544,0.10537157176685776,3.8386268615722656,0.9896219,5.897700309753418,6.281707286834717,3.000734806060791,3.000734806060791
011000,4,0,1,-6.414148330688477,6.414148330688477,0.9983644648455083,0.012127439200476068,9.765358924865723,0.6568267,5.931118965148926,6.771096229553223,-2.615359306335449,2.615359306335449
011000,5,0,1,-10.191168785095215,10.191168785095215,0.9999625013733748,0.0004196541595337333,3.9180655479431152,2.6010716,5.827999114990234,6.059811592102051,-3.7770204544067383,3.7770204544067383
011001,0,1,1,9.323132514953613,9.323132514953613,0.9999107122421265,0.000921771231271526,7.571695804595947,1.2313137,6.095030307769775,0.0,0.0,0.0
011001,1,1,1,7.791976451873779,7.791976451873779,0.9995871186256409,0.0036301123997976546,5.686760425567627,1.370196,5.735464096069336,7.219552993774414,-1.531156063079834,1.531156063079834
011001,2,1,0,-1.0373477935791016,1.0373477935791016,0.7383379340171814,0.5747882168102919,4.8158793449401855,0.21540153,5.634252071380615,5.831001281738281,-8.82932424545288,8.82932424545288
011001,3,1,0,-1.4944839477539062,1.4944839477539062,0.8167503327131271,0.4762855045700719,10.144389152526855,0.14732124,6.1986589431762695,5.006441116333008,-0.4571361541748047,0.4571361541748047
011001,4,1,0,-1.534764289855957,1.534764289855957,0.8227023184299469,0.4672709980942676,5.377320289611816,0.28541434,5.800276279449463,6.262746810913086,-0.04028034210205078,0.04028034210205078
011001,5,1,1,12.96179485321045,12.96179485321045,0.999997615814209,3.325140678496236e-05,13.225104331970215,0.9800902,6.3523688316345215,6.783417701721191,14.496559143066406,14.496559143066406
011010,0,1,1,9.941939353942871,9.941939353942871,0.9999518394470215,0.0005269220168235059,6.688310146331787,1.4864651,6.043972492218018,0.0,0.0,0.0
011010,1,1,1,7.30202579498291,7.30202579498291,0.9993263483047485,0.005592966556073827,5.811930179595947,1.2563857,5.725036144256592,6.999270439147949,-2.639913558959961,2.639913558959961
011010,2,1,0,-1.5200576782226562,1.5200576782226562,0.8205469697713852,0.4705630762973896,4.483427047729492,0.33903924,5.621144771575928,5.842561721801758,-8.822083473205566,8.822083473205566
011010,3,1,0,-1.915870189666748,1.915870189666748,0.8716771900653839,0.38318595559619073,10.051980972290039,0.19059628,6.197834491729736,5.156653881072998,-0.3958125114440918,0.3958125114440918
011010,4,1,0,-1.5594654083251953,1.5594654083251953,0.8262766301631927,0.46174124525862364,5.391952991485596,0.28922087,5.787954330444336,6.254521369934082,0.35640478134155273,0.35640478134155273
011010,5,1,1,12.933694839477539,12.933694839477539,0.999997615814209,3.325140678496236e-05,13.230756759643555,0.97754765,6.352416515350342,6.792064189910889,14.493160247802734,14.493160247802734
011011,0,0,0,8.773757934570312,8.773757934570312,0.9998452663421631,0.001512324664317007,10.9952974319458,0.7979555,6.170351982116699,0.0,0.0,0.0
011011,1,0,0,7.325570106506348,7.325570106506348,0.9993419051170349,0.005479187643133374,6.318747043609619,1.1593391,5.807218074798584,7.045363426208496,-1.4481878280639648,1.4481878280639648
011011,2,0,1,-6.636490821838379,6.636490821838379,0.9986900961957872,0.010003927039868764,4.610490322113037,1.4394327,5.8995256423950195,6.739232063293457,-13.962060928344727,13.962060928344727
011011,3,0,1,-3.685670852661133,3.685670852661133,0.975533289834857,0.11494723428935325,4.312262535095215,0.8546954,5.903234481811523,6.1598944664001465,2.950819969177246,2.950819969177246
011011,4,0,1,-6.258284091949463,6.258284091949463,0.9980891302693635,0.013871463395841227,9.4547700881958,0.66191816,5.940164566040039,6.75258207321167,-2.57261323928833,2.57261323928833
011011,5,0,1,-10.195383071899414,10.195383071899414,0.9999626590652042,0.00041804676344365025,3.922119379043579,2.5994575,5.832580089569092,6.070669174194336,-3.937098979949951,3.937098979949951
011100,0,1,1,1.226853847503662,1.226853847503662,0.7732674479484558,0.535298004843343,10.600805282592773,0.11573213,6.161093235015869,0.0,0.0,0.0
011100,1,1,0,-1.1140146255493164,1.1140146255493164,0.752876803278923,0.5591525270407937,9.448149681091309,0.11790823,5.935380935668945,6.700770378112793,-2.3408684730529785,2.3408684730529785
011100,2,1,0,-10.615004539489746,10.615004539489746,0.9999754556538392,0.0002850829899458112,5.803729057312012,1.8289973,5.988429546356201,7.895782470703125,-9.50098991394043,9.50098991394043
011100,3,1,1,5.222705364227295,5.222705364227295,0.9946362376213074,0.03339158199790542,6.475409030914307,0.8065445,5.955659866333008,7.00063943862915,15.837709903717041,15.837709903717041
011100,4,1,1,2.772961139678955,2.772961139678955,0.9411970376968384,0.2236610481097817,4.5411882400512695,0.61062455,6.183956146240234,6.693387985229492,-2.44974422454834,2.44974422454834
011100,5,1,1,14.565958976745605,14.565958976745605,0.9999995231628418,7.417720012228406e-06,11.24345588684082,1.2955055,6.431624412536621,6.303436279296875,11.79299783706665,11.79299783706665
011101,0,0,0,2.6345720291137695,2.6345720291137695,0.9330536723136902,0.24566744059513293,12.114004135131836,0.21748152,6.0875115394592285,0.0,0.0,0.0
011101,1,0,0,0.05545520782470703,0.05545520782470703,0.5138602256774902,0.6927629196249396,5.608092308044434,0.009888426,5.731058120727539,7.020703315734863,-2.5791168212890625,2.5791168212890625
011101,2,0,1,-4.873499870300293,4.873499870300293,0.9924114695750177,0.044600171754359354,4.178131103515625,1.1664306,5.649937629699707,7.083575248718262,-4.928955078125,4.928955078125
011101,3,0,0,7.473697185516357,7.473697185516357,0.9994325041770935,0.004808955837422582,3.6187851428985596,2.0652504,6.184935092926025,6.835453987121582,12.34719705581665,12.34719705581665
011101,4,0,1,-4.727724075317383,4.727724075317383,0.9912309935316443,0.05026512354938156,10.19941520690918,0.46352893,6.366127014160156,6.636730670928955,-12.20142126083374,12.20142126083374
011101,5,0,1,-12.748946189880371,12.748946189880371,0.9999970946280428,3.994580503922617e-05,3.604848623275757,3.5366106,6.078941822052002,7.730354309082031,-8.021222114562988,8.021222114562988
011110,0,0,0,2.6847739219665527,2.6847739219665527,0.9361222386360168,0.2375066173209297,12.470036506652832,0.215298,6.1256279945373535,0.0,0.0,0.0
011110,1,0,1,-0.014567375183105469,0.014567375183105469,0.5036417543888092,0.6931206555733628,5.789181709289551,0.00251631,5.730441570281982,6.974409103393555,-2.699341297149658,2.699341297149658
011110,2,0,1,-4.3760666847229,4.3760666847229,0.9875814374536276,0.06684077443557962,4.823394775390625,0.9072587,5.67061185836792,7.019840240478516,-4.361499309539795,4.361499309539795
011110,3,0,0,7.57554817199707,7.57554817199707,0.9994874000549316,0.004395933337823137,3.481889247894287,2.1757004,6.202747344970703,6.84268045425415,11.95161485671997,11.95161485671997
011110,4,0,1,-4.634701251983643,4.634701251983643,0.9903843514621258,0.05422783592519329,10.131217956542969,0.45746732,6.35889196395874,6.681793689727783,-12.210249423980713,12.210249423980713
011110,5,0,1,-12.734100341796875,12.734100341796875,0.9999970511737502,4.0499478123526915e-05,3.6068739891052246,3.5305088,6.080881595611572,7.735283374786377,-8.099399089813232,8.099399089813232
011111,0,1,1,0.8201665878295898,0.8201665878295898,0.6942716836929321,0.6156400451698028,9.658341407775879,0.084917955,6.183507442474365,0.0,0.0,0.0
011111,1,1,0,-0.16179847717285156,0.16179847717285156,0.5403616428375244,0.6898855084192841,7.244919300079346,0.022332681,5.910134792327881,6.7952423095703125,-0.9819650650024414,0.9819650650024414
011111,2,1,0,-10.179594039916992,10.179594039916992,0.9999620648304699,0.00042410051063011193,5.872178554534912,1.7335293,5.949214458465576,7.77255392074585,-10.01779556274414,10.01779556274414
011111,3,1,1,6.967557907104492,6.967557907104492,0.9990589022636414,0.007498660044567196,5.08004903793335,1.3715533,6.058218002319336,7.167099475860596,17.147151947021484,17.147151947021484
011111,4,1,1,2.2544503211975098,2.2544503211975098,0.9050337076187134,0.31387986469181944,4.333411693572998,0.52024835,6.154506206512451,6.770272731781006,-4.713107585906982,4.713107585906982
011111,5,1,1,13.859456062316895,13.859456062316895,0.9999990463256836,1.4174405133469909e-05,12.420530319213867,1.1158506,6.427229881286621,6.3583760261535645,11.605005741119385,11.605005741119385
100000,0,1,1,0.6548147201538086,0.6548147201538086,0.658094584941864,0.6422912463774555,9.02796745300293,0.0725318,6.149336814880371,0.0,0.0,0.0
100000,1,1,0,-1.3990650177001953,1.3990650177001953,0.8020354807376862,0.4975676674985956,9.567560195922852,0.14623007,5.949915885925293,6.679851055145264,-2.053879737854004,2.053879737854004
100000,2,1,0,-10.690752029418945,10.690752029418945,0.9999772461178509,0.0002660102507774789,5.787459850311279,1.847227,6.011744022369385,7.92006778717041,-9.29168701171875,9.29168701171875
100000,3,1,1,5.036909103393555,5.036909103393555,0.9935480952262878,0.038970453037446985,6.511531352996826,0.7735368,5.945372581481934,7.008950233459473,15.7276611328125,15.7276611328125
100000,4,1,1,2.8067665100097656,2.8067665100097656,0.9430403709411621,0.21851855555902266,4.572803497314453,0.6137956,6.187793731689453,6.694501876831055,-2.230142593383789,2.230142593383789
100000,5,1,1,14.603580474853516,14.603580474853516,0.9999995231628418,7.417720012228406e-06,11.1784029006958,1.3064103,6.431912422180176,6.301966190338135,11.79681396484375,11.79681396484375
100001,0,0,0,2.1229395866394043,2.1229395866394043,0.89311283826828,0.3399572948529679,10.553300857543945,0.20116356,6.0627288818359375,0.0,0.0,0.0
100001,1,0,1,-0.20329666137695312,0.20329666137695312,0.5506498515605927,0.6880075543264985,5.78790807723999,0.035124376,5.724128723144531,7.067680835723877,-2.3262362480163574,2.3262362480163574
100001,2,0,1,-4.828031539916992,4.828031539916992,0.9920612694695592,0.046298851010369554,4.223840713500977,1.143043,5.6440629959106445,7.097816467285156,-4.624734878540039,4.624734878540039
100001,3,0,0,7.4576287269592285,7.4576287269592285,0.9994233846664429,0.004877039484602528,3.654832124710083,2.0404847,6.172725200653076,6.805103302001953,12.28566026687622,12.28566026687622
100001,4,0,1,-4.757552623748779,4.757552623748779,0.9914865037426353,0.04905334963820997,10.183028221130371,0.4672041,6.366073131561279,6.611624240875244,-12.215181350708008,12.215181350708008
100001,5,0,1,-12.747068405151367,12.747068405151367,0.9999970891669818,4.001542268224515e-05,3.6050713062286377,3.5358713,6.078428268432617,7.72850227355957,-7.989515781402588,7.989515781402588
100010,0,0,0,2.6896824836730957,2.6896824836730957,0.9364151358604431,0.23671953588504083,12.130488395690918,0.22172911,6.1110405921936035,0.0,0.0,0.0
100010,1,0,1,-0.007855415344238281,0.007855415344238281,0.5019638538360596,0.693139467094334,5.814564228057861,0.0013509896,5.727885723114014,6.9747114181518555,-2.697537899017334,2.697537899017334
100010,2,0,1,-4.501152038574219,4.501152038574219,0.9890255685895681,0.060432678988212876,4.6652350425720215,0.96482855,5.664857864379883,7.026974201202393,-4.4932966232299805,4.4932966232299805
100010,3,0,0,7.554267883300781,7.554267883300781,0.9994763731956482,0.004479349511441693,3.499445676803589,2.158704,6.19895076751709,6.85356330871582,12.055419921875,12.055419921875
100010,4,0,1,-4.654171943664551,4.654171943664551,0.990568014793098,0.053374828919586635,10.14058780670166,0.4589647,6.36067008972168,6.673554420471191,-12.208439826965332,12.208439826965332
100010,5,0,1,-12.738038063049316,12.738038063049316,0.9999970627623043,4.0351885511117e-05,3.606888771057129,3.531586,6.080437183380127,7.735044956207275,-8.083866119384766,8.083866119384766
100011,0,1,1,0.8711051940917969,0.8711051940917969,0.7049756050109863,0.606589349908536,9.717432975769043,0.08964355,6.168859481811523,0.0,0.0,0.0
100011,1,1,0,-0.04181480407714844,0.04181480407714844,0.510452151298523,0.6929286697082833,7.079388618469238,0.005906556,5.900746822357178,6.773194313049316,-0.9129199981689453,0.9129199981689453
100011,2,1,0,-10.155075073242188,10.155075073242188,0.9999611232415191,0.00043367391331555104,5.865877151489258,1.7312117,5.940374374389648,7.7594780921936035,-10.113260269165039,10.113260269165039
100011,3,1,1,7.037380695343018,7.037380695343018,0.9991223216056824,0.007054595810316587,4.967813968658447,1.4165951,6.066203594207764,7.174515247344971,17.192455768585205,17.192455768585205
100011,4,1,1,2.217956066131592,2.217956066131592,0.9018504619598389,0.32099796421414895,4.324286460876465,0.51290685,6.153347969055176,6.7781982421875,-4.819424629211426,4.819424629211426
100011,5,1,1,13.80068588256836,13.80068588256836,0.999998927116394,1.5819838473186284e-05,12.499637603759766,1.1040869,6.426484107971191,6.363510608673096,11.582729816436768,11.582729816436768
100100,0,0,0,11.181905746459961,11.181905746459961,0.9999860525131226,0.000169883236862024,7.1056647300720215,1.5736607,6.185290813446045,0.0,0.0,0.0
100100,1,0,0,7.5070648193359375,7.5070648193359375,0.9994511008262634,0.004669661623640771,6.363578796386719,1.1796923,5.829015731811523,6.853805065155029,-3.6748409271240234,3.6748409271240234
100100,2,0,1,-6.173297882080078,6.173297882080078,0.9979199848603457,0.014922734519630488,4.864815711975098,1.2689685,5.879932880401611,6.695292949676514,-13.680362701416016,13.680362701416016
100100,3,0,1,-3.9195327758789062,3.9195327758789062,0.980536000803113,0.09594570046060964,4.080031871795654,0.9606623,5.895026206970215,6.120621204376221,2.253765106201172,2.253765106201172
100100,4,0,1,-6.306698322296143,6.306698322296143,0.998179275309667,0.013305145515878322,9.603225708007812,0.6567271,5.913602352142334,6.747189998626709,-2.3871655464172363,2.3871655464172363
100100,5,0,1,-10.188106536865234,10.188106536865234,0.9999623863732268,0.0004208259692820918,3.9155542850494385,2.6019576,5.825069904327393,6.054539203643799,-3.881408214569092,3.881408214569092
100101,0,1,1,9.894736289978027,9.894736289978027,0.99994957447052,0.0005493855245083988,6.745404243469238,1.4668856,6.130569934844971,0.0,0.0,0.0
100101,1,1,1,7.9801201820373535,7.9801201820373535,0.9996578693389893,0.0030723835447267617,5.649282932281494,1.4125899,5.73327112197876,7.215951919555664,-1.9146161079406738,1.9146161079406738
100101,2,1,0,-0.8034896850585938,0.8034896850585938,0.6907204687595367,0.6185229895858649,4.784477233886719,0.16793677,5.631605625152588,5.804643154144287,-8.783609867095947,8.783609867095947
100101,3,1,0,-1.9544687271118164,1.9544687271118164,0.8759330958127975,0.3749504519251278,9.898107528686523,0.19745883,6.192999362945557,5.002978801727295,-1.1509790420532227,1.1509790420532227
100101,4,1,0,-1.5990095138549805,1.5990095138549805,0.8318799138069153,0.4528928102149037,5.284116268157959,0.3026068,5.787878036499023,6.242118835449219,0.35545921325683594,0.35545921325683594
100101,5,1,1,12.89252758026123,12.89252758026123,0.9999974966049194,3.4791836018033345e-05,13.265542030334473,0.971881,6.3499956130981445,6.785408020019531,14.491537094116211,14.491537094116211
100110,0,1,1,8.132272720336914,8.132272720336914,0.9997062087059021,0.002683047233507234,7.897555351257324,1.0297203,5.993420600891113,0.0,0.0,0.0
100110,1,1,1,6.5308146476745605,6.5308146476745605,0.9985443353652954,0.010963432089466547,6.064690589904785,1.0768586,5.662691116333008,7.009092330932617,-1.6014580726623535,1.6014580726623535
100110,2,1,0,-0.9292507171630859,0.9292507171630859,0.7169232666492462,0.5958357482728758,4.947790145874023,0.18781127,5.695544719696045,5.657258987426758,-7.4600653648376465,7.4600653648376465
100110,3,1,0,-0.23342561721801758,0.23342561721801758,0.5580928921699524,0.686382344164693,10.626717567443848,0.021965919,6.175992965698242,5.042595863342285,0.6958250999450684,0.6958250999450684
100110,4,1,0,-1.550363540649414,1.550363540649414,0.824966236948967,0.46377878876932055,4.813427925109863,0.32209137,5.8239054679870605,6.21646785736084,-1.3169379234313965,1.3169379234313965
100110,5,1,1,12.997820854187012,12.997820854187012,0.9999977350234985,3.170501458718921e-05,13.2196683883667,0.9832184,6.355495452880859,6.745950222015381,14.548184394836426,14.548184394836426
100111,0,0,0,8.018595695495605,8.018595695495605,0.9996708631515503,0.0029684432213192206,12.617301940917969,0.6355238,6.1898627281188965,0.0,0.0,0.0
100111,1,0,0,7.128148555755615,7.128148555755615,0.9991984963417053,0.006515118795271692,6.42767333984375,1.108978,5.8042473793029785,7.044363975524902,-0.8904471397399902,0.8904471397399902
100111,2,0,1,-7.034965515136719,7.034965515136719,0.9991202261880971,0.007069339500431437,4.5509443283081055,1.5458255,5.979780197143555,6.8312811851501465,-14.163114070892334,14.163114070892334
100111,3,0,1,-3.586501121520996,3.586501121520996,0.973051281645894,0.12397010006764397,4.381729602813721,0.8185127,5.899163722991943,6.290647983551025,3.4484643936157227,3.4484643936157227
100111,4,0,1,-6.269533157348633,6.269533157348633,0.9981104648904875,0.01373782550303426,9.40784740447998,0.6664153,5.953019618988037,6.771579265594482,-2.6830320358276367,2.6830320358276367
100111,5,0,1,-10.206652641296387,10.206652641296387,0.9999630775055266,0.00041377825067261825,3.9215316772460938,2.602721,5.835178852081299,6.07789945602417,-3.937119483947754,3.937119483947754
101000,0,0,0,10.658796310424805,10.658796310424805,0.9999765157699585,0.00027380662090348377,7.976659297943115,1.3362482,6.19359827041626,0.0,0.0,0.0
101000,1,0,0,6.988283634185791,6.988283634185791,0.9990781545639038,0.007364320751473851,6.447617530822754,1.0838552,5.818016052246094,6.826479911804199,-3.6705126762390137,3.6705126762390137
101000,2,0,1,-6.655255317687988,6.655255317687988,0.9987144154729322,0.009842304922033954,4.742879390716553,1.4032099,5.964746952056885,6.804903507232666,-13.64353895187378,13.64353895187378
101000,3,0,1,-3.822493076324463,3.822493076324463,0.9785949941724539,0.10345790148041581,3.8017406463623047,1.0054587,5.8969197273254395,6.2574872970581055,2.8327622413635254,2.8327622413635254
101000,4,0,1,-6.410085678100586,6.410085678100586,0.998357817530632,0.012170062551945917,9.771687507629395,0.65598553,5.9279398918151855,6.768957614898682,-2.587592601776123,2.587592601776123
101000,5,0,1,-10.18824291229248,10.18824291229248,0.9999623914991389,0.0004207737455937752,3.918225049972534,2.600219,5.827197551727295,6.05839204788208,-3.7781572341918945,3.7781572341918945
101001,0,1,1,9.496419906616211,9.496419906616211,0.999924898147583,0.0007883161885318636,7.269747734069824,1.3062929,6.102133274078369,0.0,0.0,0.0
101001,1,1,1,7.855789661407471,7.855789661407471,0.9996126294136047,0.0034305287418044204,5.677601337432861,1.3836459,5.7354044914245605,7.212138652801514,-1.6406302452087402,1.6406302452087402
101001,2,1,0,-0.9645051956176758,0.9645051956176758,0.7240228950977325,0.5891135908279442,4.771583080291748,0.20213526,5.630998611450195,5.823853015899658,-8.820294857025146,8.820294857025146
101001,3,1,0,-1.7302303314208984,1.7302303314208984,0.8494418859481812,0.4236759727380669,10.025047302246094,0.17259073,6.196582317352295,5.010444641113281,-0.7657251358032227,0.7657251358032227
101001,4,1,0,-1.5619478225708008,1.5619478225708008,0.8266326785087585,0.4611855583643097,5.35469388961792,0.29169694,5.7942891120910645,6.254603862762451,0.16828250885009766,0.16828250885009766
101001,5,1,1,12.930596351623535,12.930596351623535,0.999997615814209,3.325140678496236e-05,13.243305206298828,0.9763874,6.3513503074646,6.7852630615234375,14.492544174194336,14.492544174194336
101010,0,1,1,9.311883926391602,9.311883926391602,0.9999096393585205,0.0009317679017869776,6.883400917053223,1.3528028,6.017923355102539,0.0,0.0,0.0
101010,1,1,1,6.996908187866211,6.996908187866211,0.9990861415863037,0.00730847102320159,5.8236589431762695,1.2014625,5.697965621948242,6.979116439819336,-2.3149757385253906,2.3149757385253906
101010,2,1,0,-1.2366094589233398,1.2366094589233398,0.7749732881784439,0.5331968748720202,4.461738586425781,0.27715865,5.643931865692139,5.765383720397949,-8.23351764678955,8.23351764678955
101010,3,1,0,-1.3438754081726074,1.3438754081726074,0.7931265383958817,0.509784670958495,10.432762145996094,0.128813,6.1904449462890625,5.125192642211914,-0.10726594924926758,0.10726594924926758
101010,4,1,0,-1.5810546875,1.5810546875,0.8293538242578506,0.45690932878711066,5.214772701263428,0.30318764,5.800350666046143,6.243790626525879,-0.23717927932739258,0.23717927932739258
101010,5,1,1,12.920305252075195,12.920305252075195,0.9999974966049194,3.4791836018033345e-05,13.259613990783691,0.97441036,6.353158473968506,6.7762556076049805,14.501359939575195,14.501359939575195
101011,0,0,0,8.770895004272461,8.770895004272461,0.9998447895050049,0.001516507532807141,10.671263694763184,0.8219172,6.16908073425293,0.0,0.0,0.0
101011,1,0,0,7.362129211425781,7.362129211425781,0.9993656277656555,0.005304974222059908,6.35011625289917,1.1593692,5.803942680358887,7.0394134521484375,-1.4087657928466797,1.4087657928466797
101011,2,0,1,-6.668461799621582,6.668461799621582,0.9987312604207546,0.009730086506129177,4.610647678375244,1.4463178,5.910665035247803,6.759371280670166,-14.030591011047363,14.030591011047363
101011,3,0,1,-3.6120834350585938,3.6120834350585938,0.9737140573561192,0.12158461083400478,4.40089750289917,0.8207606,5.903287410736084,6.184335708618164,3.0563783645629883,3.0563783645629883
101011,4,0,1,-6.250042915344238,6.250042915344238,0.9980733477277681,0.013970169901903601,9.417558670043945,0.6636585,5.949116230010986,6.758142948150635,-2.6379594802856445,2.6379594802856445
101011,5,0,1,-10.198351860046387,10.198351860046387,0.9999627697543474,0.00041691808100458,3.9242546558380127,2.5987997,5.83465576171875,6.076104640960693,-3.9483089447021484,3.9483089447021484
101100,0,1,1,1.0463147163391113,1.0463147163391113,0.7400665879249573,0.5729872567303784,10.047353744506836,0.10413834,6.156970500946045,0.0,0.0,0.0
101100,1,1,0,-1.1775760650634766,1.1775760650634766,0.7645116895437241,0.5458233555193285,9.48578929901123,0.124141075,5.93995475769043,6.6952362060546875,-2.223890781402588,2.223890781402588
101100,2,1,0,-10.6150484085083,10.6150484085083,0.9999754567324999,0.0002850715399337672,5.805939197540283,1.8283086,5.9927873611450195,7.899518966674805,-9.437472343444824,9.437472343444824
101100,3,1,1,5.2803120613098145,5.2803120613098145,0.9949349761009216,0.031822834149439976,6.473414421081543,0.81569195,5.956879615783691,7.0107245445251465,15.895360469818115,15.895360469818115
101100,4,1,1,2.76170015335083,2.76170015335083,0.9405707120895386,0.22539429189832974,4.535403251647949,0.6089205,6.183165550231934,6.6949005126953125,-2.5186119079589844,2.5186119079589844
101100,5,1,1,14.553473472595215,14.553473472595215,0.9999995231628418,7.417720012228406e-06,11.267515182495117,1.2916311,6.431722640991211,6.304319381713867,11.791773319244385,11.791773319244385
101101,0,0,0,2.467989444732666,2.467989444732666,0.9218670725822449,0.2741854805679472,11.692732810974121,0.21107037,6.08369779586792,0.0,0.0,0.0
101101,1,0,0,0.030467987060546875,0.030467987060546875,0.507616400718689,0.6930311569509016,5.617316722869873,0.00542394,5.730228900909424,7.030078411102295,-2.437521457672119,2.437521457672119
101101,2,0,1,-4.761224269866943,4.761224269866943,0.9915174404159188,0.04890611002636623,4.320001602172852,1.1021348,5.650060653686523,7.082951545715332,-4.79169225692749,4.79169225692749
101101,3,0,0,7.492205619812012,7.492205619812012,0.9994428753852844,0.0047313490347106225,3.5994069576263428,2.081511,6.184194087982178,6.820780277252197,12.253429889678955,12.253429889678955
101101,4,0,1,-4.715137481689453,4.715137481689453,0.9911209102720022,0.05078487261313901,10.188826560974121,0.46277532,6.364832878112793,6.6367669105529785,-12.207343101501465,12.207343101501465
101101,5,0,1,-12.74612808227539,12.74612808227539,0.9999970864287206,4.0050326197011925e-05,3.6049816608428955,3.5356984,6.079082489013672,7.730565071105957,-8.030990600585938,8.030990600585938
101110,0,0,0,2.593904495239258,2.593904495239258,0.9304682612419128,0.2524260129801294,12.166345596313477,0.21320325,6.121251106262207,0.0,0.0,0.0
101110,1,0,1,-0.029935836791992188,0.029935836791992188,0.5074833929538727,0.6930351740358585,5.790505409240723,0.005169814,5.728302001953125,6.982820510864258,-2.62384033203125,2.62384033203125
101110,2,0,1,-4.14385986328125,4.14385986328125,0.9843861488625407,0.08043864178486514,5.129188537597656,0.80789775,5.673036575317383,7.011919975280762,-4.113924026489258,4.113924026489258
101110,3,0,0,7.586078643798828,7.586078643798828,0.9994927644729614,0.004355266995208879,3.5098788738250732,2.1613505,6.19699239730835,6.8065924644470215,11.729938507080078,11.729938507080078
101110,4,0,1,-4.648165702819824,4.648165702819824,0.9905117321759462,0.0536366087058261,10.074919700622559,0.46136007,6.356890678405762,6.673591613769531,-12.234244346618652,12.234244346618652
101110,5,0,1,-12.725228309631348,12.725228309631348,0.999997024895265,4.08339942474509e-05,3.6068921089172363,3.5280313,6.081183910369873,7.735668182373047,-8.077062606811523,8.077062606811523
101111,0,1,1,0.8346271514892578,0.8346271514892578,0.6973324418067932,0.6131076043902484,9.73883056640625,0.08570096,6.188666820526123,0.0,0.0,0.0
101111,1,1,0,-0.06795501708984375,0.06795501708984375,0.5169822573661804,0.6925702754790832,7.0864787101745605,0.009589391,5.903951644897461,6.797731876373291,-0.9025821685791016,0.9025821685791016
101111,2,1,0,-10.166369438171387,10.166369438171387,0.9999615598426317,0.000429237735313753,5.865028381347656,1.733388,5.944469451904297,7.763124942779541,-10.098414421081543,10.098414421081543
101111,3,1,1,7.020046234130859,7.020046234130859,0.9991069436073303,0.007162682142782767,4.995224952697754,1.4053514,6.063759803771973,7.174078464508057,17.186415672302246,17.186415672302246
101111,4,1,1,2.2277207374572754,2.2277207374572754,0.9027113914489746,0.31908426229167036,4.327160358428955,0.5148228,6.153626918792725,6.776463508605957,-4.792325496673584,4.792325496673584
101111,5,1,1,13.816773414611816,13.816773414611816,0.9999990463256836,1.4174405133469909e-05,12.478480339050293,1.1072481,6.426745414733887,6.362070083618164,11.589052677154541,11.589052677154541
110000,0,0,1,-9.07354736328125,9.07354736328125,0.9998853540746495,0.0011548977377882704,4.548971652984619,1.994637,6.435044288635254,0.0,0.0,0.0
110000,1,0,1,-8.30931568145752,8.30931568145752,0.9997538481256925,0.002291535795373656,6.829470157623291,1.2166853,5.599406719207764,7.127011775970459,0.7642316818237305,0.7642316818237305
110000,2,0,1,-10.96358871459961,10.96358871459961,0.9999826792627573,0.00020721832555107317,5.521473407745361,1.9856274,5.7530436515808105,6.261251926422119,-2.65427303314209,2.65427303314209
110000,3,0,1,-3.924222469329834,3.924222469329834,0.9806253015995026,0.09559547382400613,3.0463736057281494,1.2881619,5.905268669128418,6.451205253601074,7.039366245269775,7.039366245269775
110000,4,0,1,-6.294389724731445,6.294389724731445,0.9981567679205909,0.013446954028434582,9.4251708984375,0.66782767,5.988590717315674,6.618168354034424,-2.3701672554016113,2.3701672554016113
110000,5,0,1,-10.19101333618164,10.19101333618164,0.9999624955453328,0.0004197135536408433,3.951716184616089,2.578883,5.861851215362549,6.016228675842285,-3.8966236114501953,3.8966236114501953
110001,0,1,0,-6.327350616455078,6.327350616455078,0.9982164254179224,0.013070468690100132,5.50915002822876,1.1485167,6.3311967849731445,0.0,0.0,0.0
110001,1,1,0,-6.942456245422363,6.942456245422363,0.9990350378211588,0.00766463573530198,4.009400367736816,1.7315447,5.542759418487549,7.387339115142822,-0.6151056289672852,0.6151056289672852
110001,2,1,0,-5.818206310272217,5.818206310272217,0.99703587917611,0.02021438893847571,3.443199872970581,1.6897672,5.752425193786621,6.161956310272217,1.1242499351501465,1.1242499351501465
110001,3,1,1,0.6569986343383789,0.6569986343383789,0.6585858464241028,0.641969024804329,7.172207832336426,0.0916034,5.996748447418213,7.0960822105407715,6.475204944610596,6.475204944610596
110001,4,1,0,-2.136075973510742,2.136075973510742,0.8943604454398155,0.3373005200142145,3.5138256549835205,0.6079061,5.816980361938477,5.991988182067871,-2.793074607849121,2.793074607849121
110001,5,1,1,12.009332656860352,12.009332656860352,0.9999939203262329,7.909993692861202e-05,13.457182884216309,0.8924106,6.362785816192627,6.669538974761963,14.145408630371094,14.145408630371094
110010,0,1,0,-6.39906120300293,6.39906120300293,0.9983396434690803,0.012286459479677804,5.590604305267334,1.1446099,6.308692932128906,0.0,0.0,0.0
110010,1,1,0,-6.665253639221191,6.665253639221191,0.9987271887948737,0.009757231453080977,4.045007705688477,1.6477728,5.5719499588012695,7.499188423156738,-0.2661924362182617,0.2661924362182617
110010,2,1,0,-5.654330253601074,5.654330253601074,0.9965099052060395,0.023230347712756165,3.6968495845794678,1.5294997,5.779565334320068,6.223909378051758,1.0109233856201172,1.0109233856201172
110010,3,1,1,1.0573692321777344,1.0573692321777344,0.7421874403953552,0.570756465766378,6.3991875648498535,0.16523492,5.982702255249023,7.09930944442749,6.711699485778809,6.711699485778809
110010,4,1,0,-2.163863182067871,2.163863182067871,0.8969571515917778,0.3317178129524225,3.5473272800445557,0.60999817,5.843055248260498,5.992478847503662,-3.2212324142456055,3.2212324142456055
110010,5,1,1,11.92213249206543,11.92213249206543,0.9999933242797852,8.623047711639754e-05,13.421326637268066,0.8882976,6.362256050109863,6.663947105407715,14.0859956741333,14.0859956741333
110011,0,0,1,-9.173954010009766,9.173954010009766,0.9998963051111787,0.0010549924068880068,4.642658233642578,1.9760132,6.469478130340576,0.0,0.0,0.0
110011,1,0,1,-7.852725982666016,7.852725982666016,0.9996114600799046,0.003439712961022381,6.104190349578857,1.2864484,5.61156702041626,7.036742687225342,1.32122802734375,1.32122802734375
110011,2,0,1,-10.955018997192383,10.955018997192383,0.9999825301929377,0.00020885202609236268,5.500020503997803,1.9918143,5.767726421356201,6.312741279602051,-3.102293014526367,3.102293014526367
110011,3,0,1,-3.9559216499328613,3.9559216499328613,0.9812184795737267,0.09325835763099231,3.1050078868865967,1.2740456,5.907510757446289,6.458103656768799,6.9990973472595215,6.9990973472595215
110011,4,0,1,-6.326799392700195,6.326799392700195,0.9982154438039288,0.01307667943540627,9.508901596069336,0.66535544,5.984454154968262,6.612857341766357,-2.370877742767334,2.370877742767334
110011,5,0,1,-10.184942245483398,10.184942245483398,0.9999622671675752,0.0004220402604590262,3.9532310962677,2.576359,5.860480785369873,6.013655185699463,-3.858142852783203,3.858142852783203
110100,0,1,0,-5.559999465942383,5.559999465942383,0.9961659777909517,0.025158552287427756,6.1672139167785645,0.90154153,6.163785457611084,0.0,0.0,0.0
110100,1,1,1,0.013502120971679688,0.013502120971679688,0.5033754706382751,0.6931243927807909,5.831996917724609,0.0023151797,5.648444652557373,7.405724048614502,5.5735015869140625,5.5735015869140625
110100,2,1,0,-6.757171154022217,6.757171154022217,0.9988388367928565,0.00900801642866041,5.631949424743652,1.1997926,6.152930736541748,7.027225494384766,-6.7706732749938965,6.7706732749938965
110100,3,1,1,4.870909690856934,4.870909690856934,0.9923920035362244,0.04469501435496595,6.812623023986816,0.714983,5.927820682525635,7.205765724182129,11.62808084487915,11.62808084487915
110100,4,1,1,2.6046042442321777,2.6046042442321777,0.9311572909355164,0.2506350552728087,4.5147528648376465,0.5769096,6.1805620193481445,6.892935276031494,-2.266305446624756,2.266305446624756
110100,5,1,1,14.606711387634277,14.606711387634277,0.9999995231628418,7.417720012228406e-06,11.203390121459961,1.303776,6.434546947479248,6.4048895835876465,12.0021071434021,12.0021071434021
110101,0,0,1,-0.9061427116394043,0.9061427116394043,0.7122101783752441,0.6001608439345812,7.388067722320557,0.12264948,6.225371837615967,0.0,0.0,0.0
110101,1,0,0,0.7555875778198242,0.7555875778198242,0.6803949475288391,0.6265713987635518,6.136125564575195,0.12313757,5.524240970611572,7.9305548667907715,1.6617302894592285,1.6617302894592285
110101,2,0,1,-2.9707698822021484,2.9707698822021484,0.9512359984219074,0.19485971333020563,3.2071969509124756,0.92628235,5.906940937042236,6.462686538696289,-3.7263574600219727,3.7263574600219727
110101,3,0,0,5.902491569519043,5.902491569519043,0.9972748160362244,0.018814276327691778,5.7702226638793945,1.0229226,6.100741386413574,6.302245616912842,8.873261451721191,8.873261451721191
110101,4,0,1,-5.334661483764648,5.334661483764648,0.9952015937305987,0.030407828707432066,9.5810546875,0.55679274,6.376314640045166,6.392438888549805,-11.237153053283691,11.237153053283691
110101,5,0,1,-12.638981819152832,12.638981819152832,0.9999967569135606,4.423240029107887e-05,3.6064674854278564,3.5045323,6.091109752655029,7.705493450164795,-7.304320335388184,7.304320335388184
110110,0,0,1,-1.8323278427124023,1.8323278427124023,0.8620388060808182,0.4012451279845534,6.898568153381348,0.2656099,6.271926403045654,0.0,0.0,0.0
110110,1,0,0,1.5075864791870117,1.5075864791870117,0.8187032341957092,0.47335414853363833,6.531733512878418,0.23080955,5.5990309715271,7.953444480895996,3.339914321899414,3.339914321899414
110110,2,0,1,-3.165043354034424,3.165043354034424,0.9594973996281624,0.16953816273325253,3.0391387939453125,1.0414277,5.923807144165039,6.656792163848877,-4.6726298332214355,4.6726298332214355
110110,3,0,0,6.656606674194336,6.656606674194336,0.9987161159515381,0.009830986676085231,4.760439395904541,1.3983177,6.118823528289795,6.526939868927002,9.82165002822876,9.82165002822876
110110,4,0,1,-5.373561382293701,5.373561382293701,0.9953838223591447,0.029432179083969747,9.501559257507324,0.5655452,6.395096778869629,6.523680686950684,-12.030168056488037,12.030168056488037
110110,5,0,1,-12.675970077514648,12.675970077514648,0.9999968746781178,4.274181166136556e-05,3.601186990737915,3.5199423,6.088650226593018,7.7407307624816895,-7.302408695220947,7.302408695220947
110111,0,1,0,-4.896458625793457,4.896458625793457,0.9925824305973947,0.04376503810519831,6.535810470581055,0.7491739,6.151348114013672,0.0,0.0,0.0
110111,1,1,0,-0.9147701263427734,0.9147701263427734,0.7139752805233002,0.5985538001095432,5.7762064933776855,0.15836866,5.616879463195801,7.337535381317139,3.9816884994506836,3.9816884994506836
110111,2,1,0,-6.044756889343262,6.044756889343262,0.9976353477686644,0.016661200239733574,5.732856273651123,1.0544058,6.0544610023498535,6.891796112060547,-5.129986763000488,5.129986763000488
110111,3,1,1,4.115995407104492,4.115995407104492,0.983951985836029,0.08223167570921294,7.492805004119873,0.54932636,5.9177327156066895,6.954457759857178,10.160752296447754,10.160752296447754
110111,4,1,1,2.742854118347168,2.742854118347168,0.9395084381103516,0.22831793571332135,4.578190326690674,0.59911317,6.1903204917907715,6.797823905944824,-1.3731412887573242,1.3731412887573242
110111,5,1,1,14.650583267211914,14.650583267211914,0.9999995231628418,7.417720012228406e-06,11.065038681030273,1.3240427,6.4338250160217285,6.380621910095215,11.907729148864746,11.907729148864746
111000,0,1,0,-5.797026634216309,5.797026634216309,0.9969726225826889,0.020581756620234745,6.094864368438721,0.951133,6.157410621643066,0.0,0.0,0.0
111000,1,1,0,-0.012866973876953125,0.012866973876953125,0.5032166540622711,0.693126486688487,5.855754852294922,0.002197321,5.649781227111816,7.376804351806641,5.7841596603393555,5.7841596603393555
111000,2,1,0,-6.880672454833984,6.880672454833984,0.9989736017305404,0.008089235727050958,5.581919193267822,1.2326715,6.173929214477539,7.056934833526611,-6.867805480957031,6.867805480957031
111000,3,1,1,4.878036022186279,4.878036022186279,0.9924455285072327,0.04443410842221039,6.828893184661865,0.7143231,5.925285339355469,7.260164737701416,11.758708477020264,11.758708477020264
111000,4,1,1,2.588782787322998,2.588782787322998,0.9301362037658691,0.25328648751997335,4.515884876251221,0.57326144,6.179202079772949,6.917673110961914,-2.2892532348632812,2.2892532348632812
111000,5,1,1,14.620556831359863,14.620556831359863,0.9999995231628418,7.417720012228406e-06,11.197549819946289,1.3056926,6.434035301208496,6.410029411315918,12.031774044036865,12.031774044036865
111001,0,0,1,-0.5831665992736816,0.5831665992736816,0.6417957246303558,0.6523779962244973,7.231973648071289,0.08063727,6.218447685241699,0.0,0.0,0.0
111001,1,0,0,1.2430925369262695,1.2430925369262695,0.7761018872261047,0.5317975823010506,6.46345329284668,0.19232637,5.5327887535095215,7.976413249969482,1.8262591361999512,1.8262591361999512
111001,2,0,1,-2.8467845916748047,2.8467845916748047,0.9451522380113602,0.21254903182560245,3.380661725997925,0.8420791,5.906547546386719,6.4701313972473145,-4.089877128601074,4.089877128601074
111001,3,0,0,5.697109699249268,5.697109699249268,0.9966555833816528,0.022403541015194574,6.105916976928711,0.93304735,6.0980916023254395,6.225847244262695,8.543894290924072,8.543894290924072
111001,4,0,1,-5.2877349853515625,5.2877349853515625,0.9949722136370838,0.031626070180498136,9.616157531738281,0.54988027,6.369131088256836,6.353240966796875,-10.98484468460083,10.98484468460083
111001,5,0,1,-12.623814582824707,12.623814582824707,0.9999967073501921,4.485845398598819e-05,3.6085360050201416,3.4983203,6.092207908630371,7.694045066833496,-7.3360795974731445,7.3360795974731445
111010,0,0,1,-1.9291014671325684,1.9291014671325684,0.8731499314308167,0.3803546472550161,7.001099586486816,0.27554265,6.2656965255737305,0.0,0.0,0.0
111010,1,0,0,1.4123101234436035,1.4123101234436035,0.8041300177574158,0.494623421641637,6.40321159362793,0.22056277,5.609440326690674,7.930984020233154,3.341411590576172,3.341411590576172
111010,2,0,1,-3.269744396209717,3.269744396209717,0.9633761532604694,0.1570619541952778,2.886413097381592,1.1328055,5.925432205200195,6.65618896484375,-4.68205451965332,4.68205451965332
111010,3,0,0,6.385388374328613,6.385388374328613,0.9983168840408325,0.012431942913992857,5.325160980224609,1.1990978,6.104072093963623,6.539587020874023,9.65513277053833,9.65513277053833
111010,4,0,1,-5.407111644744873,5.407111644744873,0.9955354467965662,0.02861488643866052,9.483941078186035,0.5701334,6.391556262969971,6.490286827087402,-11.792500019073486,11.792500019073486
111010,5,0,1,-12.665322303771973,12.665322303771973,0.9999968412223552,4.3165717476926575e-05,3.603426694869995,3.5147996,6.089488983154297,7.733213901519775,-7.2582106590271,7.2582106590271
111011,0,1,0,-4.58788537979126,4.58788537979126,0.9899281235411763,0.05633155499167962,6.725306510925293,0.6821824,6.149450778961182,0.0,0.0,0.0
111011,1,1,0,-0.7255516052246094,0.7255516052246094,0.6738283336162567,0.6314342577589271,5.7733659744262695,0.1256722,5.6294331550598145,7.388571262359619,3.8623337745666504,3.8623337745666504
111011,2,1,0,-5.985359191894531,5.985359191894531,0.9974910009186715,0.017529412691319975,6.028412342071533,0.9928583,6.0193352699279785,6.8287129402160645,-5.259807586669922,5.259807586669922
111011,3,1,1,4.1664814949035645,4.1664814949035645,0.984730064868927,0.07900962626458138,7.149637222290039,0.58275425,5.918903827667236,6.854857444763184,10.151840686798096,10.151840686798096
111011,4,1,1,2.768301486968994,2.768301486968994,0.9409385919570923,0.2243771052738085,4.573906898498535,0.60523784,6.189899444580078,6.733224868774414,-1.3981800079345703,1.3981800079345703
111011,5,1,1,14.625005722045898,14.625005722045898,0.9999995231628418,7.417720012228406e-06,11.095124244689941,1.3181471,6.4326701164245605,6.365261554718018,11.856704235076904,11.856704235076904
111100,0,0,1,-8.846014022827148,8.846014022827148,0.9998560663225362,0.0014171833599069292,4.656076908111572,1.8998858,6.384309768676758,0.0,0.0,0.0
111100,1,0,1,-7.285913467407227,7.285913467407227,0.9993153469986282,0.005673210045887162,5.059668064117432,1.4399983,5.599591255187988,7.149152755737305,1.5601005554199219,1.5601005554199219
111100,2,0,1,-10.805301666259766,10.805301666259766,0.9999797087730258,0.00023954425899999084,5.397628307342529,2.001861,5.799976825714111,6.3562912940979,-3.519388198852539,3.519388198852539
111100,3,0,1,-3.9773144721984863,3.9773144721984863,0.9816086888313293,0.0917105608695756,3.0677707195281982,1.2964836,5.907958030700684,6.4907450675964355,6.827987194061279,6.827987194061279
111100,4,0,1,-6.313017845153809,6.313017845153809,0.9981907244073227,0.013232903372743505,9.475696563720703,0.6662326,5.989270210266113,6.598776340484619,-2.3357033729553223,2.3357033729553223
111100,5,0,1,-10.190787315368652,10.190787315368652,0.9999624870688422,0.00041979993671193566,3.950199842453003,2.5798156,5.8615522384643555,6.013296604156494,-3.8777694702148438,3.8777694702148438
111101,0,1,0,-6.633263111114502,6.633263111114502,0.9986858669435605,0.010031987604363381,5.385477542877197,1.2316945,6.334431171417236,0.0,0.0,0.0
111101,1,1,0,-6.9004364013671875,6.9004364013671875,0.9989936680067331,0.007950968610029554,3.884326457977295,1.7764821,5.554961204528809,7.319163799285889,-0.26717329025268555,0.26717329025268555
111101,2,1,0,-6.415729999542236,6.415729999542236,0.9983670454239473,0.012110884947309778,3.003303050994873,2.1362247,5.717870712280273,6.148394584655762,0.48470640182495117,0.48470640182495117
111101,3,1,0,-0.7989034652709961,0.7989034652709961,0.6897398829460144,0.6193086309630387,8.972542762756348,0.08903869,6.072649002075195,7.188798904418945,5.61682653427124,5.61682653427124
111101,4,1,0,-2.0715456008911133,2.0715456008911133,0.888106644153595,0.35045563659931545,3.4230635166168213,0.605173,5.746743202209473,6.027164459228516,-1.2726421356201172,1.2726421356201172
111101,5,1,1,12.092720985412598,12.092720985412598,0.9999943971633911,7.335365014803318e-05,13.457942962646484,0.8985564,6.3651227951049805,6.69992208480835,14.164266586303711,14.164266586303711
111110,0,1,0,-6.97987174987793,6.97987174987793,0.9990704423398711,0.007418183197434355,5.352570533752441,1.3040224,6.317086696624756,0.0,0.0,0.0
111110,1,1,0,-6.879877090454102,6.879877090454102,0.998972785891965,0.008094848920620975,3.9402079582214355,1.7460696,5.594491004943848,7.428359508514404,0.09999465942382812,0.09999465942382812
111110,2,1,0,-6.2181572914123535,6.2181572914123535,0.9980110495816916,0.014358537520753192,3.093165159225464,2.0102894,5.733442783355713,6.199765205383301,0.661719799041748,0.661719799041748
111110,3,1,0,-0.3198118209838867,0.3198118209838867,0.5792784094810486,0.6805238418325616,8.255980491638184,0.038736988,6.05265998840332,7.197490215301514,5.898345470428467,5.898345470428467
111110,4,1,0,-2.115445137023926,2.115445137023926,0.8923953250050545,0.3414778407066305,3.470585584640503,0.6095355,5.770712852478027,6.035470962524414,-1.795633316040039,1.795633316040039
111110,5,1,1,12.035869598388672,12.035869598388672,0.9999940395355225,7.766699094576742e-05,13.446918487548828,0.89506525,6.3651933670043945,6.69730281829834,14.151314735412598,14.151314735412598
111111,0,0,1,-9.171865463256836,9.171865463256836,0.9998960883312975,0.0010569809090918544,4.644782543182373,1.9746598,6.46771240234375,0.0,0.0,0.0
111111,1,0,1,-7.83976936340332,7.83976936340332,0.9996063951693941,0.003479453432822072,6.121989727020264,1.2805917,5.609713554382324,7.026434421539307,1.3320960998535156,1.3320960998535156
111111,2,0,1,-10.973095893859863,10.973095893859863,0.9999828431500646,0.00020542075469541933,5.5174336433410645,1.9888043,5.7754364013671875,6.321911334991455,-3.133326530456543,3.133326530456543
111111,3,0,1,-3.93941068649292,3.93941068649292,0.980911772698164,0.09446912730261489,3.1189606189727783,1.2630523,5.90806770324707,6.460635662078857,7.033685207366943,7.033685207366943
111111,4,0,1,-6.2943854331970215,6.2943854331970215,0.998156760004349,0.01344700385632933,9.426158905029297,0.6677572,5.978977680206299,6.616628170013428,-2.3549747467041016,2.3549747467041016
111111,5,0,1,-10.189326286315918,10.189326286315918,0.9999624322226737,0.00042035882227530277,3.951172113418579,2.578811,5.860415458679199,6.011549472808838,-3.8949408531188965,3.8949408531188965
