panel,task_id,kind,ambiguity,P1_N1,P1_N0,P0_N1,P0_N0
1,0,COPY,single_read,1,1,1,1
1,1,COPY,single_read,1,1,1,1
1,2,SWAP,multi_read,0,0,0,0
1,3,SWAP,multi_read,0,0,0,0
1,4,MOVE2,multi_read,0,1,0,1
1,5,CHAIN_COPY,single_read,1,1,1,1
1,6,BACKUP_CLEAR,single_read,1,1,1,1
1,7,BACKUP_CLEAR,single_read,1,1,1,1
1,8,BACKUP_CLEAR,single_read,1,1,1,1
1,9,DUAL_COPY,multi_read,1,0,1,0
1,10,BACKUP_CLEAR,single_read,1,1,1,1
1,11,BACKUP_CLEAR,single_read,1,1,1,1
1,12,CHAIN_COPY,single_read,1,1,1,1
1,13,DUAL_COPY,multi_read,1,1,1,1
1,14,DUAL_COPY,multi_read,1,1,1,1
1,15,SWAP,multi_read,0,0,0,0
1,16,CHAIN_COPY,single_read,1,1,0,1
1,17,BACKUP_CLEAR,single_read,1,1,1,1
1,18,COPY,single_read,1,1,1,1
1,19,ROTATE3,multi_read,0,0,0,0
1,20,MOVE2,multi_read,1,1,0,1
1,21,MOVE2,multi_read,1,1,0,0
1,22,COPY,single_read,1,1,1,1
1,23,CHAIN_COPY,single_read,1,1,1,1
1,24,DUAL_COPY,multi_read,1,1,1,0
1,25,DUAL_COPY,multi_read,1,0,0,0
1,26,DUPLICATE,single_read,1,1,1,1
1,27,MOVE2,multi_read,0,1,0,0
1,28,CHAIN_COPY,single_read,1,1,1,1
1,29,DUAL_COPY,multi_read,1,1,1,1
1,30,COPY,single_read,1,1,1,1
1,31,SWAP,multi_read,1,1,0,0
1,32,ROTATE3,multi_read,0,0,0,1
1,33,SWAP,multi_read,1,1,0,1
1,34,MOVE2,multi_read,0,1,0,0
1,35,SWAP,multi_read,0,0,0,0
1,36,BACKUP_CLEAR,single_read,1,1,1,1
1,37,BACKUP_CLEAR,single_read,1,1,1,1
1,38,MOVE2,multi_read,1,0,0,1
1,39,DUAL_COPY,multi_read,1,1,1,1
1,40,SWAP,multi_read,1,1,1,1
1,41,CHAIN_COPY,single_read,1,1,1,1
1,42,DUAL_COPY,multi_read,0,1,0,0
1,43,CHAIN_COPY,single_read,1,1,1,1
1,44,FANOUT3,single_read,1,1,1,1
1,45,COPY,single_read,1,1,1,1
1,46,SWAP,multi_read,1,1,1,1
1,47,FANOUT3,single_read,1,1,1,1
1,48,FANOUT3,single_read,1,1,1,1
1,49,DUPLICATE,single_read,1,1,1,1
1,50,CHAIN_COPY,single_read,1,1,1,1
1,51,DUAL_COPY,multi_read,1,1,0,0
1,52,DUPLICATE,single_read,1,1,1,1
1,53,COPY,single_read,1,1,1,1
1,54,BACKUP_CLEAR,single_read,1,1,1,1
1,55,MOVE2,multi_read,0,0,0,0
1,56,ROTATE3,multi_read,0,0,0,0
1,57,COPY,single_read,1,1,1,1
1,58,ROTATE3,multi_read,0,0,0,0
1,59,DUPLICATE,single_read,1,1,1,1
1,60,CHAIN_COPY,single_read,1,1,1,1
1,61,SWAP,multi_read,0,0,0,0
1,62,COPY,single_read,1,1,1,1
1,63,MOVE2,multi_read,0,0,0,1
1,64,COPY,single_read,1,1,1,1
1,65,COPY,single_read,1,1,1,1
1,66,DUPLICATE,single_read,1,1,1,1
1,67,DUAL_COPY,multi_read,1,1,1,1
1,68,BACKUP_CLEAR,single_read,1,1,1,1
1,69,COPY,single_read,1,1,1,1
1,70,ROTATE3,multi_read,1,0,1,0
1,71,SWAP,multi_read,1,0,0,0
1,72,DUPLICATE,single_read,1,1,1,1
1,73,COPY,single_read,1,1,1,1
1,74,CHAIN_COPY,single_read,1,1,1,1
1,75,MOVE2,multi_read,1,0,0,0
1,76,DUPLICATE,single_read,1,1,1,1
1,77,MOVE2,multi_read,0,1,0,0
1,78,MOVE2,multi_read,1,1,1,0
1,79,SWAP,multi_read,1,1,1,0
1,80,MOVE2,multi_read,0,0,0,0
1,81,CHAIN_COPY,single_read,1,1,1,1
1,82,MOVE2,multi_read,1,1,1,0
1,83,FANOUT3,single_read,1,1,1,1
1,84,ROTATE3,multi_read,1,0,0,0
1,85,BACKUP_CLEAR,single_read,1,1,1,1
1,86,DUPLICATE,single_read,1,1,1,1
1,87,ROTATE3,multi_read,1,1,1,1
1,88,CHAIN_COPY,single_read,1,1,1,1
1,89,ROTATE3,multi_read,0,1,0,0
1,90,BACKUP_CLEAR,single_read,1,1,1,1
1,91,DUPLICATE,single_read,1,1,1,1
1,92,DUAL_COPY,multi_read,0,0,0,0
1,93,BACKUP_CLEAR,single_read,1,1,1,1
1,94,ROTATE3,multi_read,0,1,1,1
1,95,DUPLICATE,single_read,1,1,1,1
1,96,SWAP,multi_read,1,1,1,1
1,97,ROTATE3,multi_read,1,0,0,0
1,98,DUAL_COPY,multi_read,1,1,1,0
1,99,SWAP,multi_read,1,1,0,0
1,100,FANOUT3,single_read,1,1,1,1
1,101,DUPLICATE,single_read,1,1,1,1
1,102,DUAL_COPY,multi_read,0,0,0,0
1,103,CHAIN_COPY,single_read,1,1,1,1
1,104,MOVE2,multi_read,1,1,1,1
1,105,FANOUT3,single_read,1,1,1,1
1,106,ROTATE3,multi_read,0,0,0,0
1,107,FANOUT3,single_read,1,1,1,1
1,108,MOVE2,multi_read,1,1,1,1
1,109,MOVE2,multi_read,0,0,0,0
1,110,CHAIN_COPY,single_read,1,1,1,1
1,111,ROTATE3,multi_read,0,0,0,0
1,112,BACKUP_CLEAR,single_read,1,1,1,1
1,113,CHAIN_COPY,single_read,1,1,1,1
1,114,MOVE2,multi_read,0,0,0,0
1,115,DUPLICATE,single_read,1,1,1,1
1,116,ROTATE3,multi_read,0,0,0,0
1,117,DUPLICATE,single_read,1,1,1,1
1,118,DUAL_COPY,multi_read,1,0,0,0
1,119,DUPLICATE,single_read,1,1,1,1
1,120,BACKUP_CLEAR,single_read,1,1,1,1
1,121,SWAP,multi_read,1,1,0,0
1,122,DUPLICATE,single_read,1,1,1,1
1,123,SWAP,multi_read,1,1,1,1
1,124,DUPLICATE,single_read,1,1,1,1
1,125,ROTATE3,multi_read,1,1,1,1
1,126,COPY,single_read,1,1,1,1
1,127,CHAIN_COPY,single_read,1,1,1,1
1,128,COPY,single_read,1,1,1,1
1,129,DUAL_COPY,multi_read,1,1,0,0
1,130,DUPLICATE,single_read,1,1,1,1
1,131,CHAIN_COPY,single_read,1,1,1,1
1,132,MOVE2,multi_read,1,1,0,0
1,133,BACKUP_CLEAR,single_read,1,1,1,1
1,134,COPY,single_read,1,1,1,1
1,135,COPY,single_read,1,1,1,1
1,136,BACKUP_CLEAR,single_read,1,1,1,1
1,137,FANOUT3,single_read,0,0,0,0
1,138,SWAP,multi_read,1,1,1,1
1,139,CHAIN_COPY,single_read,1,1,1,1
1,140,CHAIN_COPY,single_read,1,1,1,1
1,141,SWAP,multi_read,1,1,1,1
1,142,CHAIN_COPY,single_read,1,1,1,1
1,143,BACKUP_CLEAR,single_read,1,1,1,1
1,144,ROTATE3,multi_read,1,0,1,0
1,145,FANOUT3,single_read,1,1,1,1
1,146,COPY,single_read,1,1,1,1
1,147,CHAIN_COPY,single_read,1,1,1,1
1,148,CHAIN_COPY,single_read,1,1,1,1
1,149,ROTATE3,multi_read,0,0,0,1
1,150,DUAL_COPY,multi_read,0,1,0,1
1,151,COPY,single_read,1,1,1,1
1,152,ROTATE3,multi_read,0,0,0,0
1,153,DUPLICATE,single_read,1,1,1,1
1,154,MOVE2,multi_read,1,1,0,0
1,155,COPY,single_read,1,1,1,1
1,156,DUAL_COPY,multi_read,1,1,0,0
1,157,DUPLICATE,single_read,1,1,1,1
1,158,CHAIN_COPY,single_read,1,1,1,1
1,159,DUPLICATE,single_read,1,1,1,1
1,160,MOVE2,multi_read,1,1,0,1
1,161,DUPLICATE,single_read,1,1,1,1
1,162,COPY,single_read,1,1,1,1
1,163,SWAP,multi_read,1,1,0,0
1,164,COPY,single_read,1,1,1,1
1,165,FANOUT3,single_read,1,1,1,1
1,166,DUPLICATE,single_read,1,1,1,1
1,167,SWAP,multi_read,1,1,0,0
1,168,BACKUP_CLEAR,single_read,1,1,1,1
1,169,DUAL_COPY,multi_read,0,0,0,0
1,170,COPY,single_read,1,1,1,1
1,171,ROTATE3,multi_read,0,0,0,0
1,172,SWAP,multi_read,1,1,0,0
1,173,FANOUT3,single_read,1,1,1,1
1,174,MOVE2,multi_read,1,0,0,0
1,175,COPY,single_read,1,1,1,1
1,176,FANOUT3,single_read,1,1,1,1
1,177,FANOUT3,single_read,1,1,1,1
1,178,ROTATE3,multi_read,1,1,1,0
1,179,COPY,single_read,1,1,1,1
1,180,ROTATE3,multi_read,1,1,1,1
1,181,DUPLICATE,single_read,1,1,1,1
1,182,BACKUP_CLEAR,single_read,1,1,1,1
1,183,DUPLICATE,single_read,1,1,1,1
1,184,ROTATE3,multi_read,0,0,1,0
1,185,MOVE2,multi_read,1,1,1,0
1,186,CHAIN_COPY,single_read,1,1,1,1
1,187,BACKUP_CLEAR,single_read,1,1,1,1
1,188,MOVE2,multi_read,1,1,0,0
1,189,BACKUP_CLEAR,single_read,1,1,1,1
1,190,COPY,single_read,1,1,1,1
1,191,MOVE2,multi_read,1,1,0,0
1,192,SWAP,multi_read,1,1,1,1
1,193,ROTATE3,multi_read,0,0,0,0
1,194,DUAL_COPY,multi_read,1,1,0,1
1,195,SWAP,multi_read,1,1,0,0
1,196,DUPLICATE,single_read,1,1,1,1
1,197,SWAP,multi_read,1,1,0,1
1,198,BACKUP_CLEAR,single_read,1,1,1,1
1,199,ROTATE3,multi_read,1,1,0,1
2,0,BACKUP_CLEAR,single_read,1,1,1,1
2,1,DUAL_COPY,multi_read,0,0,0,0
2,2,ROTATE3,multi_read,0,0,0,0
2,3,DUPLICATE,single_read,1,1,1,1
2,4,SWAP,multi_read,1,1,1,1
2,5,DUAL_COPY,multi_read,0,1,1,1
2,6,MOVE2,multi_read,1,1,1,1
2,7,BACKUP_CLEAR,single_read,1,1,1,1
2,8,COPY,single_read,1,1,1,1
2,9,MOVE2,multi_read,1,1,0,1
2,10,CHAIN_COPY,single_read,0,1,0,1
2,11,SWAP,multi_read,1,1,0,0
2,12,DUPLICATE,single_read,1,1,1,1
2,13,CHAIN_COPY,single_read,1,1,1,1
2,14,ROTATE3,multi_read,1,1,1,1
2,15,DUAL_COPY,multi_read,1,0,0,0
2,16,MOVE2,multi_read,0,0,0,0
2,17,FANOUT3,single_read,1,1,1,1
2,18,DUAL_COPY,multi_read,1,1,1,1
2,19,DUPLICATE,single_read,1,1,1,1
2,20,BACKUP_CLEAR,single_read,1,1,1,1
2,21,COPY,single_read,1,1,1,1
2,22,ROTATE3,multi_read,0,0,0,0
2,23,FANOUT3,single_read,1,1,1,1
2,24,BACKUP_CLEAR,single_read,1,1,1,1
2,25,ROTATE3,multi_read,0,0,1,1
2,26,SWAP,multi_read,0,0,0,0
2,27,MOVE2,multi_read,1,1,1,1
2,28,FANOUT3,single_read,1,1,1,1
2,29,COPY,single_read,1,1,1,1
2,30,CHAIN_COPY,single_read,1,1,1,1
2,31,DUPLICATE,single_read,1,1,1,1
2,32,COPY,single_read,1,1,1,1
2,33,DUPLICATE,single_read,1,1,1,1
2,34,DUPLICATE,single_read,1,1,1,1
2,35,DUPLICATE,single_read,1,1,1,1
2,36,DUPLICATE,single_read,1,1,1,1
2,37,COPY,single_read,1,1,1,1
2,38,MOVE2,multi_read,1,0,0,1
2,39,SWAP,multi_read,1,1,1,0
2,40,COPY,single_read,1,1,1,1
2,41,ROTATE3,multi_read,0,0,0,0
2,42,FANOUT3,single_read,1,1,1,1
2,43,ROTATE3,multi_read,0,0,0,0
2,44,ROTATE3,multi_read,0,0,1,1
2,45,DUPLICATE,single_read,1,1,1,1
2,46,COPY,single_read,1,1,1,1
2,47,ROTATE3,multi_read,0,0,0,0
2,48,SWAP,multi_read,1,0,0,0
2,49,SWAP,multi_read,1,1,1,1
2,50,CHAIN_COPY,single_read,1,0,1,1
2,51,FANOUT3,single_read,1,1,1,1
2,52,COPY,single_read,1,1,1,1
2,53,BACKUP_CLEAR,single_read,1,1,1,1
2,54,CHAIN_COPY,single_read,1,1,1,1
2,55,CHAIN_COPY,single_read,1,1,1,1
2,56,SWAP,multi_read,1,1,0,0
2,57,SWAP,multi_read,1,0,1,1
2,58,DUPLICATE,single_read,1,1,1,1
2,59,COPY,single_read,1,1,1,1
2,60,DUPLICATE,single_read,1,1,1,1
2,61,FANOUT3,single_read,1,1,1,1
2,62,BACKUP_CLEAR,single_read,1,1,1,1
2,63,DUPLICATE,single_read,1,1,1,1
2,64,FANOUT3,single_read,1,1,1,1
2,65,SWAP,multi_read,1,1,1,1
2,66,MOVE2,multi_read,1,1,0,0
2,67,BACKUP_CLEAR,single_read,1,1,1,1
2,68,MOVE2,multi_read,1,1,1,1
2,69,COPY,single_read,1,1,1,1
2,70,SWAP,multi_read,0,0,0,0
2,71,CHAIN_COPY,single_read,1,1,1,1
2,72,CHAIN_COPY,single_read,1,1,1,1
2,73,BACKUP_CLEAR,single_read,1,1,1,1
2,74,FANOUT3,single_read,1,1,1,1
2,75,DUPLICATE,single_read,1,1,1,1
2,76,DUAL_COPY,multi_read,0,1,0,1
2,77,DUPLICATE,single_read,1,1,1,1
2,78,ROTATE3,multi_read,0,0,0,0
2,79,DUAL_COPY,multi_read,0,0,0,0
2,80,COPY,single_read,1,1,1,1
2,81,BACKUP_CLEAR,single_read,1,1,1,1
2,82,CHAIN_COPY,single_read,1,1,1,1
2,83,DUPLICATE,single_read,1,1,1,1
2,84,COPY,single_read,1,1,1,1
2,85,FANOUT3,single_read,1,1,1,1
2,86,SWAP,multi_read,0,1,0,0
2,87,COPY,single_read,1,1,1,1
2,88,ROTATE3,multi_read,0,0,0,0
2,89,MOVE2,multi_read,1,0,1,0
2,90,COPY,single_read,1,1,1,1
2,91,BACKUP_CLEAR,single_read,1,1,1,1
2,92,SWAP,multi_read,1,1,0,0
2,93,CHAIN_COPY,single_read,1,1,1,1
2,94,ROTATE3,multi_read,0,0,1,1
2,95,FANOUT3,single_read,1,1,1,1
2,96,DUPLICATE,single_read,1,1,1,1
2,97,BACKUP_CLEAR,single_read,1,1,1,1
2,98,DUAL_COPY,multi_read,0,0,0,0
2,99,ROTATE3,multi_read,0,0,0,0
2,100,SWAP,multi_read,1,1,1,1
2,101,DUAL_COPY,multi_read,1,1,1,1
2,102,ROTATE3,multi_read,0,0,0,0
2,103,BACKUP_CLEAR,single_read,1,1,1,1
2,104,MOVE2,multi_read,0,1,0,1
2,105,SWAP,multi_read,1,1,0,1
2,106,CHAIN_COPY,single_read,1,1,1,1
2,107,CHAIN_COPY,single_read,1,1,1,1
2,108,SWAP,multi_read,1,1,0,0
2,109,ROTATE3,multi_read,0,0,0,0
2,110,DUPLICATE,single_read,1,1,1,1
2,111,FANOUT3,single_read,1,1,1,1
2,112,DUPLICATE,single_read,1,1,1,1
2,113,ROTATE3,multi_read,0,0,0,0
2,114,SWAP,multi_read,1,1,1,1
2,115,ROTATE3,multi_read,0,0,0,0
2,116,ROTATE3,multi_read,0,1,1,1
2,117,ROTATE3,multi_read,0,0,0,0
2,118,DUAL_COPY,multi_read,1,1,1,1
2,119,FANOUT3,single_read,1,1,1,1
2,120,COPY,single_read,1,1,1,1
2,121,DUAL_COPY,multi_read,1,1,0,0
2,122,FANOUT3,single_read,1,1,1,1
2,123,FANOUT3,single_read,1,1,1,1
2,124,FANOUT3,single_read,1,1,1,1
2,125,FANOUT3,single_read,1,1,1,1
2,126,CHAIN_COPY,single_read,1,1,1,1
2,127,BACKUP_CLEAR,single_read,1,1,1,1
2,128,CHAIN_COPY,single_read,1,1,1,1
2,129,ROTATE3,multi_read,0,0,0,0
2,130,FANOUT3,single_read,1,1,1,1
2,131,MOVE2,multi_read,1,1,0,1
2,132,MOVE2,multi_read,1,1,1,1
2,133,SWAP,multi_read,1,1,1,1
2,134,BACKUP_CLEAR,single_read,1,1,1,1
2,135,FANOUT3,single_read,1,1,1,1
2,136,MOVE2,multi_read,0,0,0,0
2,137,DUAL_COPY,multi_read,1,1,1,1
2,138,SWAP,multi_read,1,1,1,1
2,139,DUPLICATE,single_read,1,1,1,1
2,140,FANOUT3,single_read,1,1,1,1
2,141,MOVE2,multi_read,0,0,0,0
2,142,MOVE2,multi_read,1,1,0,0
2,143,BACKUP_CLEAR,single_read,1,1,1,1
2,144,ROTATE3,multi_read,0,1,0,1
2,145,SWAP,multi_read,1,1,1,1
2,146,DUPLICATE,single_read,1,1,1,1
2,147,DUPLICATE,single_read,1,1,1,1
2,148,COPY,single_read,1,1,1,1
2,149,DUPLICATE,single_read,1,1,1,1
2,150,FANOUT3,single_read,1,1,1,1
2,151,DUPLICATE,single_read,1,1,1,1
2,152,SWAP,multi_read,1,1,1,1
2,153,FANOUT3,single_read,1,1,1,1
2,154,DUPLICATE,single_read,1,1,1,1
2,155,DUPLICATE,single_read,1,1,1,1
2,156,DUPLICATE,single_read,1,1,1,1
2,157,ROTATE3,multi_read,0,0,1,0
2,158,ROTATE3,multi_read,0,0,0,0
2,159,CHAIN_COPY,single_read,1,1,1,1
2,160,COPY,single_read,1,1,1,1
2,161,DUAL_COPY,multi_read,1,0,0,0
2,162,MOVE2,multi_read,0,0,0,0
2,163,COPY,single_read,1,1,1,1
2,164,SWAP,multi_read,1,1,0,0
2,165,BACKUP_CLEAR,single_read,1,1,1,1
2,166,ROTATE3,multi_read,0,0,0,0
2,167,SWAP,multi_read,1,0,0,0
2,168,ROTATE3,multi_read,1,1,1,1
2,169,SWAP,multi_read,1,1,1,1
2,170,BACKUP_CLEAR,single_read,1,1,1,1
2,171,COPY,single_read,1,1,1,1
2,172,DUPLICATE,single_read,1,1,1,1
2,173,SWAP,multi_read,1,1,1,1
2,174,MOVE2,multi_read,1,1,1,1
2,175,CHAIN_COPY,single_read,1,1,1,1
2,176,FANOUT3,single_read,1,1,1,1
2,177,FANOUT3,single_read,1,1,1,1
2,178,BACKUP_CLEAR,single_read,1,1,1,0
2,179,SWAP,multi_read,1,1,0,0
2,180,MOVE2,multi_read,1,1,1,1
2,181,ROTATE3,multi_read,0,0,0,0
2,182,ROTATE3,multi_read,0,1,0,0
2,183,SWAP,multi_read,1,1,1,1
2,184,SWAP,multi_read,1,1,1,1
2,185,DUPLICATE,single_read,1,1,1,1
2,186,COPY,single_read,1,1,1,1
2,187,FANOUT3,single_read,1,1,1,1
2,188,CHAIN_COPY,single_read,1,1,1,1
2,189,FANOUT3,single_read,1,1,0,0
2,190,COPY,single_read,1,1,1,1
2,191,SWAP,multi_read,0,0,0,0
2,192,ROTATE3,multi_read,0,0,1,0
2,193,BACKUP_CLEAR,single_read,1,1,1,1
2,194,FANOUT3,single_read,1,1,1,1
2,195,SWAP,multi_read,1,1,1,1
2,196,MOVE2,multi_read,1,1,0,0
2,197,DUPLICATE,single_read,1,1,1,1
2,198,DUPLICATE,single_read,1,1,1,1
2,199,FANOUT3,single_read,1,1,1,1
3,0,DUAL_COPY,multi_read,1,1,0,0
3,1,DUAL_COPY,multi_read,0,0,0,0
3,2,BACKUP_CLEAR,single_read,1,1,1,1
3,3,DUPLICATE,single_read,1,1,1,1
3,4,DUPLICATE,single_read,1,1,1,1
3,5,DUPLICATE,single_read,1,1,1,1
3,6,FANOUT3,single_read,1,1,1,1
3,7,SWAP,multi_read,1,1,0,0
3,8,MOVE2,multi_read,1,1,1,1
3,9,BACKUP_CLEAR,single_read,1,1,1,1
3,10,COPY,single_read,1,1,1,1
3,11,FANOUT3,single_read,1,1,1,1
3,12,SWAP,multi_read,1,1,0,0
3,13,COPY,single_read,1,1,1,1
3,14,ROTATE3,multi_read,1,0,1,1
3,15,FANOUT3,single_read,1,1,1,1
3,16,BACKUP_CLEAR,single_read,1,1,1,1
3,17,FANOUT3,single_read,1,1,1,1
3,18,COPY,single_read,1,1,1,1
3,19,COPY,single_read,1,1,1,1
3,20,ROTATE3,multi_read,1,1,1,1
3,21,MOVE2,multi_read,1,1,1,1
3,22,BACKUP_CLEAR,single_read,1,1,1,1
3,23,ROTATE3,multi_read,0,0,1,1
3,24,BACKUP_CLEAR,single_read,1,1,1,1
3,25,ROTATE3,multi_read,0,0,0,0
3,26,BACKUP_CLEAR,single_read,1,1,1,1
3,27,BACKUP_CLEAR,single_read,1,1,1,1
3,28,DUPLICATE,single_read,1,1,1,1
3,29,SWAP,multi_read,1,1,0,0
3,30,DUAL_COPY,multi_read,1,1,1,1
3,31,FANOUT3,single_read,1,1,1,1
3,32,DUAL_COPY,multi_read,1,1,1,1
3,33,FANOUT3,single_read,1,1,1,1
3,34,SWAP,multi_read,1,1,1,1
3,35,SWAP,multi_read,0,0,0,0
3,36,DUPLICATE,single_read,1,1,1,1
3,37,SWAP,multi_read,1,1,1,0
3,38,BACKUP_CLEAR,single_read,1,1,1,1
3,39,CHAIN_COPY,single_read,1,1,1,1
3,40,BACKUP_CLEAR,single_read,1,1,1,1
3,41,COPY,single_read,1,1,1,1
3,42,MOVE2,multi_read,1,1,0,0
3,43,BACKUP_CLEAR,single_read,1,1,1,1
3,44,COPY,single_read,1,1,1,1
3,45,SWAP,multi_read,1,0,0,0
3,46,CHAIN_COPY,single_read,1,1,1,1
3,47,SWAP,multi_read,0,0,1,1
3,48,MOVE2,multi_read,0,0,0,0
3,49,COPY,single_read,1,1,1,1
3,50,SWAP,multi_read,0,1,0,1
3,51,ROTATE3,multi_read,0,0,0,0
3,52,CHAIN_COPY,single_read,1,1,1,1
3,53,ROTATE3,multi_read,1,1,1,1
3,54,MOVE2,multi_read,1,1,1,1
3,55,CHAIN_COPY,single_read,1,1,1,1
3,56,BACKUP_CLEAR,single_read,1,1,1,1
3,57,DUAL_COPY,multi_read,1,1,1,1
3,58,COPY,single_read,1,1,1,1
3,59,DUPLICATE,single_read,1,1,1,1
3,60,FANOUT3,single_read,1,1,1,1
3,61,DUAL_COPY,multi_read,0,0,0,0
3,62,SWAP,multi_read,0,0,0,0
3,63,COPY,single_read,1,1,1,1
3,64,DUAL_COPY,multi_read,1,1,0,0
3,65,CHAIN_COPY,single_read,1,1,1,1
3,66,SWAP,multi_read,1,1,0,0
3,67,ROTATE3,multi_read,0,0,1,0
3,68,BACKUP_CLEAR,single_read,1,1,1,1
3,69,SWAP,multi_read,1,1,1,1
3,70,DUPLICATE,single_read,1,1,1,1
3,71,FANOUT3,single_read,1,1,1,1
3,72,BACKUP_CLEAR,single_read,1,1,1,1
3,73,COPY,single_read,1,1,1,1
3,74,DUAL_COPY,multi_read,0,0,0,0
3,75,DUPLICATE,single_read,1,1,1,1
3,76,SWAP,multi_read,0,0,0,0
3,77,BACKUP_CLEAR,single_read,1,1,1,1
3,78,DUAL_COPY,multi_read,1,1,1,0
3,79,CHAIN_COPY,single_read,1,1,1,1
3,80,BACKUP_CLEAR,single_read,1,1,1,1
3,81,ROTATE3,multi_read,0,0,0,0
3,82,BACKUP_CLEAR,single_read,1,1,1,1
3,83,DUAL_COPY,multi_read,1,1,1,1
3,84,CHAIN_COPY,single_read,1,1,1,1
3,85,FANOUT3,single_read,1,1,1,1
3,86,DUPLICATE,single_read,1,1,1,1
3,87,ROTATE3,multi_read,1,0,0,0
3,88,DUPLICATE,single_read,1,1,1,1
3,89,DUPLICATE,single_read,1,1,1,1
3,90,ROTATE3,multi_read,0,0,0,0
3,91,MOVE2,multi_read,0,0,0,0
3,92,MOVE2,multi_read,1,1,1,1
3,93,SWAP,multi_read,1,1,1,1
3,94,FANOUT3,single_read,1,1,1,1
3,95,CHAIN_COPY,single_read,1,1,1,1
3,96,DUPLICATE,single_read,1,1,1,1
3,97,MOVE2,multi_read,0,0,0,0
3,98,DUPLICATE,single_read,1,1,1,1
3,99,DUAL_COPY,multi_read,1,1,1,1
3,100,DUPLICATE,single_read,1,1,1,1
3,101,DUAL_COPY,multi_read,1,1,0,0
3,102,DUAL_COPY,multi_read,1,1,1,1
3,103,ROTATE3,multi_read,1,0,0,0
3,104,COPY,single_read,1,1,1,1
3,105,SWAP,multi_read,1,1,0,0
3,106,DUPLICATE,single_read,1,1,1,1
3,107,CHAIN_COPY,single_read,1,1,1,1
3,108,BACKUP_CLEAR,single_read,1,1,1,1
3,109,DUPLICATE,single_read,1,1,1,1
3,110,DUAL_COPY,multi_read,1,1,1,1
3,111,BACKUP_CLEAR,single_read,1,1,1,1
3,112,MOVE2,multi_read,1,0,0,0
3,113,SWAP,multi_read,0,1,0,0
3,114,SWAP,multi_read,1,1,0,0
3,115,CHAIN_COPY,single_read,1,1,1,1
3,116,SWAP,multi_read,1,1,1,1
3,117,DUAL_COPY,multi_read,1,1,0,1
3,118,FANOUT3,single_read,1,1,1,1
3,119,BACKUP_CLEAR,single_read,1,1,1,1
3,120,DUAL_COPY,multi_read,1,1,1,0
3,121,DUAL_COPY,multi_read,1,1,1,1
3,122,DUPLICATE,single_read,1,1,1,1
3,123,ROTATE3,multi_read,1,0,0,0
3,124,DUAL_COPY,multi_read,1,1,1,1
3,125,FANOUT3,single_read,1,1,1,1
3,126,DUPLICATE,single_read,1,1,1,1
3,127,BACKUP_CLEAR,single_read,1,1,1,1
3,128,BACKUP_CLEAR,single_read,1,1,1,1
3,129,MOVE2,multi_read,0,0,0,0
3,130,CHAIN_COPY,single_read,1,1,1,1
3,131,CHAIN_COPY,single_read,1,1,1,1
3,132,MOVE2,multi_read,1,1,1,1
3,133,CHAIN_COPY,single_read,1,1,1,1
3,134,SWAP,multi_read,1,0,1,1
3,135,ROTATE3,multi_read,0,0,0,0
3,136,BACKUP_CLEAR,single_read,1,1,1,1
3,137,CHAIN_COPY,single_read,1,1,1,1
3,138,ROTATE3,multi_read,0,0,0,0
3,139,CHAIN_COPY,single_read,1,1,1,1
3,140,BACKUP_CLEAR,single_read,1,1,1,1
3,141,BACKUP_CLEAR,single_read,1,1,1,1
3,142,DUPLICATE,single_read,1,1,1,1
3,143,DUPLICATE,single_read,1,1,1,1
3,144,CHAIN_COPY,single_read,1,1,1,1
3,145,DUPLICATE,single_read,1,1,1,1
3,146,COPY,single_read,1,1,1,1
3,147,FANOUT3,single_read,1,1,1,1
3,148,SWAP,multi_read,1,1,1,1
3,149,ROTATE3,multi_read,0,1,0,0
3,150,COPY,single_read,1,1,1,1
3,151,DUPLICATE,single_read,1,1,1,1
3,152,DUAL_COPY,multi_read,1,0,0,0
3,153,BACKUP_CLEAR,single_read,1,1,1,1
3,154,MOVE2,multi_read,0,0,0,0
3,155,ROTATE3,multi_read,0,0,1,0
3,156,DUAL_COPY,multi_read,0,1,1,1
3,157,DUPLICATE,single_read,1,1,1,1
3,158,ROTATE3,multi_read,1,0,0,0
3,159,BACKUP_CLEAR,single_read,1,1,1,1
3,160,SWAP,multi_read,0,1,1,1
3,161,DUAL_COPY,multi_read,1,1,0,1
3,162,DUPLICATE,single_read,1,1,1,1
3,163,BACKUP_CLEAR,single_read,1,1,1,1
3,164,MOVE2,multi_read,0,1,0,0
3,165,DUAL_COPY,multi_read,1,1,0,0
3,166,COPY,single_read,1,1,1,1
3,167,SWAP,multi_read,1,1,0,0
3,168,SWAP,multi_read,0,0,0,0
3,169,DUAL_COPY,multi_read,1,1,1,1
3,170,ROTATE3,multi_read,0,0,0,0
3,171,DUPLICATE,single_read,1,1,1,1
3,172,DUPLICATE,single_read,1,1,1,1
3,173,CHAIN_COPY,single_read,1,1,1,1
3,174,ROTATE3,multi_read,0,0,0,0
3,175,CHAIN_COPY,single_read,1,1,1,1
3,176,DUAL_COPY,multi_read,1,1,1,1
3,177,ROTATE3,multi_read,0,0,0,0
3,178,MOVE2,multi_read,0,0,0,0
3,179,SWAP,multi_read,1,0,1,0
3,180,COPY,single_read,1,1,1,1
3,181,FANOUT3,single_read,1,1,1,1
3,182,SWAP,multi_read,1,1,1,1
3,183,DUAL_COPY,multi_read,1,1,1,1
3,184,FANOUT3,single_read,1,1,1,1
3,185,FANOUT3,single_read,1,1,1,1
3,186,DUAL_COPY,multi_read,1,1,0,0
3,187,DUAL_COPY,multi_read,1,0,0,0
3,188,DUPLICATE,single_read,1,1,1,1
3,189,CHAIN_COPY,single_read,1,1,1,1
3,190,DUAL_COPY,multi_read,1,1,1,1
3,191,COPY,single_read,1,1,1,1
3,192,FANOUT3,single_read,1,0,0,0
3,193,BACKUP_CLEAR,single_read,1,1,1,1
3,194,FANOUT3,single_read,0,0,0,0
3,195,FANOUT3,single_read,1,1,1,1
3,196,DUPLICATE,single_read,1,1,1,1
3,197,MOVE2,multi_read,1,1,0,0
3,198,BACKUP_CLEAR,single_read,1,1,1,1
3,199,BACKUP_CLEAR,single_read,1,1,1,1
