n,alpha,D_R,D_total,mean,sd,snr,accuracy,nD_R,sqrt_nD_R
100,0.0,0.0,0.0,-0.028397522607409062,0.5497170861284584,-0.05165843180790838,0.5066666666666667,0.0,0.0
100,0.015,8.871265927063757e-05,8.872052967201505e-05,0.08124091792263885,0.560842200544482,0.14485521568057433,0.5733333333333334,0.008871265927063757,0.09418739792065474
100,0.025,0.0002464062741493404,0.0002464670001763869,0.05674630976891488,0.5982832453803499,0.09484856914694181,0.5533333333333333,0.02464062741493404,0.1569733334516855
100,0.04,0.0006306891689154706,0.0006310871050416722,0.14492170366802146,0.5545072310461236,0.26135223411715425,0.6066666666666667,0.06306891689154706,0.2511352561699513
100,0.06,0.0014185393195454397,0.001420553477671116,0.16651860316513645,0.5607137644476006,0.2969761288617302,0.6,0.14185393195454396,0.3766350115888643
100,0.08,0.0025205770991424932,0.0025269410975269357,0.19726798318630956,0.5580568404613585,0.3534908433757815,0.6333333333333333,0.2520577099142493,0.502053493080418
100,0.1,0.003935854592763363,0.003951386271009438,0.2884583153399529,0.5942317694555747,0.4854306520909067,0.69,0.39358545927633626,0.6273638970137956
100,0.15,0.008835878391620576,0.008914413071757443,0.3702570449585428,0.595213242743598,0.6220578078066042,0.7333333333333333,0.8835878391620576,0.9399935314469231
100,0.2,0.015659442692645027,0.015907240994608718,0.5746292648655342,0.5255607507798792,1.093364114448886,0.8766666666666667,1.5659442692645027,1.2513769493100402
200,0.0,0.0,0.0,-0.012680126963514967,0.39380454885726845,-0.032199036299376996,0.52,0.0,0.0
200,0.015,8.871265927063757e-05,8.872052967201505e-05,0.04173802423283985,0.3933096340039797,0.10612001493057127,0.5633333333333334,0.017742531854127514,0.13320109554402138
200,0.025,0.0002464062741493404,0.0002464670001763869,0.083663053266034,0.3688055050931044,0.22684871052809635,0.57,0.04928125482986808,0.22199381709828786
200,0.04,0.0006306891689154706,0.0006310871050416722,0.10482598419732249,0.3910261926989811,0.2680791879280051,0.6233333333333333,0.12613783378309412,0.35515888526558664
200,0.06,0.0014185393195454397,0.001420553477671116,0.15696589636793748,0.41694517457066294,0.37646651392372754,0.6433333333333333,0.2837078639090879,0.5326423414535197
200,0.08,0.0025205770991424932,0.0025269410975269357,0.1882240121282092,0.4128962767180065,0.45586270146184804,0.6566666666666666,0.5041154198284986,0.7100108589511139
200,0.1,0.003935854592763363,0.003951386271009438,0.2718099164792348,0.39292171152981664,0.6917660910641957,0.74,0.7871709185526725,0.8872265317001473
200,0.15,0.008835878391620576,0.008914413071757443,0.4194951158377537,0.3896801865599143,1.0765112784949236,0.8633333333333333,1.7671756783241153,1.329351600715219
200,0.2,0.015659442692645027,0.015907240994608718,0.6062968864237613,0.39914605439358003,1.5189850425676992,0.9333333333333333,3.1318885385290054,1.7697142533553278
400,0.0,0.0,0.0,0.010587668198892987,0.2809816672193597,0.03768099286928672,0.5133333333333333,0.0,0.0
400,0.015,8.871265927063757e-05,8.872052967201505e-05,0.04976776476997281,0.29031563295639823,0.17142640326725808,0.5533333333333333,0.03548506370825503,0.18837479584130948
400,0.025,0.0002464062741493404,0.0002464670001763869,0.056647328900249434,0.27332470206652104,0.2072528698356095,0.54,0.09856250965973616,0.313946666903371
400,0.04,0.0006306891689154706,0.0006310871050416722,0.11564249698897294,0.2771987673834732,0.4171825801411108,0.66,0.25227566756618824,0.5022705123399026
400,0.06,0.0014185393195454397,0.001420553477671116,0.1753349696290602,0.2823019824348616,0.621090111081728,0.7266666666666667,0.5674157278181758,0.7532700231777286
400,0.08,0.0025205770991424932,0.0025269410975269357,0.23069477971838273,0.27978811798519837,0.8245338700572952,0.7933333333333333,1.0082308396569972,1.004106986160836
400,0.1,0.003935854592763363,0.003951386271009438,0.2654756533580629,0.2937740291907687,0.9036729832427438,0.83,1.574341837105345,1.2547277940275912
400,0.15,0.008835878391620576,0.008914413071757443,0.4464765158830141,0.28162710305317834,1.5853464068005843,0.9466666666666667,3.5343513566482305,1.8799870628938462
400,0.2,0.015659442692645027,0.015907240994608718,0.6062286373745582,0.2714674942594177,2.2331536931461806,0.9933333333333333,6.263777077058011,2.5027538986200804
800,0.0,0.0,0.0,0.00294927819915634,0.20866001722605973,0.01413437149274807,0.4866666666666667,0.0,0.0
800,0.015,8.871265927063757e-05,8.872052967201505e-05,0.032934107220627354,0.19959212381418756,0.16500704833066318,0.5533333333333333,0.07097012741651006,0.26640219108804275
800,0.025,0.0002464062741493404,0.0002464670001763869,0.07402179109849916,0.21185937938042532,0.34939114480073086,0.6266666666666667,0.19712501931947232,0.4439876341965757
800,0.04,0.0006306891689154706,0.0006310871050416722,0.10418063977822939,0.19136804617790626,0.5443993491022913,0.71,0.5045513351323765,0.7103177705311733
800,0.06,0.0014185393195454397,0.001420553477671116,0.19439210338910448,0.21436298300368012,0.9068361555024974,0.83,1.1348314556363517,1.0652846829070395
800,0.08,0.0025205770991424932,0.0025269410975269357,0.23019792565063543,0.19224449950820904,1.197422689541272,0.88,2.0164616793139944,1.4200217179022279
800,0.1,0.003935854592763363,0.003951386271009438,0.311594306794704,0.20806604983565416,1.4975740013367105,0.93,3.14868367421069,1.7744530634002946
800,0.15,0.008835878391620576,0.008914413071757443,0.4461234343672518,0.19574625972325532,2.279090466392451,0.9933333333333333,7.068702713296461,2.658703201430438
800,0.2,0.015659442692645027,0.015907240994608718,0.5920737827166062,0.19245583321955076,3.0764138078432635,1.0,12.527554154116022,3.5394285067106557
1600,0.0,0.0,0.0,-0.0013952232838327354,0.1371531094859834,-0.010172742630930456,0.4766666666666667,0.0,0.0
1600,0.015,8.871265927063757e-05,8.872052967201505e-05,0.04194759886428768,0.1397551976483085,0.30015054588415435,0.6233333333333333,0.1419402548330201,0.37674959168261896
1600,0.025,0.0002464062741493404,0.0002464670001763869,0.06847907396571,0.13671096906855051,0.5009040198623183,0.6866666666666666,0.39425003863894464,0.627893333806742
1600,0.04,0.0006306891689154706,0.0006310871050416722,0.10590782021353608,0.14571940724104576,0.726792828894409,0.76,1.009102670264753,1.0045410246798052
1600,0.06,0.0014185393195454397,0.001420553477671116,0.17298100480238668,0.14417305416602447,1.1998150819721696,0.8733333333333333,2.2696629112727034,1.5065400463554572
1600,0.08,0.0025205770991424932,0.0025269410975269357,0.23959401242848258,0.1404348654320244,1.7060863888138578,0.9566666666666667,4.032923358627989,2.008213972321672
1600,0.1,0.003935854592763363,0.003951386271009438,0.29366224011895514,0.13750172328484045,2.135698616013865,0.9833333333333333,6.29736734842138,2.5094555880551823
1600,0.15,0.008835878391620576,0.008914413071757443,0.4320265852155645,0.1388900905679711,3.1105645006699447,1.0,14.137405426592922,3.7599741257876924
1600,0.2,0.015659442692645027,0.015907240994608718,0.5723029224412629,0.1544154315257056,3.706254723291638,1.0,25.055108308232043,5.005507797240161
3200,0.0,0.0,0.0,-0.007078633238803535,0.1005620513328715,-0.07039070051755883,0.4633333333333333,0.0,0.0
3200,0.015,8.871265927063757e-05,8.872052967201505e-05,0.05747730034797414,0.10547262209994968,0.544949951974329,0.7266666666666667,0.2838805096660402,0.5328043821760855
3200,0.025,0.0002464062741493404,0.0002464670001763869,0.07509711605155735,0.09785912970013283,0.7674002035545939,0.7866666666666666,0.7885000772778893,0.8879752683931514
3200,0.04,0.0006306891689154706,0.0006310871050416722,0.11129991046216574,0.10177825784046356,1.0935529141855354,0.8433333333333334,2.018205340529506,1.4206355410623466
3200,0.06,0.0014185393195454397,0.001420553477671116,0.16841384413349011,0.09603562669157559,1.753660073197228,0.98,4.539325822545407,2.130569365814079
3200,0.08,0.0025205770991424932,0.0025269410975269357,0.2242985835813073,0.09232077314737897,2.4295570317987014,0.9933333333333333,8.065846717255978,2.8400434358044557
3200,0.1,0.003935854592763363,0.003951386271009438,0.2890250100611634,0.10853848546155596,2.6628804412747704,0.9933333333333333,12.59473469684276,3.5489061268005893
3200,0.15,0.008835878391620576,0.008914413071757443,0.4378354112267549,0.1011852543365502,4.327067358752487,1.0,28.274810853185844,5.317406402860876
3200,0.2,0.015659442692645027,0.015907240994608718,0.575664696339897,0.10016570612682701,5.747123627431993,1.0,50.110216616464086,7.078857013421311
