seed,question,depth,current_margin,canonical_action,canonical_next_margin,canonical_exit_bad,has_safe_alternative,bypass_action,bypass_next_margin,bypass_safe,bypass_future_safe_frac
0,"(0, 0)",0,0.4670734278860912,ROUTE,1.093428343858014,0,1,ROUTE,1.093428343858014,1,1.0
0,"(0, 0)",1,1.093428343858014,BIT0,1.6547383531590234,0,1,ROUTE,1.9705532562117178,1,1.0
0,"(0, 0)",2,1.6547383531590234,CODE,2.2829871200156733,0,1,ROUTE,2.3518139050748763,1,1.0
0,"(0, 0)",3,2.2829871200156733,BIT0,2.510775624013399,0,1,ROUTE,2.5244426881194766,1,1.0
0,"(0, 0)",4,2.510775624013399,BLANK,2.552586123018281,0,1,ROUTE,2.553690800241328,1,1.0
0,"(0, 0)",5,2.552586123018281,BLANK,2.557310803520454,0,1,ROUTE,2.5578986960022565,1,1.0
0,"(0, 0)",6,2.557310803520454,BLANK,2.557820138269915,0,1,ROUTE,2.558354610405157,1,1.0
0,"(0, 0)",7,2.557820138269915,BLANK,2.557874739862896,0,1,ROUTE,2.5584035198989934,1,1.0
0,"(0, 1)",0,0.2639794446483957,ROUTE,0.6963040575762897,0,1,ROUTE,0.6963040575762897,1,1.0
0,"(0, 1)",1,0.6963040575762897,BIT0,0.9565233290770367,0,1,ROUTE,1.4777766734706361,1,1.0
0,"(0, 1)",2,0.9565233290770367,CODE,1.5681079335651291,0,1,ROUTE,1.8245723949794823,1,1.0
0,"(0, 1)",3,1.5681079335651291,BIT0,2.1840110048109764,0,1,ROUTE,2.3115003760797324,1,1.0
0,"(0, 1)",4,2.1840110048109764,BLANK,2.4990909850825402,0,1,ROUTE,2.5076503452030443,1,1.0
0,"(0, 1)",5,2.4990909850825402,BLANK,2.5511837478178316,0,1,ROUTE,2.5524525453643676,1,1.0
0,"(0, 1)",6,2.5511837478178316,BLANK,2.5571586183147184,0,1,ROUTE,2.5577625903740535,1,1.0
0,"(0, 1)",7,2.5571586183147184,BLANK,2.557803812049942,0,1,ROUTE,2.5583399875354464,1,1.0
0,"(1, 0)",2,0.3790707255984278,CODE,1.0764193910392077,0,1,BIT1,1.3442327165331598,1,1.0
0,"(1, 0)",3,1.0764193910392077,BIT1,2.054305301888532,0,1,BIT1,2.054305301888532,1,1.0
0,"(1, 0)",4,2.054305301888532,BLANK,2.416264277672275,0,1,BIT1,2.438192700719685,1,1.0
0,"(1, 0)",5,2.416264277672275,BLANK,2.492782433721435,0,1,BIT1,2.4978762013040807,1,1.0
0,"(1, 0)",6,2.492782433721435,BLANK,2.5046805119516957,0,1,BIT1,2.5075254545529884,1,1.0
0,"(1, 0)",7,2.5046805119516957,BLANK,2.5064231840542535,0,1,BIT1,2.508950744671902,1,1.0
0,"(1, 1)",0,0.1866862590875314,ROUTE,0.26826922876581827,0,1,BIT1,1.0457418183713294,1,1.0
0,"(1, 1)",1,0.26826922876581827,BIT1,1.1772592095089958,0,1,BIT1,1.1772592095089958,1,1.0
0,"(1, 1)",2,1.1772592095089958,CODE,2.0351973293665035,0,1,BIT1,2.117793995263964,1,1.0
0,"(1, 1)",3,2.0351973293665035,BIT1,2.4343757998687643,0,1,BIT1,2.4343757998687643,1,1.0
0,"(1, 1)",4,2.4343757998687643,BLANK,2.495708223422228,0,1,BIT1,2.5002351776801897,1,1.0
0,"(1, 1)",5,2.495708223422228,BLANK,2.505111608686369,0,1,BIT1,2.507877728076683,1,1.0
0,"(1, 1)",6,2.505111608686369,BLANK,2.506485807304446,0,1,BIT1,2.5090020247168807,1,1.0
0,"(1, 1)",7,2.506485807304446,BLANK,2.506685190358615,0,1,BIT1,2.5091653218365435,1,1.0
1,"(0, 0)",4,6.3620950637109175,BLANK,6.3625281011420185,0,1,BIT1,6.3624878798868405,1,1.0
1,"(0, 0)",5,6.3625281011420185,BLANK,6.362527654166076,0,1,BIT1,6.362523141295837,1,1.0
1,"(0, 0)",6,6.362527654166076,BLANK,6.362519474910382,0,1,BIT1,6.362528832436945,1,1.0
1,"(0, 0)",7,6.362519474910382,BLANK,6.362516259103292,0,1,BIT1,6.362530147234519,1,1.0
1,"(0, 1)",4,6.362086288521789,BLANK,6.362528060803246,0,1,BIT1,6.362487789313262,1,1.0
1,"(0, 1)",5,6.362528060803246,BLANK,6.362527665919865,0,1,BIT1,6.362523128815868,1,1.0
1,"(0, 1)",6,6.362527665919865,BLANK,6.362519480495875,0,1,BIT1,6.362528829846518,1,1.0
1,"(0, 1)",7,6.362519480495875,BLANK,6.362516261010704,0,1,BIT1,6.36253014654874,1,1.0
1,"(1, 0)",1,0.0766149619383234,BIT0,0.07866642847474514,0,1,CODE,0.07863847258374435,1,1.0
1,"(1, 0)",2,0.07866642847474514,CODE,0.07864253574207547,0,1,CODE,0.07864253574207547,1,1.0
1,"(1, 0)",3,0.07864253574207547,BIT1,5.994509330743762,0,1,CODE,0.07864248898374848,1,1.0
1,"(1, 0)",4,5.994509330743762,BLANK,-6.288695775315164,1,1,BIT0,6.361464424011646,1,0.8
1,"(1, 1)",1,0.07645297035825793,BIT0,0.07866230702451382,0,1,CODE,0.07863814466553398,1,1.0
1,"(1, 1)",2,0.07866230702451382,CODE,0.07864252767629276,0,1,CODE,0.07864252767629276,1,1.0
1,"(1, 1)",3,0.07864252767629276,BIT1,5.994510618531172,0,1,CODE,0.07864248896796378,1,1.0
1,"(1, 1)",4,5.994510618531172,BLANK,-6.288695113522785,1,1,BIT0,6.361464448995175,1,0.8
2,"(0, 0)",0,0.29126498224173525,ROUTE,-0.8844466996440628,1,0,BIT1,-0.42432050524682774,0,1.0
2,"(0, 0)",2,0.9415746746211039,CODE,-1.518651221447664,1,0,BIT1,-1.416152027977701,0,1.0
2,"(0, 0)",4,1.7809577832219092,BLANK,-2.1083341638653783,1,0,BIT1,-2.0545048256720144,0,1.0
2,"(0, 0)",6,2.1561387267708896,BLANK,-2.1921298592547083,1,0,BIT1,-2.1794837555074222,0,1.0
2,"(0, 1)",0,1.0154300572742783,ROUTE,-1.7062469871597745,1,0,BIT1,-1.5022708506748974,0,1.0
2,"(0, 1)",2,1.9352607966369668,CODE,-2.125420142115411,1,0,BIT1,-2.1139827568515743,0,1.0
2,"(0, 1)",4,2.158089043732952,BLANK,-2.192477334958026,1,0,BIT1,-2.179977283228165,0,1.0
2,"(0, 1)",6,2.1845115929911705,BLANK,-2.1970858844943146,1,0,BIT1,-2.1864783045758704,0,1.0
2,"(1, 0)",0,1.1042802885667484,ROUTE,-1.4586167629277496,1,0,BIT0,-1.2885223862042734,0,1.0
2,"(1, 0)",2,1.8822829595194075,CODE,-2.0993054280305925,1,0,BIT0,-2.046431998052417,0,1.0
2,"(1, 0)",4,2.164590143630233,BLANK,-2.175531954605471,1,0,BIT0,-2.1722470792853987,0,1.0
2,"(1, 0)",6,2.195535517600791,BLANK,-2.185468670421667,1,0,BIT0,-2.182783368526654,0,1.0
2,"(1, 1)",0,0.40748755156400235,ROUTE,-0.3537247004857373,1,0,BIT0,-0.050449008697760984,0,0.8
2,"(1, 1)",2,0.5335005812205731,CODE,-0.8559701694598076,1,0,BIT0,-0.29428033130114584,0,1.0
2,"(1, 1)",4,1.31210490196122,BLANK,-1.606981171381021,1,0,BIT0,-1.5630467273152282,0,1.0
2,"(1, 1)",6,2.055047113255866,BLANK,-2.1360207290333624,1,0,BIT0,-2.1302375030993557,0,1.0
4,"(0, 0)",3,1.0600317527493472,BIT0,4.599687164365015,0,1,BIT1,3.6513476635318933,1,1.0
4,"(0, 0)",4,4.599687164365015,BLANK,5.592354294428976,0,1,BIT1,3.107052270383267,1,1.0
4,"(0, 0)",5,5.592354294428976,BLANK,5.59760710981219,0,1,BIT1,4.936148348553129,1,1.0
4,"(0, 0)",6,5.59760710981219,BLANK,5.597611960135485,0,1,BIT1,4.935810524882456,1,1.0
4,"(0, 0)",7,5.597611960135485,BLANK,5.597611985090861,0,1,BIT1,4.935818850453207,1,1.0
4,"(0, 1)",0,0.3175376788257336,ROUTE,-6.192325861292316,1,0,BIT1,-6.156356620074597,0,0.0
4,"(0, 1)",3,2.953273883166465,BIT0,5.525578421133979,0,1,BIT1,3.294721065750793,1,1.0
4,"(0, 1)",4,5.525578421133979,BLANK,5.597284248684254,0,1,BIT1,4.828650452882883,1,1.0
4,"(0, 1)",5,5.597284248684254,BLANK,5.597611669670428,0,1,BIT1,4.935834361170224,1,1.0
4,"(0, 1)",6,5.597611669670428,BLANK,5.597611983557824,0,1,BIT1,4.9358183356081025,1,1.0
4,"(0, 1)",7,5.597611983557824,BLANK,5.597611985110335,0,1,BIT1,4.9358188480508804,1,1.0
4,"(1, 0)",0,6.205676527233509,ROUTE,-0.10685637373617984,1,1,CODE,3.517231453954714,1,1.0
4,"(1, 0)",2,3.3279668304908894,CODE,6.000103936031367,0,1,CODE,6.000103936031367,1,0.6
4,"(1, 0)",3,6.000103936031367,BIT0,3.9771842892790232,0,1,CODE,3.7458199584168472,1,1.0
4,"(1, 0)",4,3.9771842892790232,BLANK,-5.229898980746385,1,0,BIT1,-1.038386653959403,0,1.0
4,"(1, 1)",0,5.732754321914114,ROUTE,6.200342443083298,0,1,BIT1,5.7482769944379415,1,1.0
4,"(1, 1)",1,6.200342443083298,BIT1,0.24582134917697873,0,1,BIT1,0.24582134917697873,1,1.0
4,"(1, 1)",2,0.24582134917697873,CODE,6.200039452528252,0,1,BIT1,6.102127562149457,1,1.0
4,"(1, 1)",3,6.200039452528252,BIT0,3.8325548174516184,0,1,CODE,2.800740030060566,1,1.0
4,"(1, 1)",4,3.8325548174516184,BLANK,-5.2780474866098075,1,0,BIT1,-1.0360441157590028,0,1.0
7,"(0, 0)",0,5.08049376900184,ROUTE,-3.415062504460611,1,1,BIT0,3.185421689112239,1,0.4
7,"(0, 0)",2,4.986283483947975,CODE,-5.546293254422816,1,1,BIT0,3.352098781225686,1,0.4
7,"(0, 0)",4,5.046448815839104,BLANK,-6.513539319721762,1,1,BIT0,3.2697368821580635,1,0.4
7,"(0, 0)",6,3.892761416633606,BLANK,-6.5734539644247825,1,0,BIT1,-5.983055571190416,0,1.0
7,"(0, 1)",0,2.763778467910655,ROUTE,2.729050995721513,0,1,BIT0,0.658108454827486,1,1.0
7,"(0, 1)",1,2.729050995721513,BIT0,2.6172335618430784,0,1,BIT1,2.5335490147422535,1,1.0
7,"(0, 1)",2,2.6172335618430784,CODE,0.5153257049287043,0,1,CODE,0.5153257049287043,1,1.0
7,"(0, 1)",3,0.5153257049287043,BIT0,5.210496716011126,0,1,BIT1,2.5444940305741337,1,1.0
7,"(0, 1)",4,5.210496716011126,BLANK,-6.570948882984614,1,0,BIT0,-4.315647810324763,0,1.0
7,"(0, 1)",6,3.884563328201637,BLANK,-6.573409186182342,1,0,BIT1,-5.968143152839067,0,1.0
7,"(1, 0)",4,4.606780125689802,BLANK,-3.179526013423761,1,0,BIT1,-2.6373925475493216,0,0.0
7,"(1, 0)",6,6.557419785739496,BLANK,-3.8753652776378087,1,0,BIT1,-2.949858685570236,0,0.8
7,"(1, 1)",4,4.48716818571528,BLANK,-3.1509965122907655,1,0,BIT1,-2.6313110725355227,0,0.0
7,"(1, 1)",6,6.554551341885476,BLANK,-3.8739339963045807,1,0,BIT1,-2.9321018820908327,0,0.8
9,"(0, 0)",4,4.473624468861615,BLANK,3.0037012185717837,0,1,BLANK,3.0037012185717837,1,0.2
9,"(0, 0)",5,3.0037012185717837,BLANK,1.6955175625209524,0,1,BLANK,1.6955175625209524,1,0.2
9,"(0, 0)",6,1.6955175625209524,BLANK,3.835618238172936,0,1,BLANK,3.835618238172936,1,0.2
9,"(0, 0)",7,3.835618238172936,BLANK,1.637464072418679,0,1,BLANK,1.637464072418679,1,0.2
9,"(0, 1)",4,4.295082862903387,BLANK,3.6594629863868766,0,1,BLANK,3.6594629863868766,1,0.2
9,"(0, 1)",5,3.6594629863868766,BLANK,1.5084372056472273,0,1,BLANK,1.5084372056472273,1,0.2
9,"(0, 1)",6,1.5084372056472273,BLANK,4.293571024626318,0,1,BLANK,4.293571024626318,1,0.2
9,"(0, 1)",7,4.293571024626318,BLANK,1.766595582064199,0,1,BLANK,1.766595582064199,1,0.2
9,"(1, 0)",0,1.3701095989932917,ROUTE,5.9223726278244335,0,1,BIT1,5.922881597378835,1,1.0
9,"(1, 0)",1,5.9223726278244335,BIT1,4.881782033721784,0,1,BLANK,3.7174872315073437,1,0.2
9,"(1, 0)",2,4.881782033721784,CODE,5.89817952763028,0,1,CODE,5.89817952763028,1,1.0
9,"(1, 0)",3,5.89817952763028,BIT0,4.8455621426921915,0,1,CODE,5.915679560931212,1,0.4
9,"(1, 0)",4,4.8455621426921915,BLANK,-5.606503378705732,1,1,CODE,5.8984650451042295,1,1.0
9,"(1, 1)",0,1.3596117262500556,ROUTE,5.922379125402546,0,1,BIT1,5.922978583000651,1,1.0
9,"(1, 1)",1,5.922379125402546,BIT1,4.8873717180229335,0,1,BLANK,3.754185158201398,1,0.2
9,"(1, 1)",2,4.8873717180229335,CODE,5.898054071911723,0,1,CODE,5.898054071911723,1,1.0
9,"(1, 1)",3,5.898054071911723,BIT0,4.828170483937247,0,1,CODE,5.915760735302523,1,0.4
9,"(1, 1)",4,4.828170483937247,BLANK,-5.606467535375289,1,1,CODE,5.898713690131217,1,1.0
10,"(0, 0)",2,0.3860382089516408,CODE,-1.0289243069340686,1,0,BIT1,-0.790929166363594,0,1.0
10,"(0, 0)",4,1.7572634914462228,BLANK,-2.3997521869558103,1,0,BIT1,-2.364627296860582,0,1.0
10,"(0, 0)",6,2.572210245239722,BLANK,-2.5836755743111226,1,0,BIT1,-2.582711528356582,0,1.0
10,"(0, 1)",0,0.04989401314615722,ROUTE,-0.6906292320308964,1,0,BIT1,-0.07718571214786375,0,0.2
10,"(0, 1)",2,1.232184527744491,CODE,-2.1024216005800573,1,0,BIT1,-2.0162685062898,0,1.0
10,"(0, 1)",4,2.5102739804774927,BLANK,-2.5755906308244283,1,0,BIT1,-2.573763004731359,0,1.0
10,"(0, 1)",6,2.60280487280797,BLANK,-2.5874357838386546,1,0,BIT1,-2.5868115734516604,0,1.0
10,"(1, 0)",0,0.59515127114586,ROUTE,-0.6921222513234162,1,0,ROUTE,-0.6921222513234162,0,1.0
10,"(1, 0)",2,1.345596209406442,CODE,-2.0724456315747535,1,0,ROUTE,-1.9437962772098856,0,1.0
10,"(1, 0)",4,2.480183031798156,BLANK,-2.5875778338448825,1,0,ROUTE,-2.5861819987335855,0,1.0
10,"(1, 0)",6,2.585583302560152,BLANK,-2.604246647601695,1,0,ROUTE,-2.603667118603903,0,1.0
10,"(1, 1)",0,0.40519956711670824,ROUTE,-0.27835714739596984,1,0,ROUTE,-0.27835714739596984,0,1.0
10,"(1, 1)",2,0.5788761135613218,CODE,-0.9670699291271916,1,0,ROUTE,-0.6441130163925664,0,1.0
10,"(1, 1)",4,1.730491921388286,BLANK,-2.3159969196761065,1,0,ROUTE,-2.2942845141559087,0,1.0
10,"(1, 1)",6,2.5454135311935064,BLANK,-2.5982678986731527,1,0,ROUTE,-2.597411146981077,0,1.0
11,"(0, 0)",0,0.16196596140607677,ROUTE,-0.9383921705828149,1,1,BIT1,0.25970686832789747,1,0.2
11,"(0, 0)",2,0.9442320788167662,CODE,-1.6017420437817598,1,0,BIT1,-1.1207963980929891,0,1.0
11,"(0, 0)",4,1.7048996780179295,BLANK,-1.9314717936102581,1,0,BIT1,-1.8593383484674773,0,1.0
11,"(0, 0)",6,1.9610217039157618,BLANK,-1.9834854802239648,1,0,BIT1,-1.9559588019063883,0,1.0
11,"(0, 1)",0,1.145944356540273,ROUTE,-1.7804831303806794,1,0,BIT1,-1.4532273149479615,0,1.0
11,"(0, 1)",2,1.8452120503886005,CODE,-1.9523553215589562,1,0,BIT1,-1.918021257190614,0,1.0
11,"(0, 1)",4,1.940709569105151,BLANK,-1.9807442658486953,1,0,BIT1,-1.9505265746437637,0,1.0
11,"(0, 1)",6,1.9740928703668057,BLANK,-1.9858369369967992,1,0,BIT1,-1.960090623332107,0,1.0
11,"(1, 0)",0,1.5729844882327497,ROUTE,-1.667585780892139,1,0,CODE,-1.6378785745737896,0,1.0
11,"(1, 0)",2,1.8457017041919261,CODE,-1.864009306919392,1,0,CODE,-1.864009306919392,0,1.0
11,"(1, 0)",4,1.9296383332394187,BLANK,-1.9567532017571891,1,0,CODE,-1.9192953226168705,0,1.0
11,"(1, 0)",6,1.9831035547701306,BLANK,-1.9747250617785066,1,0,CODE,-1.9553819904863996,0,1.0
11,"(1, 1)",0,0.8800379670484971,ROUTE,-0.7187439669660042,1,0,CODE,-0.6704065931539072,0,1.0
11,"(1, 1)",2,0.8428983498851943,CODE,-0.6484905412167259,1,0,CODE,-0.6484905412167259,0,1.0
11,"(1, 1)",4,0.7739764335604246,BLANK,-1.115758015745644,1,0,CODE,-0.5214285434104922,0,1.0
11,"(1, 1)",6,1.653089633120888,BLANK,-1.8692702559260919,1,0,CODE,-1.7555833485078292,0,1.0
13,"(0, 0)",0,3.4797150167055557,ROUTE,4.984687128380567,0,1,ROUTE,4.984687128380567,1,1.0
13,"(0, 0)",1,4.984687128380567,BIT0,4.981713056058,0,1,ROUTE,6.151067758887097,1,1.0
13,"(0, 0)",2,4.981713056058,CODE,5.91693226435668,0,1,ROUTE,6.178722153477388,1,1.0
13,"(0, 0)",3,5.91693226435668,BIT0,6.322816559686114,0,1,ROUTE,6.345588231635279,1,1.0
13,"(0, 0)",4,6.322816559686114,BLANK,6.371910401969398,0,1,ROUTE,6.375385418600458,1,1.0
13,"(0, 0)",5,6.371910401969398,BLANK,6.376670909526979,0,1,ROUTE,6.377443199856005,1,1.0
13,"(0, 0)",6,6.376670909526979,BLANK,6.377097381158773,0,1,ROUTE,6.37763772935182,1,1.0
13,"(0, 0)",7,6.377097381158773,BLANK,6.3771351226248045,0,1,ROUTE,6.37765506002634,1,1.0
13,"(0, 1)",0,3.4234780953549016,ROUTE,4.857590542883154,0,1,ROUTE,4.857590542883154,1,1.0
13,"(0, 1)",1,4.857590542883154,BIT0,5.0751317556926505,0,1,ROUTE,6.0694384541922854,1,1.0
13,"(0, 1)",2,5.0751317556926505,CODE,5.946642962828896,0,1,ROUTE,6.193121837948519,1,1.0
13,"(0, 1)",3,5.946642962828896,BIT0,6.33094008855915,0,1,ROUTE,6.348348636240862,1,1.0
13,"(0, 1)",4,6.33094008855915,BLANK,6.372748065094257,0,1,ROUTE,6.375734549543607,1,1.0
13,"(0, 1)",5,6.372748065094257,BLANK,6.376746652200415,0,1,ROUTE,6.377477576291274,1,1.0
13,"(0, 1)",6,6.376746652200415,BLANK,6.377104089775061,0,1,ROUTE,6.377640808506882,1,1.0
13,"(0, 1)",7,6.377104089775061,BLANK,6.377135715704451,0,1,ROUTE,6.377655332518793,1,1.0
13,"(1, 0)",2,0.547067011465044,CODE,5.29629230188493,0,1,BIT0,5.75571206135534,1,1.0
13,"(1, 0)",3,5.29629230188493,BIT1,5.9336855566540105,0,1,BIT0,6.231312342440287,1,1.0
13,"(1, 0)",4,5.9336855566540105,BLANK,6.2524529602813175,0,1,BIT0,6.2518900325500155,1,1.0
13,"(1, 0)",5,6.2524529602813175,BLANK,6.262169383178106,0,1,BLANK,6.262169383178106,1,1.0
13,"(1, 0)",6,6.262169383178106,BLANK,6.262370515780277,0,1,BLANK,6.262370515780277,1,1.0
13,"(1, 0)",7,6.262370515780277,BLANK,6.262374503864372,0,1,BLANK,6.262374503864372,1,1.0
13,"(1, 1)",3,4.670786832805284,BIT1,5.313736327275324,0,1,BIT0,6.209790074934365,1,1.0
13,"(1, 1)",4,5.313736327275324,BLANK,6.221204111350216,0,1,BIT0,6.235380259266495,1,1.0
13,"(1, 1)",5,6.221204111350216,BLANK,6.261478290032992,0,1,BLANK,6.261478290032992,1,1.0
13,"(1, 1)",6,6.261478290032992,BLANK,6.2623567070935255,0,1,BLANK,6.2623567070935255,1,1.0
13,"(1, 1)",7,6.2623567070935255,BLANK,6.262374231254004,0,1,BLANK,6.262374231254004,1,1.0
15,"(0, 0)",0,1.452026040064756,ROUTE,1.8942699107502508,0,1,CODE,1.9723291112339085,1,1.0
15,"(0, 0)",1,1.8942699107502508,BIT0,1.9900445812986929,0,1,CODE,1.9978178585349022,1,1.0
15,"(0, 0)",2,1.9900445812986929,CODE,2.0023499117880075,0,1,CODE,2.0023499117880075,1,1.0
15,"(0, 0)",3,2.0023499117880075,BIT0,2.0009772534200057,0,1,CODE,2.0028462867607466,1,1.0
15,"(0, 0)",4,2.0009772534200057,BLANK,1.9899918643500882,0,1,CODE,2.0027902535871576,1,1.0
15,"(0, 0)",5,1.9899918643500882,BLANK,1.984464556871174,0,1,CODE,2.002154990927832,1,1.0
15,"(0, 0)",6,1.984464556871174,BLANK,1.9819917888665377,0,1,CODE,2.001889367493476,1,1.0
15,"(0, 0)",7,1.9819917888665377,BLANK,1.9807775888129853,0,1,CODE,2.0017597900896367,1,1.0
15,"(0, 1)",0,0.5502472903764455,ROUTE,0.697063141598673,0,1,CODE,1.7144084533559785,1,1.0
15,"(0, 1)",1,0.697063141598673,BIT0,1.4645515781028544,0,1,CODE,1.8358897362493125,1,1.0
15,"(0, 1)",2,1.4645515781028544,CODE,1.971226239071374,0,1,CODE,1.971226239071374,1,1.0
15,"(0, 1)",3,1.971226239071374,BIT0,1.9983204572378979,0,1,CODE,2.001589201560403,1,1.0
15,"(0, 1)",4,1.9983204572378979,BLANK,1.9890371242332463,0,1,CODE,2.0026833831366413,1,1.0
15,"(0, 1)",5,1.9890371242332463,BLANK,1.9839907915196502,0,1,CODE,2.002102595070232,1,1.0
15,"(0, 1)",6,1.9839907915196502,BLANK,1.9817710234077381,0,1,CODE,2.0018658785056744,1,1.0
15,"(0, 1)",7,1.9817710234077381,BLANK,1.9806690043344708,0,1,CODE,2.001748288020429,1,1.0
15,"(1, 0)",0,1.6625757593467243,ROUTE,1.6963329846371251,0,1,BIT1,1.6675673949701522,1,1.0
15,"(1, 0)",1,1.6963329846371251,BIT1,1.8007480670672216,0,1,BLANK,1.7935012945413886,1,1.0
15,"(1, 0)",2,1.8007480670672216,CODE,1.923258608117351,0,1,BLANK,1.7940607427285022,1,1.0
15,"(1, 0)",3,1.923258608117351,BIT1,1.7664459893772184,0,1,BIT1,1.7664459893772184,1,1.0
15,"(1, 0)",4,1.7664459893772184,BLANK,1.7959628917780313,0,1,BLANK,1.7959628917780313,1,1.0
15,"(1, 0)",5,1.7959628917780313,BLANK,1.7947369875489452,0,1,BLANK,1.7947369875489452,1,1.0
15,"(1, 0)",6,1.7947369875489452,BLANK,1.7948200414030033,0,1,BLANK,1.7948200414030033,1,1.0
15,"(1, 0)",7,1.7948200414030033,BLANK,1.7948153395628408,0,1,BLANK,1.7948153395628408,1,1.0
15,"(1, 1)",0,1.8084629072954364,ROUTE,1.797155383388751,0,1,BIT1,1.751934460510376,1,1.0
15,"(1, 1)",1,1.797155383388751,BIT1,1.7978698059710925,0,1,BLANK,1.79197829641492,1,1.0
15,"(1, 1)",2,1.7978698059710925,CODE,1.92404461885465,0,1,BLANK,1.7944290706082642,1,1.0
15,"(1, 1)",3,1.92404461885465,BIT1,1.7663839351371808,0,1,BIT1,1.7663839351371808,1,1.0
15,"(1, 1)",4,1.7663839351371808,BLANK,1.7959671267346962,0,1,BLANK,1.7959671267346962,1,1.0
15,"(1, 1)",5,1.7959671267346962,BLANK,1.7947367463603447,0,1,BLANK,1.7947367463603447,1,1.0
15,"(1, 1)",6,1.7947367463603447,BLANK,1.7948200558331475,0,1,BLANK,1.7948200558331475,1,1.0
15,"(1, 1)",7,1.7948200558331475,BLANK,1.7948153387132435,0,1,BLANK,1.7948153387132435,1,1.0
16,"(0, 0)",0,1.425687302619337,ROUTE,-2.9285925677111453,1,0,BIT1,-2.028006454418894,0,1.0
16,"(0, 0)",2,3.2290009125077024,CODE,-3.3462202490985242,1,0,BIT1,-3.3368827817602322,0,1.0
16,"(0, 0)",4,3.3496450947671463,BLANK,-3.350418540142986,1,0,BIT1,-3.34983763712851,0,1.0
16,"(0, 0)",6,3.3520251544444664,BLANK,-3.3506106226788903,1,0,BIT1,-3.3500625633094536,0,1.0
16,"(0, 1)",0,3.171630183595216,ROUTE,-3.3415010187204484,1,0,BIT1,-3.3295353151330422,0,1.0
16,"(0, 1)",2,3.348934473085844,CODE,-3.3518531837579353,1,0,BIT1,-3.3497703195428334,0,1.0
16,"(0, 1)",4,3.3504785853771697,BLANK,-3.350485784240943,1,0,BIT1,-3.349916464652466,0,1.0
16,"(0, 1)",6,3.35203185280288,BLANK,-3.350611160418026,1,0,BIT1,-3.3500631938196355,0,1.0
16,"(1, 0)",0,3.2835062743298904,ROUTE,-3.346603064321088,1,0,BIT0,-3.3393207916494823,0,1.0
16,"(1, 0)",2,3.3495490103536323,CODE,-3.352008259726368,1,0,BIT0,-3.350139137668154,0,1.0
16,"(1, 0)",4,3.3500607004123,BLANK,-3.351989364020732,1,0,BIT0,-3.3502147041422603,0,1.0
16,"(1, 0)",6,3.3506077493456754,BLANK,-3.3520440001590632,1,0,BIT0,-3.3502952610945704,0,1.0
16,"(1, 1)",0,3.0418627197314296,ROUTE,-3.3173593775568904,1,0,BIT0,-3.276245137311661,0,1.0
16,"(1, 1)",2,3.3466772085369,CODE,-3.3517169755162497,1,0,BIT0,-3.349712753992236,0,1.0
16,"(1, 1)",4,3.35003325242603,BLANK,-3.3519866270497687,1,0,BIT0,-3.350210653720068,0,1.0
16,"(1, 1)",6,3.3506075296066062,BLANK,-3.3520439782758196,1,0,BIT0,-3.3502952287191174,0,1.0
17,"(0, 0)",1,5.886628785897008,BIT1,-1.1928501254435573,1,0,BIT1,-1.1928501254435573,0,0.4
17,"(0, 0)",4,5.877319204681838,BLANK,-5.606760101561658,1,0,BIT1,-1.1170265618191193,0,0.4
17,"(0, 0)",7,5.826749264984219,BLANK,-5.606587830093245,1,0,BIT1,-1.0539907757151705,0,0.4
17,"(0, 1)",1,5.890414692635888,BIT1,-1.181899470064394,1,0,BIT1,-1.181899470064394,0,0.4
17,"(0, 1)",4,5.875944755670184,BLANK,-5.606754321932298,1,0,BIT1,-1.114669131800766,0,0.4
17,"(0, 1)",7,5.826741155641361,BLANK,-5.6065878001831875,1,0,BIT1,-1.0539849279016011,0,0.4
17,"(1, 0)",0,5.607481943436204,ROUTE,0.9342378801308273,0,1,BIT0,5.286090159658335,1,0.8
17,"(1, 0)",1,0.9342378801308273,BIT1,0.6487257951387604,0,1,BIT1,0.6487257951387604,1,0.8
17,"(1, 0)",2,0.6487257951387604,CODE,5.609335139885347,0,1,BLANK,2.373223146868371,1,1.0
17,"(1, 0)",3,5.609335139885347,BIT0,5.349235442476898,0,1,BIT0,5.349235442476898,1,0.8
17,"(1, 0)",4,5.349235442476898,BLANK,-5.402005889453198,1,1,BIT0,5.695640645789866,1,1.0
17,"(1, 0)",6,5.602205078447572,BLANK,1.27205693557889,0,1,BIT0,5.304799870188467,1,0.8
17,"(1, 0)",7,1.27205693557889,BLANK,-5.824451023172701,1,1,BIT0,5.606215019147086,1,1.0
17,"(1, 1)",0,3.1113141590642397,ROUTE,0.8965812284537908,0,1,BIT0,5.621046100257678,1,1.0
17,"(1, 1)",1,0.8965812284537908,BIT1,0.914587471400377,0,1,BIT0,5.607294448814768,1,1.0
17,"(1, 1)",2,0.914587471400377,CODE,5.134887137918042,0,1,CODE,5.134887137918042,1,1.0
17,"(1, 1)",3,5.134887137918042,BIT0,5.7292023680273205,0,1,BIT0,5.7292023680273205,1,0.8
17,"(1, 1)",4,5.7292023680273205,BLANK,-0.20225730108783813,1,1,BIT0,5.733137409067628,1,1.0
17,"(1, 1)",6,5.268814203789949,BLANK,3.30135925213548,0,1,BIT0,5.698070048417863,1,0.8
17,"(1, 1)",7,3.30135925213548,BLANK,-5.390020834084963,1,1,BIT0,5.622612065213133,1,1.0
18,"(0, 0)",0,1.4915110289094287,ROUTE,1.6051342724176523,0,1,BIT0,1.6104992764914314,1,1.0
18,"(0, 0)",1,1.6051342724176523,BIT0,1.6158260275487737,0,1,BIT0,1.6158260275487737,1,1.0
18,"(0, 0)",2,1.6158260275487737,CODE,1.6157276079401566,0,1,BIT0,1.616256257280896,1,1.0
18,"(0, 0)",3,1.6157276079401566,BIT0,1.6162523537658013,0,1,BIT0,1.6162523537658013,1,1.0
18,"(0, 0)",4,1.6162523537658013,BLANK,1.615541128430086,0,1,BIT0,1.6162732720135091,1,1.0
18,"(0, 0)",5,1.615541128430086,BLANK,1.6154851670733699,0,1,BIT0,1.6162451066609052,1,1.0
18,"(0, 0)",6,1.6154851670733699,BLANK,1.6154807689824762,0,1,BIT0,1.6162428805963813,1,1.0
18,"(0, 0)",7,1.6154807689824762,BLANK,1.615480423366332,0,1,BIT0,1.616242705581389,1,1.0
18,"(0, 1)",0,0.3818800247373765,ROUTE,0.8042968005067346,0,1,BIT0,1.3102526039434863,1,1.0
18,"(0, 1)",1,0.8042968005067346,BIT0,1.5203667441795496,0,1,BIT0,1.5203667441795496,1,1.0
18,"(0, 1)",2,1.5203667441795496,CODE,1.6082837334262279,0,1,BIT0,1.6120202344917778,1,1.0
18,"(0, 1)",3,1.6082837334262279,BIT0,1.6159528556146696,0,1,BIT0,1.6159528556146696,1,1.0
18,"(0, 1)",4,1.6159528556146696,BLANK,1.615517718118193,0,1,BIT0,1.6162613168489026,1,1.0
18,"(0, 1)",5,1.615517718118193,BLANK,1.6154833282653427,0,1,BIT0,1.6162441747837093,1,1.0
18,"(0, 1)",6,1.6154833282653427,BLANK,1.615480624490085,0,1,BIT0,1.6162428074195145,1,1.0
18,"(0, 1)",7,1.615480624490085,BLANK,1.6154804120118125,0,1,BIT0,1.6162426998313362,1,1.0
18,"(1, 0)",0,1.541543559711367,ROUTE,1.613983269135368,0,1,BIT1,1.617322014519866,1,1.0
18,"(1, 0)",1,1.613983269135368,BIT1,1.6193686184136464,0,1,BIT1,1.6193686184136464,1,1.0
18,"(1, 0)",2,1.6193686184136464,CODE,1.6190578108207756,0,1,BIT1,1.6195113147335076,1,1.0
18,"(1, 0)",3,1.6190578108207756,BIT1,1.6195031624125895,0,1,BIT1,1.6195031624125895,1,1.0
18,"(1, 0)",4,1.6195031624125895,BLANK,1.6191041263016892,0,1,BIT1,1.619514855802275,1,1.0
18,"(1, 0)",5,1.6191041263016892,BLANK,1.6190833679834502,0,1,BIT1,1.619504312313743,1,1.0
18,"(1, 0)",6,1.6190833679834502,BLANK,1.6190822906561166,0,1,BIT1,1.6195037644602923,1,1.0
18,"(1, 0)",7,1.6190822906561166,BLANK,1.6190822347563887,0,1,BIT1,1.6195037360305367,1,1.0
18,"(1, 1)",0,1.6063960590747084,ROUTE,1.618243356037088,0,1,BIT1,1.6191669698505344,1,1.0
18,"(1, 1)",1,1.618243356037088,BIT1,1.6194815987742972,0,1,BIT1,1.6194815987742972,1,1.0
18,"(1, 1)",2,1.6194815987742972,CODE,1.6190638943313858,0,1,BIT1,1.6195142881967,1,1.0
18,"(1, 1)",3,1.6190638943313858,BIT1,1.6195033224338211,0,1,BIT1,1.6195033224338211,1,1.0
18,"(1, 1)",4,1.6195033224338211,BLANK,1.6191041345575408,0,1,BIT1,1.6195148600120655,1,1.0
18,"(1, 1)",5,1.6191041345575408,BLANK,1.6190833684116224,0,1,BIT1,1.6195043125315531,1,1.0
18,"(1, 1)",6,1.6190833684116224,BLANK,1.6190822906783322,0,1,BIT1,1.619503764471591,1,1.0
18,"(1, 1)",7,1.6190822906783322,BLANK,1.6190822347575415,0,1,BIT1,1.619503736031123,1,1.0
20,"(0, 0)",0,1.7390247191248802,ROUTE,-2.668104982300054,1,0,BIT1,-2.439434370586473,0,1.0
20,"(0, 0)",2,2.763847095595856,CODE,-2.7739263034359034,1,0,BIT1,-2.772151758918688,0,1.0
20,"(0, 0)",4,2.7783319830437687,BLANK,-2.774477448355396,1,0,BIT1,-2.7734263380390263,0,1.0
20,"(0, 0)",6,2.7796964789681597,BLANK,-2.774544956703944,1,0,BIT1,-2.7735442300936723,0,1.0
20,"(0, 1)",0,2.646410944357405,ROUTE,-2.768293633784049,1,0,BIT1,-2.7600970542502927,0,1.0
20,"(0, 1)",2,2.777687118291061,CODE,-2.7745688838500304,1,0,BIT1,-2.773370493647516,0,1.0
20,"(0, 1)",4,2.778404776230109,BLANK,-2.774481050776412,1,0,BIT1,-2.7734326366189244,0,1.0
20,"(0, 1)",6,2.7796967354977262,BLANK,-2.7745449693718482,1,0,BIT1,-2.773544252222443,0,1.0
20,"(1, 0)",0,2.7102040041129367,ROUTE,-2.774446178584129,1,0,BIT0,-2.7702325873773512,0,1.0
20,"(1, 0)",2,2.773088573760301,CODE,-2.7796191637328365,1,0,BIT0,-2.7782371029645887,0,1.0
20,"(1, 0)",4,2.773537557164395,BLANK,-2.77962936132684,1,0,BIT0,-2.778288092693572,0,1.0
20,"(1, 0)",6,2.7745416421778266,BLANK,-2.7797010497225862,1,0,BIT0,-2.7784018730957274,0,1.0
20,"(1, 1)",0,2.3926236639977927,ROUTE,-2.7330087453290526,1,0,BIT0,-2.6923882749998116,0,1.0
20,"(1, 1)",2,2.7692925362449494,CODE,-2.7793516231126105,1,0,BIT0,-2.7778027070421345,0,1.0
20,"(1, 1)",4,2.7735144670080447,BLANK,-2.77962771176299,1,0,BIT0,-2.7782854724478963,0,1.0
20,"(1, 1)",6,2.7745415607120707,BLANK,-2.7797010439223024,1,0,BIT0,-2.7784018638877415,0,1.0
21,"(0, 0)",0,1.9799925392031197,ROUTE,2.020104577668023,0,1,BIT0,2.0209346959231262,1,1.0
21,"(0, 0)",1,2.020104577668023,BIT0,2.0231659831097306,0,1,BIT0,2.0231659831097306,1,1.0
21,"(0, 0)",2,2.0231659831097306,CODE,2.0230068552409968,0,1,BIT0,2.02332485919553,1,1.0
21,"(0, 0)",3,2.0230068552409968,BIT0,2.023316314668337,0,1,BIT0,2.023316314668337,1,1.0
21,"(0, 0)",4,2.023316314668337,BLANK,2.0224665352280913,0,1,BIT0,2.0233326366583704,1,1.0
21,"(0, 0)",5,2.0224665352280913,BLANK,2.022388967686738,0,1,BIT0,2.023289029506215,1,1.0
21,"(0, 0)",6,2.022388967686738,BLANK,2.022381798677243,0,1,BIT0,2.023285022796233,1,1.0
21,"(0, 0)",7,2.022381798677243,BLANK,2.022381136370315,0,1,BIT0,2.0232846525567436,1,1.0
21,"(0, 1)",0,1.7943952612414522,ROUTE,2.002030171333224,0,1,BIT0,2.0070366503796016,1,1.0
21,"(0, 1)",1,2.002030171333224,BIT0,2.0221999172147367,0,1,BIT0,2.0221999172147367,1,1.0
21,"(0, 1)",2,2.0221999172147367,CODE,2.022944813292906,0,1,BIT0,2.023274811426879,1,1.0
21,"(0, 1)",3,2.022944813292906,BIT0,2.023313089860372,0,1,BIT0,2.023313089860372,1,1.0
21,"(0, 1)",4,2.023313089860372,BLANK,2.02246623641677,0,1,BIT0,2.02333246992477,1,1.0
21,"(0, 1)",5,2.02246623641677,BLANK,2.0223889401019406,0,1,BIT0,2.0232890140807687,1,1.0
21,"(0, 1)",6,2.0223889401019406,BLANK,2.022381796128724,0,1,BIT0,2.023285021371603,1,1.0
21,"(0, 1)",7,2.022381796128724,BLANK,2.022381136134859,0,1,BIT0,2.023284652425123,1,1.0
21,"(1, 0)",0,0.2714161398938434,ROUTE,0.7245642409593874,0,1,BIT1,1.6607061351336223,1,1.0
21,"(1, 0)",1,0.7245642409593874,BIT1,1.8325199891678434,0,1,BIT1,1.8325199891678434,1,1.0
21,"(1, 0)",2,1.8325199891678434,CODE,1.9610971013821081,0,1,BIT1,1.977132662009715,1,1.0
21,"(1, 0)",3,1.9610971013821081,BIT1,1.9838354768415032,0,1,BIT1,1.9838354768415032,1,1.0
21,"(1, 0)",4,1.9838354768415032,BLANK,1.9826353236587004,0,1,BIT1,1.9849052628245432,1,1.0
21,"(1, 0)",5,1.9826353236587004,BLANK,1.9825358893632141,0,1,BIT1,1.984848428452811,1,1.0
21,"(1, 0)",6,1.9825358893632141,BLANK,1.9825276402585639,0,1,BIT1,1.9848437833424013,1,1.0
21,"(1, 0)",7,1.9825276402585639,BLANK,1.982526955869858,0,1,BIT1,1.9848433977002151,1,1.0
21,"(1, 1)",0,1.651449700040489,ROUTE,1.9301294410828602,0,1,BIT1,1.9658031908560776,1,1.0
21,"(1, 1)",1,1.9301294410828602,BIT1,1.9823087499097671,0,1,BIT1,1.9823087499097671,1,1.0
21,"(1, 1)",2,1.9823087499097671,CODE,1.9810641771471817,0,1,BIT1,1.9848342984930265,1,1.0
21,"(1, 1)",3,1.9810641771471817,BIT1,1.9847768770549918,0,1,BIT1,1.9847768770549918,1,1.0
21,"(1, 1)",4,1.9847768770549918,BLANK,1.9827132400940735,0,1,BIT1,1.9849489783119685,1,1.0
21,"(1, 1)",5,1.9827132400940735,BLANK,1.9825423523850563,0,1,BIT1,1.9848520708623718,1,1.0
21,"(1, 1)",6,1.9825423523850563,BLANK,1.98252817645948,0,1,BIT1,1.9848440854717817,1,1.0
21,"(1, 1)",7,1.98252817645948,BLANK,1.982527000356156,0,1,BIT1,1.9848434227668235,1,1.0
22,"(0, 0)",4,6.426463974297326,BLANK,6.42378122400085,0,1,BIT1,6.425017794995179,1,1.0
22,"(0, 0)",5,6.42378122400085,BLANK,6.420535333369768,0,1,BIT1,6.423397781452406,1,1.0
22,"(0, 0)",6,6.420535333369768,BLANK,6.416219027664386,0,1,BIT1,6.42131067167456,1,1.0
22,"(0, 0)",7,6.416219027664386,BLANK,6.408760214497919,0,1,BIT1,6.417812973246965,1,1.0
22,"(0, 1)",4,6.426456779531928,BLANK,6.423783226265353,0,1,BIT1,6.425018817707151,1,1.0
22,"(0, 1)",5,6.423783226265353,BLANK,6.420537737338684,0,1,BIT1,6.423398961190657,1,1.0
22,"(0, 1)",6,6.420537737338684,BLANK,6.416222587802274,0,1,BIT1,6.421312371043427,1,1.0
22,"(0, 1)",7,6.416222587802274,BLANK,6.40876732577186,0,1,BIT1,6.417816254426435,1,1.0
22,"(1, 0)",1,0.07987076469437904,BIT0,0.08290091445234316,0,1,CODE,0.08286282820850666,1,1.0
22,"(1, 0)",2,0.08290091445234316,CODE,0.08286890449704787,0,1,CODE,0.08286890449704787,1,1.0
22,"(1, 0)",3,0.08286890449704787,BIT1,6.06837200051658,0,1,CODE,0.0828688418816057,1,1.0
22,"(1, 0)",4,6.06837200051658,BLANK,-6.374300115059451,1,1,BIT0,6.418394945239436,1,0.8
22,"(1, 1)",1,0.07965924687644099,BIT0,0.08289502877120558,0,1,CODE,0.08286238371974308,1,1.0
22,"(1, 1)",2,0.08289502877120558,CODE,0.08286889298390099,0,1,CODE,0.08286889298390099,1,1.0
22,"(1, 1)",3,0.08286889298390099,BIT1,6.068373393244641,0,1,CODE,0.08286884185908683,1,1.0
22,"(1, 1)",4,6.068373393244641,BLANK,-6.374299717231232,1,1,BIT0,6.418394979379581,1,0.8
23,"(0, 0)",0,0.8922404348699213,ROUTE,-1.3754572198446415,1,0,BIT1,-1.1387263181806544,0,1.0
23,"(0, 0)",2,1.45589384558495,CODE,-1.465179970305746,1,0,BIT1,-1.4623014672484538,0,1.0
23,"(0, 0)",4,1.4697725767429477,BLANK,-1.4648614345742037,1,0,BIT1,-1.4642406265618748,0,1.0
23,"(0, 0)",6,1.4712601397541976,BLANK,-1.4650065563095478,1,0,BIT1,-1.4644419606623513,0,1.0
23,"(0, 1)",0,1.4158150175924944,ROUTE,-1.4620386884738776,1,0,BIT1,-1.455983075282656,0,1.0
23,"(0, 1)",2,1.469402838468092,CODE,-1.4657771178603993,1,0,BIT1,-1.4641904459765303,0,1.0
23,"(0, 1)",4,1.4698420673944725,BLANK,-1.464868220633753,1,0,BIT1,-1.4642500491727513,0,1.0
23,"(0, 1)",6,1.4712604274335839,BLANK,-1.4650065842387157,1,0,BIT1,-1.4644419993778,0,1.0
23,"(1, 0)",0,1.4426244142081743,ROUTE,-1.4692091960682059,1,0,BIT0,-1.4669496926151835,0,1.0
23,"(1, 0)",2,1.464164157803412,CODE,-1.470043547009619,1,0,BIT0,-1.4696539744404913,0,1.0
23,"(1, 0)",4,1.4642771645381671,BLANK,-1.4712353486286984,1,0,BIT0,-1.4696672187525386,0,1.0
23,"(1, 0)",6,1.4650041493941697,BLANK,-1.4712661879782756,1,0,BIT0,-1.4697521942642315,0,1.0
23,"(1, 1)",0,1.3124666438626493,ROUTE,-1.456908767091202,1,0,BIT0,-1.4408760191003631,0,1.0
23,"(1, 1)",2,1.4624473805242775,CODE,-1.4698760647586488,1,0,BIT0,-1.4694516208634618,0,1.0
23,"(1, 1)",4,1.4642544509474087,BLANK,-1.471234383474258,1,0,BIT0,-1.4696645575151113,0,1.0
23,"(1, 1)",6,1.46500405568672,BLANK,-1.471266184007939,1,0,BIT0,-1.469752183335182,0,1.0
