scope,sample_index,pair_id,label,depth,raw_margin_act_minus_text,target_signed_blueprint_score,target_region
train,0,1,TEXT,0,-0.8574355840682983,0.8574355840682983,True
train,1,1,ACT,0,0.5072988271713257,0.5072988271713257,True
train,2,2,TEXT,0,0.3286818265914917,-0.3286818265914917,False
train,3,2,ACT,0,0.23014461994171143,0.23014461994171143,True
train,4,3,TEXT,0,-0.10269731283187866,0.10269731283187866,True
train,5,3,ACT,0,-0.19010639190673828,-0.19010639190673828,False
train,6,4,TEXT,0,1.9204349517822266,-1.9204349517822266,False
train,7,4,ACT,0,0.4840758442878723,0.4840758442878723,True
train,8,6,TEXT,0,0.9017334580421448,-0.9017334580421448,False
train,9,6,ACT,0,-0.19792407751083374,-0.19792407751083374,False
train,10,7,TEXT,0,1.1803885698318481,-1.1803885698318481,False
train,11,7,ACT,0,1.1803885698318481,1.1803885698318481,True
train,12,8,TEXT,0,1.1803885698318481,-1.1803885698318481,False
train,13,8,ACT,0,0.5113954544067383,0.5113954544067383,True
train,14,9,TEXT,0,1.1621382236480713,-1.1621382236480713,False
train,15,9,ACT,0,1.062145709991455,1.062145709991455,True
train,16,11,TEXT,0,0.3286818265914917,-0.3286818265914917,False
train,17,11,ACT,0,0.947004497051239,0.947004497051239,True
train,18,12,TEXT,0,0.3001866340637207,-0.3001866340637207,False
train,19,12,ACT,0,1.3158769607543945,1.3158769607543945,True
train,20,13,TEXT,0,1.050163984298706,-1.050163984298706,False
train,21,13,ACT,0,1.78440523147583,1.78440523147583,True
train,22,14,TEXT,0,0.6771098971366882,-0.6771098971366882,False
train,23,14,ACT,0,2.0235586166381836,2.0235586166381836,True
train,24,16,TEXT,0,-1.1203110218048096,1.1203110218048096,True
train,25,16,ACT,0,1.1745249032974243,1.1745249032974243,True
train,26,17,TEXT,0,2.0457074642181396,-2.0457074642181396,False
train,27,17,ACT,0,2.100531816482544,2.100531816482544,True
train,28,18,TEXT,0,0.9090526700019836,-0.9090526700019836,False
train,29,18,ACT,0,2.496263027191162,2.496263027191162,True
train,30,19,TEXT,0,0.6575925350189209,-0.6575925350189209,False
train,31,19,ACT,0,-1.400820016860962,-1.400820016860962,False
train,32,21,TEXT,0,0.9126467704772949,-0.9126467704772949,False
train,33,21,ACT,0,2.653761625289917,2.653761625289917,True
train,34,22,TEXT,0,-0.6286917328834534,0.6286917328834534,True
train,35,22,ACT,0,1.7835652828216553,1.7835652828216553,True
train,36,23,TEXT,0,0.07781863212585449,-0.07781863212585449,False
train,37,23,ACT,0,0.3447861671447754,0.3447861671447754,True
train,38,24,TEXT,0,2.7608792781829834,-2.7608792781829834,False
train,39,24,ACT,0,2.878904342651367,2.878904342651367,True
train,40,26,TEXT,0,-0.043492257595062256,0.043492257595062256,True
train,41,26,ACT,0,1.4185945987701416,1.4185945987701416,True
train,42,27,TEXT,0,1.9171009063720703,-1.9171009063720703,False
train,43,27,ACT,0,-0.8995197415351868,-0.8995197415351868,False
train,44,28,TEXT,0,2.0235586166381836,-2.0235586166381836,False
train,45,28,ACT,0,1.9796514511108398,1.9796514511108398,True
train,46,29,TEXT,0,-0.043492257595062256,0.043492257595062256,True
train,47,29,ACT,0,0.23233163356781006,0.23233163356781006,True
train,48,31,TEXT,0,0.6575925350189209,-0.6575925350189209,False
train,49,31,ACT,0,0.342258095741272,0.342258095741272,True
train,50,32,TEXT,0,1.5770595073699951,-1.5770595073699951,False
train,51,32,ACT,0,1.5770595073699951,1.5770595073699951,True
train,52,33,TEXT,0,1.5770595073699951,-1.5770595073699951,False
train,53,33,ACT,0,1.5770595073699951,1.5770595073699951,True
train,54,34,TEXT,0,0.6812254190444946,-0.6812254190444946,False
train,55,34,ACT,0,-0.09365516901016235,-0.09365516901016235,False
train,56,36,TEXT,0,1.3346911668777466,-1.3346911668777466,False
train,57,36,ACT,0,1.8431425094604492,1.8431425094604492,True
train,58,37,TEXT,0,0.39649224281311035,-0.39649224281311035,False
train,59,37,ACT,0,2.6765453815460205,2.6765453815460205,True
train,60,38,TEXT,0,-0.5236327648162842,0.5236327648162842,True
train,61,38,ACT,0,1.81749427318573,1.81749427318573,True
train,62,39,TEXT,0,1.044219970703125,-1.044219970703125,False
train,63,39,ACT,0,1.81749427318573,1.81749427318573,True
train,64,41,TEXT,0,0.8922162055969238,-0.8922162055969238,False
train,65,41,ACT,0,2.2094573974609375,2.2094573974609375,True
train,66,42,TEXT,0,-0.5606189966201782,0.5606189966201782,True
train,67,42,ACT,0,1.5770595073699951,1.5770595073699951,True
train,68,43,TEXT,0,1.5770595073699951,-1.5770595073699951,False
train,69,43,ACT,0,1.5770595073699951,1.5770595073699951,True
train,70,44,TEXT,0,0.08209812641143799,-0.08209812641143799,False
train,71,44,ACT,0,0.4702625274658203,0.4702625274658203,True
train,72,46,TEXT,0,-0.5200666189193726,0.5200666189193726,True
train,73,46,ACT,0,1.590153694152832,1.590153694152832,True
train,74,47,TEXT,0,1.1130313873291016,-1.1130313873291016,False
train,75,47,ACT,0,2.6765453815460205,2.6765453815460205,True
train,76,48,TEXT,0,0.36759984493255615,-0.36759984493255615,False
train,77,48,ACT,0,1.3910108804702759,1.3910108804702759,True
train,78,49,TEXT,0,0.6626296639442444,-0.6626296639442444,False
train,79,49,ACT,0,-0.1115911602973938,-0.1115911602973938,False
train,80,51,TEXT,0,-0.8574355840682983,0.8574355840682983,True
train,81,51,ACT,0,1.062145709991455,1.062145709991455,True
train,82,52,TEXT,0,1.8774874210357666,-1.8774874210357666,False
train,83,52,ACT,0,1.062145709991455,1.062145709991455,True
train,84,53,TEXT,0,-1.7318899631500244,1.7318899631500244,True
train,85,53,ACT,0,1.6728146076202393,1.6728146076202393,True
train,86,54,TEXT,0,1.7865879535675049,-1.7865879535675049,False
train,87,54,ACT,0,2.5168838500976562,2.5168838500976562,True
train,88,56,TEXT,0,0.5180439949035645,-0.5180439949035645,False
train,89,56,ACT,0,-0.5200666189193726,-0.5200666189193726,False
train,90,57,TEXT,0,0.6771098971366882,-0.6771098971366882,False
train,91,57,ACT,0,0.23233163356781006,0.23233163356781006,True
train,92,58,TEXT,0,1.6309490203857422,-1.6309490203857422,False
train,93,58,ACT,0,0.9017334580421448,0.9017334580421448,True
train,94,59,TEXT,0,1.2961411476135254,-1.2961411476135254,False
train,95,59,ACT,0,0.5359408855438232,0.5359408855438232,True
train,96,61,TEXT,0,1.2401657104492188,-1.2401657104492188,False
train,97,61,ACT,0,2.496263027191162,2.496263027191162,True
train,98,62,TEXT,0,0.40227919816970825,-0.40227919816970825,False
train,99,62,ACT,0,1.062145709991455,1.062145709991455,True
train,100,63,TEXT,0,0.3001866340637207,-0.3001866340637207,False
train,101,63,ACT,0,2.496263027191162,2.496263027191162,True
train,102,64,TEXT,0,1.9796514511108398,-1.9796514511108398,False
train,103,64,ACT,0,1.9565150737762451,1.9565150737762451,True
train,104,66,TEXT,0,-1.400820016860962,1.400820016860962,True
train,105,66,ACT,0,0.025374293327331543,0.025374293327331543,True
train,106,67,TEXT,0,1.6728146076202393,-1.6728146076202393,False
train,107,67,ACT,0,1.011526346206665,1.011526346206665,True
train,108,68,TEXT,0,1.9796514511108398,-1.9796514511108398,False
train,109,68,ACT,0,0.39649224281311035,0.39649224281311035,True
train,110,69,TEXT,0,1.869049072265625,-1.869049072265625,False
train,111,69,ACT,0,1.5770595073699951,1.5770595073699951,True
train,0,1,TEXT,1,-1.8391525745391846,1.8391525745391846,True
train,1,1,ACT,1,0.5578603744506836,0.5578603744506836,True
train,2,2,TEXT,1,-0.09287679195404053,0.09287679195404053,True
train,3,2,ACT,1,-0.28601646423339844,-0.28601646423339844,False
train,4,3,TEXT,1,-0.24210798740386963,0.24210798740386963,True
train,5,3,ACT,1,0.055729806423187256,0.055729806423187256,True
train,6,4,TEXT,1,1.4887741804122925,-1.4887741804122925,False
train,7,4,ACT,1,0.49163252115249634,0.49163252115249634,True
train,8,6,TEXT,1,0.1926599144935608,-0.1926599144935608,False
train,9,6,ACT,1,-0.7554141283035278,-0.7554141283035278,False
train,10,7,TEXT,1,0.8036915063858032,-0.8036915063858032,False
train,11,7,ACT,1,1.0192526578903198,1.0192526578903198,True
train,12,8,TEXT,1,0.5553550124168396,-0.5553550124168396,False
train,13,8,ACT,1,0.6455972194671631,0.6455972194671631,True
train,14,9,TEXT,1,0.9743224382400513,-0.9743224382400513,False
train,15,9,ACT,1,0.5313268899917603,0.5313268899917603,True
train,16,11,TEXT,1,-0.13093364238739014,0.13093364238739014,True
train,17,11,ACT,1,2.0084095001220703,2.0084095001220703,True
train,18,12,TEXT,1,-0.7146210670471191,0.7146210670471191,True
train,19,12,ACT,1,1.127966046333313,1.127966046333313,True
train,20,13,TEXT,1,0.865668773651123,-0.865668773651123,False
train,21,13,ACT,1,2.424388885498047,2.424388885498047,True
train,22,14,TEXT,1,0.07654005289077759,-0.07654005289077759,False
train,23,14,ACT,1,1.5435829162597656,1.5435829162597656,True
train,24,16,TEXT,1,-2.0468530654907227,2.0468530654907227,True
train,25,16,ACT,1,1.2639780044555664,1.2639780044555664,True
train,26,17,TEXT,1,1.86160409450531,-1.86160409450531,False
train,27,17,ACT,1,2.9837849140167236,2.9837849140167236,True
train,28,18,TEXT,1,0.2839556336402893,-0.2839556336402893,False
train,29,18,ACT,1,2.6239430904388428,2.6239430904388428,True
train,30,19,TEXT,1,0.06832444667816162,-0.06832444667816162,False
train,31,19,ACT,1,-1.9288231134414673,-1.9288231134414673,False
train,32,21,TEXT,1,0.7974075078964233,-0.7974075078964233,False
train,33,21,ACT,1,2.9903929233551025,2.9903929233551025,True
train,34,22,TEXT,1,-1.068394660949707,1.068394660949707,True
train,35,22,ACT,1,2.105369806289673,2.105369806289673,True
train,36,23,TEXT,1,-0.6032373905181885,0.6032373905181885,True
train,37,23,ACT,1,0.04686260223388672,0.04686260223388672,True
train,38,24,TEXT,1,2.591862916946411,-2.591862916946411,False
train,39,24,ACT,1,3.2796990871429443,3.2796990871429443,True
train,40,26,TEXT,1,-1.2241759300231934,1.2241759300231934,True
train,41,26,ACT,1,1.1763194799423218,1.1763194799423218,True
train,42,27,TEXT,1,1.711796522140503,-1.711796522140503,False
train,43,27,ACT,1,-1.5041818618774414,-1.5041818618774414,False
train,44,28,TEXT,1,1.6357290744781494,-1.6357290744781494,False
train,45,28,ACT,1,1.8304831981658936,1.8304831981658936,True
train,46,29,TEXT,1,-1.2241759300231934,1.2241759300231934,True
train,47,29,ACT,1,0.4256429970264435,0.4256429970264435,True
train,48,31,TEXT,1,0.045519471168518066,-0.045519471168518066,False
train,49,31,ACT,1,-0.07195931673049927,-0.07195931673049927,False
train,50,32,TEXT,1,1.2346017360687256,-1.2346017360687256,False
train,51,32,ACT,1,1.2672593593597412,1.2672593593597412,True
train,52,33,TEXT,1,1.2384268045425415,-1.2384268045425415,False
train,53,33,ACT,1,1.2296335697174072,1.2296335697174072,True
train,54,34,TEXT,1,-0.1969088315963745,0.1969088315963745,True
train,55,34,ACT,1,0.04307276010513306,0.04307276010513306,True
train,56,36,TEXT,1,0.5213379859924316,-0.5213379859924316,False
train,57,36,ACT,1,2.017188787460327,2.017188787460327,True
train,58,37,TEXT,1,-0.4266405999660492,0.4266405999660492,True
train,59,37,ACT,1,2.8799641132354736,2.8799641132354736,True
train,60,38,TEXT,1,-0.18494737148284912,0.18494737148284912,True
train,61,38,ACT,1,2.6327311992645264,2.6327311992645264,True
train,62,39,TEXT,1,1.1097321510314941,-1.1097321510314941,False
train,63,39,ACT,1,2.6997389793395996,2.6997389793395996,True
train,64,41,TEXT,1,0.6051452159881592,-0.6051452159881592,False
train,65,41,ACT,1,2.349771738052368,2.349771738052368,True
train,66,42,TEXT,1,-1.0213947296142578,1.0213947296142578,True
train,67,42,ACT,1,1.2375433444976807,1.2375433444976807,True
train,68,43,TEXT,1,1.104116678237915,-1.104116678237915,False
train,69,43,ACT,1,1.1185886859893799,1.1185886859893799,True
train,70,44,TEXT,1,-0.500368595123291,0.500368595123291,True
train,71,44,ACT,1,0.560531735420227,0.560531735420227,True
train,72,46,TEXT,1,-0.876617968082428,0.876617968082428,True
train,73,46,ACT,1,1.2186453342437744,1.2186453342437744,True
train,74,47,TEXT,1,0.8908965587615967,-0.8908965587615967,False
train,75,47,ACT,1,2.8935234546661377,2.8935234546661377,True
train,76,48,TEXT,1,-0.8426212668418884,0.8426212668418884,True
train,77,48,ACT,1,1.988121509552002,1.988121509552002,True
train,78,49,TEXT,1,0.2801559567451477,-0.2801559567451477,False
train,79,49,ACT,1,0.5279489755630493,0.5279489755630493,True
train,80,51,TEXT,1,-1.8305330276489258,1.8305330276489258,True
train,81,51,ACT,1,0.6145983934402466,0.6145983934402466,True
train,82,52,TEXT,1,1.5285685062408447,-1.5285685062408447,False
train,83,52,ACT,1,0.46224552392959595,0.46224552392959595,True
train,84,53,TEXT,1,-1.8055802583694458,1.8055802583694458,True
train,85,53,ACT,1,1.4465783834457397,1.4465783834457397,True
train,86,54,TEXT,1,1.4396700859069824,-1.4396700859069824,False
train,87,54,ACT,1,2.2723448276519775,2.2723448276519775,True
train,88,56,TEXT,1,0.2291620373725891,-0.2291620373725891,False
train,89,56,ACT,1,-0.4957035183906555,-0.4957035183906555,False
train,90,57,TEXT,1,0.102436363697052,-0.102436363697052,False
train,91,57,ACT,1,0.13041800260543823,0.13041800260543823,True
train,92,58,TEXT,1,0.7316937446594238,-0.7316937446594238,False
train,93,58,ACT,1,0.5447154641151428,0.5447154641151428,True
train,94,59,TEXT,1,1.1393011808395386,-1.1393011808395386,False
train,95,59,ACT,1,0.8454309105873108,0.8454309105873108,True
train,96,61,TEXT,1,0.30542975664138794,-0.30542975664138794,False
train,97,61,ACT,1,2.762565851211548,2.762565851211548,True
train,98,62,TEXT,1,-0.24312147498130798,0.24312147498130798,True
train,99,62,ACT,1,0.4833165407180786,0.4833165407180786,True
train,100,63,TEXT,1,-0.6782416105270386,0.6782416105270386,True
train,101,63,ACT,1,2.6522393226623535,2.6522393226623535,True
train,102,64,TEXT,1,1.8016449213027954,-1.8016449213027954,False
train,103,64,ACT,1,2.078866720199585,2.078866720199585,True
train,104,66,TEXT,1,-1.9244941473007202,1.9244941473007202,True
train,105,66,ACT,1,-0.23613214492797852,-0.23613214492797852,False
train,106,67,TEXT,1,1.5629150867462158,-1.5629150867462158,False
train,107,67,ACT,1,1.3076932430267334,1.3076932430267334,True
train,108,68,TEXT,1,1.9333200454711914,-1.9333200454711914,False
train,109,68,ACT,1,-0.2397145926952362,-0.2397145926952362,False
train,110,69,TEXT,1,1.60587477684021,-1.60587477684021,False
train,111,69,ACT,1,1.226701021194458,1.226701021194458,True
train,0,1,TEXT,2,-2.8724467754364014,2.8724467754364014,True
train,1,1,ACT,2,0.6652597784996033,0.6652597784996033,True
train,2,2,TEXT,2,-0.8485405445098877,0.8485405445098877,True
train,3,2,ACT,2,-1.0711777210235596,-1.0711777210235596,False
train,4,3,TEXT,2,-0.7016878128051758,0.7016878128051758,True
train,5,3,ACT,2,0.5337983965873718,0.5337983965873718,True
train,6,4,TEXT,2,0.5840457677841187,-0.5840457677841187,False
train,7,4,ACT,2,0.9047886729240417,0.9047886729240417,True
train,8,6,TEXT,2,-1.0181221961975098,1.0181221961975098,True
train,9,6,ACT,2,-1.5852725505828857,-1.5852725505828857,False
train,10,7,TEXT,2,-0.07698725908994675,0.07698725908994675,True
train,11,7,ACT,2,0.5378850698471069,0.5378850698471069,True
train,12,8,TEXT,2,-0.5228677988052368,0.5228677988052368,True
train,13,8,ACT,2,0.7602390646934509,0.7602390646934509,True
train,14,9,TEXT,2,0.32112693786621094,-0.32112693786621094,False
train,15,9,ACT,2,-0.2001064419746399,-0.2001064419746399,False
train,16,11,TEXT,2,-0.8612326979637146,0.8612326979637146,True
train,17,11,ACT,2,3.1292247772216797,3.1292247772216797,True
train,18,12,TEXT,2,-1.916987419128418,1.916987419128418,True
train,19,12,ACT,2,0.9860628843307495,0.9860628843307495,True
train,20,13,TEXT,2,0.6789711117744446,-0.6789711117744446,False
train,21,13,ACT,2,2.969982624053955,2.969982624053955,True
train,22,14,TEXT,2,-0.7377222180366516,0.7377222180366516,True
train,23,14,ACT,2,1.0741872787475586,1.0741872787475586,True
train,24,16,TEXT,2,-3.026927947998047,3.026927947998047,True
train,25,16,ACT,2,1.340394139289856,1.340394139289856,True
train,26,17,TEXT,2,1.6190063953399658,-1.6190063953399658,False
train,27,17,ACT,2,3.5212042331695557,3.5212042331695557,True
train,28,18,TEXT,2,-0.8282507658004761,0.8282507658004761,True
train,29,18,ACT,2,2.813676118850708,2.813676118850708,True
train,30,19,TEXT,2,-0.6778886318206787,0.6778886318206787,True
train,31,19,ACT,2,-2.374582052230835,-2.374582052230835,False
train,32,21,TEXT,2,0.07729804515838623,-0.07729804515838623,False
train,33,21,ACT,2,3.185173988342285,3.185173988342285,True
train,34,22,TEXT,2,-1.7601549625396729,1.7601549625396729,True
train,35,22,ACT,2,2.2631125450134277,2.2631125450134277,True
train,36,23,TEXT,2,-1.2839171886444092,1.2839171886444092,True
train,37,23,ACT,2,-0.15818661451339722,-0.15818661451339722,False
train,38,24,TEXT,2,2.350703239440918,-2.350703239440918,False
train,39,24,ACT,2,3.4368770122528076,3.4368770122528076,True
train,40,26,TEXT,2,-2.4636940956115723,2.4636940956115723,True
train,41,26,ACT,2,0.7703734040260315,0.7703734040260315,True
train,42,27,TEXT,2,0.8215637803077698,-0.8215637803077698,False
train,43,27,ACT,2,-2.0071816444396973,-2.0071816444396973,False
train,44,28,TEXT,2,0.9295703172683716,-0.9295703172683716,False
train,45,28,ACT,2,1.597997784614563,1.597997784614563,True
train,46,29,TEXT,2,-2.4636940956115723,2.4636940956115723,True
train,47,29,ACT,2,0.9211289286613464,0.9211289286613464,True
train,48,31,TEXT,2,-0.7578628063201904,0.7578628063201904,True
train,49,31,ACT,2,-0.2826392650604248,-0.2826392650604248,False
train,50,32,TEXT,2,0.6669656038284302,-0.6669656038284302,False
train,51,32,ACT,2,0.7326079607009888,0.7326079607009888,True
train,52,33,TEXT,2,0.7464555501937866,-0.7464555501937866,False
train,53,33,ACT,2,0.7240574359893799,0.7240574359893799,True
train,54,34,TEXT,2,-1.6027883291244507,1.6027883291244507,True
train,55,34,ACT,2,0.21555955708026886,0.21555955708026886,True
train,56,36,TEXT,2,-0.47908997535705566,0.47908997535705566,True
train,57,36,ACT,2,2.181104898452759,2.181104898452759,True
train,58,37,TEXT,2,-1.6343393325805664,1.6343393325805664,True
train,59,37,ACT,2,3.058244466781616,3.058244466781616,True
train,60,38,TEXT,2,-0.16101408004760742,0.16101408004760742,True
train,61,38,ACT,2,3.2333648204803467,3.2333648204803467,True
train,62,39,TEXT,2,0.8564530611038208,-0.8564530611038208,False
train,63,39,ACT,2,3.3061728477478027,3.3061728477478027,True
train,64,41,TEXT,2,0.11898982524871826,-0.11898982524871826,False
train,65,41,ACT,2,2.6030325889587402,2.6030325889587402,True
train,66,42,TEXT,2,-1.4838602542877197,1.4838602542877197,True
train,67,42,ACT,2,0.8723698258399963,0.8723698258399963,True
train,68,43,TEXT,2,0.4688889682292938,-0.4688889682292938,False
train,69,43,ACT,2,0.5299052000045776,0.5299052000045776,True
train,70,44,TEXT,2,-1.3185627460479736,1.3185627460479736,True
train,71,44,ACT,2,0.6918827295303345,0.6918827295303345,True
train,72,46,TEXT,2,-1.2775800228118896,1.2775800228118896,True
train,73,46,ACT,2,0.9027867913246155,0.9027867913246155,True
train,74,47,TEXT,2,0.38976216316223145,-0.38976216316223145,False
train,75,47,ACT,2,3.029604911804199,3.029604911804199,True
train,76,48,TEXT,2,-2.6091291904449463,2.6091291904449463,True
train,77,48,ACT,2,2.7576043605804443,2.7576043605804443,True
train,78,49,TEXT,2,-0.08909350633621216,0.08909350633621216,True
train,79,49,ACT,2,0.8926552534103394,0.8926552534103394,True
train,80,51,TEXT,2,-2.99885892868042,2.99885892868042,True
train,81,51,ACT,2,-0.07056230306625366,-0.07056230306625366,False
train,82,52,TEXT,2,0.7511547803878784,-0.7511547803878784,False
train,83,52,ACT,2,-0.3557264506816864,-0.3557264506816864,False
train,84,53,TEXT,2,-2.0232925415039062,2.0232925415039062,True
train,85,53,ACT,2,0.8268935084342957,0.8268935084342957,True
train,86,54,TEXT,2,0.8456403613090515,-0.8456403613090515,False
train,87,54,ACT,2,2.3190395832061768,2.3190395832061768,True
train,88,56,TEXT,2,-0.3818833827972412,0.3818833827972412,True
train,89,56,ACT,2,-0.4392223358154297,-0.4392223358154297,False
train,90,57,TEXT,2,-0.6802971363067627,0.6802971363067627,True
train,91,57,ACT,2,0.3291636109352112,0.3291636109352112,True
train,92,58,TEXT,2,-0.45070016384124756,0.45070016384124756,True
train,93,58,ACT,2,0.20783519744873047,0.20783519744873047,True
train,94,59,TEXT,2,0.8625132441520691,-0.8625132441520691,False
train,95,59,ACT,2,1.4851970672607422,1.4851970672607422,True
train,96,61,TEXT,2,-1.2454094886779785,1.2454094886779785,True
train,97,61,ACT,2,3.0420258045196533,3.0420258045196533,True
train,98,62,TEXT,2,-1.1222811937332153,1.1222811937332153,True
train,99,62,ACT,2,-0.3722677528858185,-0.3722677528858185,False
train,100,63,TEXT,2,-1.9648325443267822,1.9648325443267822,True
train,101,63,ACT,2,2.754775047302246,2.754775047302246,True
train,102,64,TEXT,2,1.195861577987671,-1.195861577987671,False
train,103,64,ACT,2,2.093167543411255,2.093167543411255,True
train,104,66,TEXT,2,-2.626267671585083,2.626267671585083,True
train,105,66,ACT,2,-0.5602616667747498,-0.5602616667747498,False
train,106,67,TEXT,2,0.9687446355819702,-0.9687446355819702,False
train,107,67,ACT,2,1.664874792098999,1.664874792098999,True
train,108,68,TEXT,2,1.6366260051727295,-1.6366260051727295,False
train,109,68,ACT,2,-1.0067400932312012,-1.0067400932312012,False
train,110,69,TEXT,2,1.0695362091064453,-1.0695362091064453,False
train,111,69,ACT,2,0.813430905342102,0.813430905342102,True
train,0,1,TEXT,3,-3.682999849319458,3.682999849319458,True
train,1,1,ACT,3,1.175548791885376,1.175548791885376,True
train,2,2,TEXT,3,-1.8372340202331543,1.8372340202331543,True
train,3,2,ACT,3,-1.8673924207687378,-1.8673924207687378,False
train,4,3,TEXT,3,-1.3542777299880981,1.3542777299880981,True
train,5,3,ACT,3,1.4004380702972412,1.4004380702972412,True
train,6,4,TEXT,3,-0.7588968276977539,0.7588968276977539,True
train,7,4,ACT,3,1.7876133918762207,1.7876133918762207,True
train,8,6,TEXT,3,-2.104790210723877,2.104790210723877,True
train,9,6,ACT,3,-2.1026906967163086,-2.1026906967163086,False
train,10,7,TEXT,3,-1.2922308444976807,1.2922308444976807,True
train,11,7,ACT,3,0.18265950679779053,0.18265950679779053,True
train,12,8,TEXT,3,-1.830535650253296,1.830535650253296,True
train,13,8,ACT,3,1.2924151420593262,1.2924151420593262,True
train,14,9,TEXT,3,-0.7539703845977783,0.7539703845977783,True
train,15,9,ACT,3,-0.694500744342804,-0.694500744342804,False
train,16,11,TEXT,3,-1.5393784046173096,1.5393784046173096,True
train,17,11,ACT,3,4.13151741027832,4.13151741027832,True
train,18,12,TEXT,3,-3.0852463245391846,3.0852463245391846,True
train,19,12,ACT,3,1.1139237880706787,1.1139237880706787,True
train,20,13,TEXT,3,0.6462783813476562,-0.6462783813476562,False
train,21,13,ACT,3,3.552325963973999,3.552325963973999,True
train,22,14,TEXT,3,-1.6428310871124268,1.6428310871124268,True
train,23,14,ACT,3,0.9893506765365601,0.9893506765365601,True
train,24,16,TEXT,3,-3.889270067214966,3.889270067214966,True
train,25,16,ACT,3,1.661806583404541,1.661806583404541,True
train,26,17,TEXT,3,1.4544936418533325,-1.4544936418533325,False
train,27,17,ACT,3,3.9485814571380615,3.9485814571380615,True
train,28,18,TEXT,3,-2.0919387340545654,2.0919387340545654,True
train,29,18,ACT,3,3.203301429748535,3.203301429748535,True
train,30,19,TEXT,3,-1.2892065048217773,1.2892065048217773,True
train,31,19,ACT,3,-2.4933063983917236,-2.4933063983917236,False
train,32,21,TEXT,3,-1.0362461805343628,1.0362461805343628,True
train,33,21,ACT,3,3.330232620239258,3.330232620239258,True
train,34,22,TEXT,3,-2.4973108768463135,2.4973108768463135,True
train,35,22,ACT,3,2.497887134552002,2.497887134552002,True
train,36,23,TEXT,3,-1.7532973289489746,1.7532973289489746,True
train,37,23,ACT,3,-0.17587123811244965,-0.17587123811244965,False
train,38,24,TEXT,3,2.0748813152313232,-2.0748813152313232,False
train,39,24,ACT,3,3.502643346786499,3.502643346786499,True
train,40,26,TEXT,3,-3.3439266681671143,3.3439266681671143,True
train,41,26,ACT,3,0.6175626516342163,0.6175626516342163,True
train,42,27,TEXT,3,-0.9615354537963867,0.9615354537963867,True
train,43,27,ACT,3,-2.095999002456665,-2.095999002456665,False
train,44,28,TEXT,3,0.2915903925895691,-0.2915903925895691,False
train,45,28,ACT,3,1.5719549655914307,1.5719549655914307,True
train,46,29,TEXT,3,-3.3439266681671143,3.3439266681671143,True
train,47,29,ACT,3,1.6127599477767944,1.6127599477767944,True
train,48,31,TEXT,3,-1.4120020866394043,1.4120020866394043,True
train,49,31,ACT,3,-0.16012045741081238,-0.16012045741081238,False
train,50,32,TEXT,3,0.02483975887298584,-0.02483975887298584,False
train,51,32,ACT,3,0.13857227563858032,0.13857227563858032,True
train,52,33,TEXT,3,0.2043108344078064,-0.2043108344078064,False
train,53,33,ACT,3,0.18663263320922852,0.18663263320922852,True
train,54,34,TEXT,3,-2.915626049041748,2.915626049041748,True
train,55,34,ACT,3,0.5236587524414062,0.5236587524414062,True
train,56,36,TEXT,3,-1.4376635551452637,1.4376635551452637,True
train,57,36,ACT,3,2.394453763961792,2.394453763961792,True
train,58,37,TEXT,3,-2.565640926361084,2.565640926361084,True
train,59,37,ACT,3,3.215489149093628,3.215489149093628,True
train,60,38,TEXT,3,-0.4399763345718384,0.4399763345718384,True
train,61,38,ACT,3,3.7669241428375244,3.7669241428375244,True
train,62,39,TEXT,3,0.3630267381668091,-0.3630267381668091,False
train,63,39,ACT,3,3.816511631011963,3.816511631011963,True
train,64,41,TEXT,3,-0.46992480754852295,0.46992480754852295,True
train,65,41,ACT,3,2.9523580074310303,2.9523580074310303,True
train,66,42,TEXT,3,-1.9907032251358032,1.9907032251358032,True
train,67,42,ACT,3,0.6766726970672607,0.6766726970672607,True
train,68,43,TEXT,3,-0.16878896951675415,0.16878896951675415,True
train,69,43,ACT,3,-0.02433466911315918,-0.02433466911315918,False
train,70,44,TEXT,3,-2.2188169956207275,2.2188169956207275,True
train,71,44,ACT,3,1.1249990463256836,1.1249990463256836,True
train,72,46,TEXT,3,-1.5485188961029053,1.5485188961029053,True
train,73,46,ACT,3,1.056788682937622,1.056788682937622,True
train,74,47,TEXT,3,-0.3350270986557007,0.3350270986557007,True
train,75,47,ACT,3,3.2360284328460693,3.2360284328460693,True
train,76,48,TEXT,3,-3.7280900478363037,3.7280900478363037,True
train,77,48,ACT,3,3.7808547019958496,3.7808547019958496,True
train,78,49,TEXT,3,-0.3206126093864441,0.3206126093864441,True
train,79,49,ACT,3,1.35293710231781,1.35293710231781,True
train,80,51,TEXT,3,-3.9055986404418945,3.9055986404418945,True
train,81,51,ACT,3,-0.4351678788661957,-0.4351678788661957,False
train,82,52,TEXT,3,-0.4691673517227173,0.4691673517227173,True
train,83,52,ACT,3,-0.8742884397506714,-0.8742884397506714,False
train,84,53,TEXT,3,-2.466445207595825,2.466445207595825,True
train,85,53,ACT,3,-0.3038026690483093,-0.3038026690483093,False
train,86,54,TEXT,3,0.008469820022583008,-0.008469820022583008,False
train,87,54,ACT,3,2.6232619285583496,2.6232619285583496,True
train,88,56,TEXT,3,-0.9984208345413208,0.9984208345413208,True
train,89,56,ACT,3,0.16050702333450317,0.16050702333450317,True
train,90,57,TEXT,3,-1.6044700145721436,1.6044700145721436,True
train,91,57,ACT,3,0.8544362783432007,0.8544362783432007,True
train,92,58,TEXT,3,-1.208098292350769,1.208098292350769,True
train,93,58,ACT,3,0.3721493184566498,0.3721493184566498,True
train,94,59,TEXT,3,0.5379661321640015,-0.5379661321640015,False
train,95,59,ACT,3,2.5597939491271973,2.5597939491271973,True
train,96,61,TEXT,3,-2.5403435230255127,2.5403435230255127,True
train,97,61,ACT,3,3.439770460128784,3.439770460128784,True
train,98,62,TEXT,3,-2.0166242122650146,2.0166242122650146,True
train,99,62,ACT,3,-0.915230393409729,-0.915230393409729,False
train,100,63,TEXT,3,-3.1294968128204346,3.1294968128204346,True
train,101,63,ACT,3,3.0161020755767822,3.0161020755767822,True
train,102,64,TEXT,3,0.34779179096221924,-0.34779179096221924,False
train,103,64,ACT,3,2.160292863845825,2.160292863845825,True
train,104,66,TEXT,3,-3.2599751949310303,3.2599751949310303,True
train,105,66,ACT,3,-0.563721776008606,-0.563721776008606,False
train,106,67,TEXT,3,-0.2739139795303345,0.2739139795303345,True
train,107,67,ACT,3,2.1622912883758545,2.1622912883758545,True
train,108,68,TEXT,3,1.192922830581665,-1.192922830581665,False
train,109,68,ACT,3,-1.3882403373718262,-1.3882403373718262,False
train,110,69,TEXT,3,0.357602596282959,-0.357602596282959,False
train,111,69,ACT,3,0.5550832748413086,0.5550832748413086,True
train,0,1,TEXT,4,-4.242609024047852,4.242609024047852,True
train,1,1,ACT,4,2.308481454849243,2.308481454849243,True
train,2,2,TEXT,4,-2.971247434616089,2.971247434616089,True
train,3,2,ACT,4,-2.0577163696289062,-2.0577163696289062,False
train,4,3,TEXT,4,-2.100518226623535,2.100518226623535,True
train,5,3,ACT,4,2.779507875442505,2.779507875442505,True
train,6,4,TEXT,4,-2.503713846206665,2.503713846206665,True
train,7,4,ACT,4,2.879375696182251,2.879375696182251,True
train,8,6,TEXT,4,-2.8441555500030518,2.8441555500030518,True
train,9,6,ACT,4,-1.7079795598983765,-1.7079795598983765,False
train,10,7,TEXT,4,-2.6185638904571533,2.6185638904571533,True
train,11,7,ACT,4,0.747748613357544,0.747748613357544,True
train,12,8,TEXT,4,-3.203613758087158,3.203613758087158,True
train,13,8,ACT,4,2.420534372329712,2.420534372329712,True
train,14,9,TEXT,4,-2.1641626358032227,2.1641626358032227,True
train,15,9,ACT,4,-0.09817837178707123,-0.09817837178707123,False
train,16,11,TEXT,4,-1.70534086227417,1.70534086227417,True
train,17,11,ACT,4,4.866230010986328,4.866230010986328,True
train,18,12,TEXT,4,-4.028376579284668,4.028376579284668,True
train,19,12,ACT,4,1.7703468799591064,1.7703468799591064,True
train,20,13,TEXT,4,0.7051287889480591,-0.7051287889480591,False
train,21,13,ACT,4,4.169732093811035,4.169732093811035,True
train,22,14,TEXT,4,-2.566096067428589,2.566096067428589,True
train,23,14,ACT,4,1.4509860277175903,1.4509860277175903,True
train,24,16,TEXT,4,-4.569948196411133,4.569948196411133,True
train,25,16,ACT,4,2.3146169185638428,2.3146169185638428,True
train,26,17,TEXT,4,1.3141247034072876,-1.3141247034072876,False
train,27,17,ACT,4,4.358161926269531,4.358161926269531,True
train,28,18,TEXT,4,-3.2075295448303223,3.2075295448303223,True
train,29,18,ACT,4,3.8539416790008545,3.8539416790008545,True
train,30,19,TEXT,4,-1.6367243528366089,1.6367243528366089,True
train,31,19,ACT,4,-1.9641387462615967,-1.9641387462615967,False
train,32,21,TEXT,4,-2.1083645820617676,2.1083645820617676,True
train,33,21,ACT,4,3.583510637283325,3.583510637283325,True
train,34,22,TEXT,4,-3.1223013401031494,3.1223013401031494,True
train,35,22,ACT,4,2.995037794113159,2.995037794113159,True
train,36,23,TEXT,4,-1.9755213260650635,1.9755213260650635,True
train,37,23,ACT,4,0.27372121810913086,0.27372121810913086,True
train,38,24,TEXT,4,1.730343222618103,-1.730343222618103,False
train,39,24,ACT,4,3.6632487773895264,3.6632487773895264,True
train,40,26,TEXT,4,-3.8888890743255615,3.8888890743255615,True
train,41,26,ACT,4,1.3227012157440186,1.3227012157440186,True
train,42,27,TEXT,4,-2.7723803520202637,2.7723803520202637,True
train,43,27,ACT,4,-1.404775857925415,-1.404775857925415,False
train,44,28,TEXT,4,0.04465445876121521,-0.04465445876121521,False
train,45,28,ACT,4,2.2115674018859863,2.2115674018859863,True
train,46,29,TEXT,4,-3.8888890743255615,3.8888890743255615,True
train,47,29,ACT,4,2.495676279067993,2.495676279067993,True
train,48,31,TEXT,4,-1.950822114944458,1.950822114944458,True
train,49,31,ACT,4,0.3217531144618988,0.3217531144618988,True
train,50,32,TEXT,4,-0.5730322003364563,0.5730322003364563,True
train,51,32,ACT,4,-0.36495286226272583,-0.36495286226272583,False
train,52,33,TEXT,4,-0.36876922845840454,0.36876922845840454,True
train,53,33,ACT,4,-0.314293771982193,-0.314293771982193,False
train,54,34,TEXT,4,-3.794189691543579,3.794189691543579,True
train,55,34,ACT,4,1.1215335130691528,1.1215335130691528,True
train,56,36,TEXT,4,-2.530491828918457,2.530491828918457,True
train,57,36,ACT,4,2.656097888946533,2.656097888946533,True
train,58,37,TEXT,4,-3.067119598388672,3.067119598388672,True
train,59,37,ACT,4,3.5284411907196045,3.5284411907196045,True
train,60,38,TEXT,4,-1.2099236249923706,1.2099236249923706,True
train,61,38,ACT,4,4.30766487121582,4.30766487121582,True
train,62,39,TEXT,4,-0.42863988876342773,0.42863988876342773,True
train,63,39,ACT,4,4.279557228088379,4.279557228088379,True
train,64,41,TEXT,4,-1.231377363204956,1.231377363204956,True
train,65,41,ACT,4,3.331983804702759,3.331983804702759,True
train,66,42,TEXT,4,-2.6463587284088135,2.6463587284088135,True
train,67,42,ACT,4,0.745481014251709,0.745481014251709,True
train,68,43,TEXT,4,-0.8352494835853577,0.8352494835853577,True
train,69,43,ACT,4,-0.5073703527450562,-0.5073703527450562,False
train,70,44,TEXT,4,-3.1204276084899902,3.1204276084899902,True
train,71,44,ACT,4,2.1232876777648926,2.1232876777648926,True
train,72,46,TEXT,4,-1.81241774559021,1.81241774559021,True
train,73,46,ACT,4,1.473260521888733,1.473260521888733,True
train,74,47,TEXT,4,-1.1530864238739014,1.1530864238739014,True
train,75,47,ACT,4,3.8289601802825928,3.8289601802825928,True
train,76,48,TEXT,4,-4.270554542541504,4.270554542541504,True
train,77,48,ACT,4,4.802098274230957,4.802098274230957,True
train,78,49,TEXT,4,-0.6539620161056519,0.6539620161056519,True
train,79,49,ACT,4,2.0675580501556396,2.0675580501556396,True
train,80,51,TEXT,4,-4.467540740966797,4.467540740966797,True
train,81,51,ACT,4,0.25052690505981445,0.25052690505981445,True
train,82,52,TEXT,4,-1.857557773590088,1.857557773590088,True
train,83,52,ACT,4,-0.32678747177124023,-0.32678747177124023,False
train,84,53,TEXT,4,-3.1343345642089844,3.1343345642089844,True
train,85,53,ACT,4,-1.4087011814117432,-1.4087011814117432,False
train,86,54,TEXT,4,-1.0745832920074463,1.0745832920074463,True
train,87,54,ACT,4,3.097449779510498,3.097449779510498,True
train,88,56,TEXT,4,-1.518594741821289,1.518594741821289,True
train,89,56,ACT,4,1.2618379592895508,1.2618379592895508,True
train,90,57,TEXT,4,-2.450885534286499,2.450885534286499,True
train,91,57,ACT,4,1.812170147895813,1.812170147895813,True
train,92,58,TEXT,4,-1.6360894441604614,1.6360894441604614,True
train,93,58,ACT,4,1.2637919187545776,1.2637919187545776,True
train,94,59,TEXT,4,0.2561183571815491,-0.2561183571815491,False
train,95,59,ACT,4,3.8485372066497803,3.8485372066497803,True
train,96,61,TEXT,4,-3.3574917316436768,3.3574917316436768,True
train,97,61,ACT,4,3.982562303543091,3.982562303543091,True
train,98,62,TEXT,4,-2.773794412612915,2.773794412612915,True
train,99,62,ACT,4,-0.40143075585365295,-0.40143075585365295,False
train,100,63,TEXT,4,-3.9895682334899902,3.9895682334899902,True
train,101,63,ACT,4,3.492079973220825,3.492079973220825,True
train,102,64,TEXT,4,-0.7327659130096436,0.7327659130096436,True
train,103,64,ACT,4,2.457077980041504,2.457077980041504,True
train,104,66,TEXT,4,-3.7461793422698975,3.7461793422698975,True
train,105,66,ACT,4,0.2741864323616028,0.2741864323616028,True
train,106,67,TEXT,4,-1.7196322679519653,1.7196322679519653,True
train,107,67,ACT,4,3.0395684242248535,3.0395684242248535,True
train,108,68,TEXT,4,0.7955583333969116,-0.7955583333969116,False
train,109,68,ACT,4,-1.1280763149261475,-1.1280763149261475,False
train,110,69,TEXT,4,-0.40934544801712036,0.40934544801712036,True
train,111,69,ACT,4,0.566179633140564,0.566179633140564,True
train,0,1,TEXT,5,-4.736148834228516,4.736148834228516,True
train,1,1,ACT,5,3.7237730026245117,3.7237730026245117,True
train,2,2,TEXT,5,-4.393472671508789,4.393472671508789,True
train,3,2,ACT,5,-1.0401687622070312,-1.0401687622070312,False
train,4,3,TEXT,5,-3.1794145107269287,3.1794145107269287,True
train,5,3,ACT,5,4.354981422424316,4.354981422424316,True
train,6,4,TEXT,5,-4.277457237243652,4.277457237243652,True
train,7,4,ACT,5,3.869791269302368,3.869791269302368,True
train,8,6,TEXT,5,-3.4562854766845703,3.4562854766845703,True
train,9,6,ACT,5,-0.2731371819972992,-0.2731371819972992,False
train,10,7,TEXT,5,-4.20121955871582,4.20121955871582,True
train,11,7,ACT,5,2.170476198196411,2.170476198196411,True
train,12,8,TEXT,5,-4.575963020324707,4.575963020324707,True
train,13,8,ACT,5,3.8179681301116943,3.8179681301116943,True
train,14,9,TEXT,5,-3.9403889179229736,3.9403889179229736,True
train,15,9,ACT,5,1.8645203113555908,1.8645203113555908,True
train,16,11,TEXT,5,-1.8413188457489014,1.8413188457489014,True
train,17,11,ACT,5,5.40317440032959,5.40317440032959,True
train,18,12,TEXT,5,-4.844208717346191,4.844208717346191,True
train,19,12,ACT,5,2.8473122119903564,2.8473122119903564,True
train,20,13,TEXT,5,0.5028223991394043,-0.5028223991394043,False
train,21,13,ACT,5,4.82103157043457,4.82103157043457,True
train,22,14,TEXT,5,-3.6355690956115723,3.6355690956115723,True
train,23,14,ACT,5,2.3109185695648193,2.3109185695648193,True
train,24,16,TEXT,5,-5.19234561920166,5.19234561920166,True
train,25,16,ACT,5,3.3793694972991943,3.3793694972991943,True
train,26,17,TEXT,5,0.909669816493988,-0.909669816493988,False
train,27,17,ACT,5,4.78944206237793,4.78944206237793,True
train,28,18,TEXT,5,-4.266506195068359,4.266506195068359,True
train,29,18,ACT,5,4.575381278991699,4.575381278991699,True
train,30,19,TEXT,5,-2.2496354579925537,2.2496354579925537,True
train,31,19,ACT,5,-0.5302290916442871,-0.5302290916442871,False
train,32,21,TEXT,5,-2.928065299987793,2.928065299987793,True
train,33,21,ACT,5,4.042380332946777,4.042380332946777,True
train,34,22,TEXT,5,-3.6938979625701904,3.6938979625701904,True
train,35,22,ACT,5,3.6847050189971924,3.6847050189971924,True
train,36,23,TEXT,5,-2.4709200859069824,2.4709200859069824,True
train,37,23,ACT,5,1.343396782875061,1.343396782875061,True
train,38,24,TEXT,5,1.0562875270843506,-1.0562875270843506,False
train,39,24,ACT,5,4.081472396850586,4.081472396850586,True
train,40,26,TEXT,5,-4.483989715576172,4.483989715576172,True
train,41,26,ACT,5,2.978745698928833,2.978745698928833,True
train,42,27,TEXT,5,-4.163668632507324,4.163668632507324,True
train,43,27,ACT,5,0.2790874242782593,0.2790874242782593,True
train,44,28,TEXT,5,-0.42384207248687744,0.42384207248687744,True
train,45,28,ACT,5,3.3188650608062744,3.3188650608062744,True
train,46,29,TEXT,5,-4.483989715576172,4.483989715576172,True
train,47,29,ACT,5,3.3758957386016846,3.3758957386016846,True
train,48,31,TEXT,5,-2.969569444656372,2.969569444656372,True
train,49,31,ACT,5,1.1279089450836182,1.1279089450836182,True
train,50,32,TEXT,5,-0.9473021626472473,0.9473021626472473,True
train,51,32,ACT,5,-0.3698461651802063,-0.3698461651802063,False
train,52,33,TEXT,5,-0.9335144758224487,0.9335144758224487,True
train,53,33,ACT,5,-0.2306702435016632,-0.2306702435016632,False
train,54,34,TEXT,5,-4.569235801696777,4.569235801696777,True
train,55,34,ACT,5,2.125110149383545,2.125110149383545,True
train,56,36,TEXT,5,-3.8245136737823486,3.8245136737823486,True
train,57,36,ACT,5,2.973864793777466,2.973864793777466,True
train,58,37,TEXT,5,-3.385190963745117,3.385190963745117,True
train,59,37,ACT,5,4.221948623657227,4.221948623657227,True
train,60,38,TEXT,5,-2.6985666751861572,2.6985666751861572,True
train,61,38,ACT,5,4.881857872009277,4.881857872009277,True
train,62,39,TEXT,5,-1.759157419204712,1.759157419204712,True
train,63,39,ACT,5,4.727072715759277,4.727072715759277,True
train,64,41,TEXT,5,-2.4232845306396484,2.4232845306396484,True
train,65,41,ACT,5,3.686906099319458,3.686906099319458,True
train,66,42,TEXT,5,-3.514600992202759,3.514600992202759,True
train,67,42,ACT,5,1.3332585096359253,1.3332585096359253,True
train,68,43,TEXT,5,-1.5122730731964111,1.5122730731964111,True
train,69,43,ACT,5,-0.3811700940132141,-0.3811700940132141,False
train,70,44,TEXT,5,-4.0802764892578125,4.0802764892578125,True
train,71,44,ACT,5,3.3836793899536133,3.3836793899536133,True
train,72,46,TEXT,5,-2.2083969116210938,2.2083969116210938,True
train,73,46,ACT,5,1.82682204246521,1.82682204246521,True
train,74,47,TEXT,5,-2.289759874343872,2.289759874343872,True
train,75,47,ACT,5,4.7796831130981445,4.7796831130981445,True
train,76,48,TEXT,5,-4.776979446411133,4.776979446411133,True
train,77,48,ACT,5,5.451669692993164,5.451669692993164,True
train,78,49,TEXT,5,-1.989186406135559,1.989186406135559,True
train,79,49,ACT,5,3.0049097537994385,3.0049097537994385,True
train,80,51,TEXT,5,-4.902433395385742,4.902433395385742,True
train,81,51,ACT,5,1.9111828804016113,1.9111828804016113,True
train,82,52,TEXT,5,-3.5246880054473877,3.5246880054473877,True
train,83,52,ACT,5,1.1896493434906006,1.1896493434906006,True
train,84,53,TEXT,5,-3.9808998107910156,3.9808998107910156,True
train,85,53,ACT,5,-1.3755848407745361,-1.3755848407745361,False
train,86,54,TEXT,5,-2.4606516361236572,2.4606516361236572,True
train,87,54,ACT,5,3.6182892322540283,3.6182892322540283,True
train,88,56,TEXT,5,-2.570497751235962,2.570497751235962,True
train,89,56,ACT,5,2.4942433834075928,2.4942433834075928,True
train,90,57,TEXT,5,-3.2928452491760254,3.2928452491760254,True
train,91,57,ACT,5,3.012110948562622,3.012110948562622,True
train,92,58,TEXT,5,-2.447099447250366,2.447099447250366,True
train,93,58,ACT,5,2.5873172283172607,2.5873172283172607,True
train,94,59,TEXT,5,-0.7129873633384705,0.7129873633384705,True
train,95,59,ACT,5,4.809366226196289,4.809366226196289,True
train,96,61,TEXT,5,-4.141668319702148,4.141668319702148,True
train,97,61,ACT,5,4.562030792236328,4.562030792236328,True
train,98,62,TEXT,5,-3.5968594551086426,3.5968594551086426,True
train,99,62,ACT,5,0.8539984822273254,0.8539984822273254,True
train,100,63,TEXT,5,-4.71417236328125,4.71417236328125,True
train,101,63,ACT,5,3.9864442348480225,3.9864442348480225,True
train,102,64,TEXT,5,-2.420365571975708,2.420365571975708,True
train,103,64,ACT,5,2.9637701511383057,2.9637701511383057,True
train,104,66,TEXT,5,-4.377927780151367,4.377927780151367,True
train,105,66,ACT,5,2.2226498126983643,2.2226498126983643,True
train,106,67,TEXT,5,-3.1703596115112305,3.1703596115112305,True
train,107,67,ACT,5,4.203533172607422,4.203533172607422,True
train,108,68,TEXT,5,0.09458184242248535,-0.09458184242248535,False
train,109,68,ACT,5,-0.16861961781978607,-0.16861961781978607,False
train,110,69,TEXT,5,-1.6444907188415527,1.6444907188415527,True
train,111,69,ACT,5,1.0545954704284668,1.0545954704284668,True
train,0,1,TEXT,6,-5.356297492980957,5.356297492980957,True
train,1,1,ACT,6,4.9806671142578125,4.9806671142578125,True
train,2,2,TEXT,6,-5.650904655456543,5.650904655456543,True
train,3,2,ACT,6,2.131812334060669,2.131812334060669,True
train,4,3,TEXT,6,-4.650539398193359,4.650539398193359,True
train,5,3,ACT,6,5.528489112854004,5.528489112854004,True
train,6,4,TEXT,6,-5.4233198165893555,5.4233198165893555,True
train,7,4,ACT,6,4.811800956726074,4.811800956726074,True
train,8,6,TEXT,6,-4.238085746765137,4.238085746765137,True
train,9,6,ACT,6,2.123325824737549,2.123325824737549,True
train,10,7,TEXT,6,-5.537544250488281,5.537544250488281,True
train,11,7,ACT,6,3.9495482444763184,3.9495482444763184,True
train,12,8,TEXT,6,-5.604826927185059,5.604826927185059,True
train,13,8,ACT,6,5.073622703552246,5.073622703552246,True
train,14,9,TEXT,6,-5.462637901306152,5.462637901306152,True
train,15,9,ACT,6,4.4171342849731445,4.4171342849731445,True
train,16,11,TEXT,6,-2.8580057621002197,2.8580057621002197,True
train,17,11,ACT,6,5.86948299407959,5.86948299407959,True
train,18,12,TEXT,6,-5.60153865814209,5.60153865814209,True
train,19,12,ACT,6,4.165448188781738,4.165448188781738,True
train,20,13,TEXT,6,-0.6983470916748047,0.6983470916748047,True
train,21,13,ACT,6,5.496443748474121,5.496443748474121,True
train,22,14,TEXT,6,-4.924551963806152,4.924551963806152,True
train,23,14,ACT,6,3.4223825931549072,3.4223825931549072,True
train,24,16,TEXT,6,-5.846147537231445,5.846147537231445,True
train,25,16,ACT,6,4.752982139587402,4.752982139587402,True
train,26,17,TEXT,6,-0.2968151569366455,0.2968151569366455,True
train,27,17,ACT,6,5.286813735961914,5.286813735961914,True
train,28,18,TEXT,6,-5.30422306060791,5.30422306060791,True
train,29,18,ACT,6,5.34821891784668,5.34821891784668,True
train,30,19,TEXT,6,-3.903907537460327,3.903907537460327,True
train,31,19,ACT,6,1.8312220573425293,1.8312220573425293,True
train,32,21,TEXT,6,-3.850043535232544,3.850043535232544,True
train,33,21,ACT,6,4.7568769454956055,4.7568769454956055,True
train,34,22,TEXT,6,-4.535093307495117,4.535093307495117,True
train,35,22,ACT,6,4.498906135559082,4.498906135559082,True
train,36,23,TEXT,6,-3.914701223373413,3.914701223373413,True
train,37,23,ACT,6,3.0870347023010254,3.0870347023010254,True
train,38,24,TEXT,6,-0.6345640420913696,0.6345640420913696,True
train,39,24,ACT,6,4.823473930358887,4.823473930358887,True
train,40,26,TEXT,6,-5.278023719787598,5.278023719787598,True
train,41,26,ACT,6,4.803732872009277,4.803732872009277,True
train,42,27,TEXT,6,-5.373507499694824,5.373507499694824,True
train,43,27,ACT,6,2.969658136367798,2.969658136367798,True
train,44,28,TEXT,6,-2.0799338817596436,2.0799338817596436,True
train,45,28,ACT,6,4.505507469177246,4.505507469177246,True
train,46,29,TEXT,6,-5.278023719787598,5.278023719787598,True
train,47,29,ACT,6,4.186708450317383,4.186708450317383,True
train,48,31,TEXT,6,-4.575782775878906,4.575782775878906,True
train,49,31,ACT,6,2.449018716812134,2.449018716812134,True
train,50,32,TEXT,6,-1.1304142475128174,1.1304142475128174,True
train,51,32,ACT,6,0.583184003829956,0.583184003829956,True
train,52,33,TEXT,6,-1.4306604862213135,1.4306604862213135,True
train,53,33,ACT,6,1.2379263639450073,1.2379263639450073,True
train,54,34,TEXT,6,-5.426216125488281,5.426216125488281,True
train,55,34,ACT,6,3.610255479812622,3.610255479812622,True
train,56,36,TEXT,6,-5.101283073425293,5.101283073425293,True
train,57,36,ACT,6,3.4315683841705322,3.4315683841705322,True
train,58,37,TEXT,6,-3.871797561645508,3.871797561645508,True
train,59,37,ACT,6,5.196620941162109,5.196620941162109,True
train,60,38,TEXT,6,-4.570542335510254,4.570542335510254,True
train,61,38,ACT,6,5.471657752990723,5.471657752990723,True
train,62,39,TEXT,6,-3.9244086742401123,3.9244086742401123,True
train,63,39,ACT,6,5.206690788269043,5.206690788269043,True
train,64,41,TEXT,6,-4.085263252258301,4.085263252258301,True
train,65,41,ACT,6,4.055163383483887,4.055163383483887,True
train,66,42,TEXT,6,-4.674925804138184,4.674925804138184,True
train,67,42,ACT,6,2.706660747528076,2.706660747528076,True
train,68,43,TEXT,6,-2.1392059326171875,2.1392059326171875,True
train,69,43,ACT,6,1.0116933584213257,1.0116933584213257,True
train,70,44,TEXT,6,-5.085302352905273,5.085302352905273,True
train,71,44,ACT,6,4.53980827331543,4.53980827331543,True
train,72,46,TEXT,6,-3.062514066696167,3.062514066696167,True
train,73,46,ACT,6,2.1550393104553223,2.1550393104553223,True
train,74,47,TEXT,6,-3.954070568084717,3.954070568084717,True
train,75,47,ACT,6,5.611281394958496,5.611281394958496,True
train,76,48,TEXT,6,-5.4589033126831055,5.4589033126831055,True
train,77,48,ACT,6,5.874861717224121,5.874861717224121,True
train,78,49,TEXT,6,-4.469969749450684,4.469969749450684,True
train,79,49,ACT,6,4.025633811950684,4.025633811950684,True
train,80,51,TEXT,6,-5.439875602722168,5.439875602722168,True
train,81,51,ACT,6,3.863670825958252,3.863670825958252,True
train,82,52,TEXT,6,-5.074512481689453,5.074512481689453,True
train,83,52,ACT,6,3.3732078075408936,3.3732078075408936,True
train,84,53,TEXT,6,-4.8805646896362305,4.8805646896362305,True
train,85,53,ACT,6,-0.18416357040405273,-0.18416357040405273,False
train,86,54,TEXT,6,-4.1842756271362305,4.1842756271362305,True
train,87,54,ACT,6,4.211056709289551,4.211056709289551,True
train,88,56,TEXT,6,-4.309464454650879,4.309464454650879,True
train,89,56,ACT,6,3.60581636428833,3.60581636428833,True
train,90,57,TEXT,6,-4.44873046875,4.44873046875,True
train,91,57,ACT,6,4.2185869216918945,4.2185869216918945,True
train,92,58,TEXT,6,-3.8651084899902344,3.8651084899902344,True
train,93,58,ACT,6,4.06540584564209,4.06540584564209,True
train,94,59,TEXT,6,-3.1606767177581787,3.1606767177581787,True
train,95,59,ACT,6,5.504705429077148,5.504705429077148,True
train,96,61,TEXT,6,-5.134934425354004,5.134934425354004,True
train,97,61,ACT,6,5.2691450119018555,5.2691450119018555,True
train,98,62,TEXT,6,-4.715475082397461,4.715475082397461,True
train,99,62,ACT,6,2.3673899173736572,2.3673899173736572,True
train,100,63,TEXT,6,-5.420511245727539,5.420511245727539,True
train,101,63,ACT,6,4.659709930419922,4.659709930419922,True
train,102,64,TEXT,6,-4.3827409744262695,4.3827409744262695,True
train,103,64,ACT,6,3.773676633834839,3.773676633834839,True
train,104,66,TEXT,6,-5.287428855895996,5.287428855895996,True
train,105,66,ACT,6,4.607314109802246,4.607314109802246,True
train,106,67,TEXT,6,-4.7445220947265625,4.7445220947265625,True
train,107,67,ACT,6,5.270246505737305,5.270246505737305,True
train,108,68,TEXT,6,-1.641693353652954,1.641693353652954,True
train,109,68,ACT,6,1.7416017055511475,1.7416017055511475,True
train,110,69,TEXT,6,-3.598752021789551,3.598752021789551,True
train,111,69,ACT,6,2.309112310409546,2.309112310409546,True
train,0,1,TEXT,7,-5.975078582763672,5.975078582763672,True
train,1,1,ACT,7,5.914528846740723,5.914528846740723,True
train,2,2,TEXT,7,-6.279782295227051,6.279782295227051,True
train,3,2,ACT,7,5.413146018981934,5.413146018981934,True
train,4,3,TEXT,7,-5.856419563293457,5.856419563293457,True
train,5,3,ACT,7,6.161066055297852,6.161066055297852,True
train,6,4,TEXT,7,-6.014433860778809,6.014433860778809,True
train,7,4,ACT,7,5.68988037109375,5.68988037109375,True
train,8,6,TEXT,7,-5.230344772338867,5.230344772338867,True
train,9,6,ACT,7,4.858839988708496,4.858839988708496,True
train,10,7,TEXT,7,-6.107810020446777,6.107810020446777,True
train,11,7,ACT,7,5.513415336608887,5.513415336608887,True
train,12,8,TEXT,7,-6.145790100097656,6.145790100097656,True
train,13,8,ACT,7,5.948307037353516,5.948307037353516,True
train,14,9,TEXT,7,-6.201371192932129,6.201371192932129,True
train,15,9,ACT,7,5.9312944412231445,5.9312944412231445,True
train,16,11,TEXT,7,-4.758296012878418,4.758296012878418,True
train,17,11,ACT,7,6.243536949157715,6.243536949157715,True
train,18,12,TEXT,7,-6.157215118408203,6.157215118408203,True
train,19,12,ACT,7,5.454591751098633,5.454591751098633,True
train,20,13,TEXT,7,-4.097455978393555,4.097455978393555,True
train,21,13,ACT,7,6.06134033203125,6.06134033203125,True
train,22,14,TEXT,7,-6.016345977783203,6.016345977783203,True
train,23,14,ACT,7,4.873302459716797,4.873302459716797,True
train,24,16,TEXT,7,-6.346163749694824,6.346163749694824,True
train,25,16,ACT,7,5.884072303771973,5.884072303771973,True
train,26,17,TEXT,7,-3.099550247192383,3.099550247192383,True
train,27,17,ACT,7,5.801679611206055,5.801679611206055,True
train,28,18,TEXT,7,-6.106554985046387,6.106554985046387,True
train,29,18,ACT,7,6.06850528717041,6.06850528717041,True
train,30,19,TEXT,7,-5.798300743103027,5.798300743103027,True
train,31,19,ACT,7,4.91724967956543,4.91724967956543,True
train,32,21,TEXT,7,-5.122160911560059,5.122160911560059,True
train,33,21,ACT,7,5.7217607498168945,5.7217607498168945,True
train,34,22,TEXT,7,-5.5982561111450195,5.5982561111450195,True
train,35,22,ACT,7,5.406745910644531,5.406745910644531,True
train,36,23,TEXT,7,-5.619171142578125,5.619171142578125,True
train,37,23,ACT,7,4.9932708740234375,4.9932708740234375,True
train,38,24,TEXT,7,-3.955284595489502,3.955284595489502,True
train,39,24,ACT,7,5.6726579666137695,5.6726579666137695,True
train,40,26,TEXT,7,-6.043194770812988,6.043194770812988,True
train,41,26,ACT,7,5.922922134399414,5.922922134399414,True
train,42,27,TEXT,7,-6.148245811462402,6.148245811462402,True
train,43,27,ACT,7,5.292695045471191,5.292695045471191,True
train,44,28,TEXT,7,-4.722412109375,4.722412109375,True
train,45,28,ACT,7,5.548179626464844,5.548179626464844,True
train,46,29,TEXT,7,-6.043194770812988,6.043194770812988,True
train,47,29,ACT,7,5.0251312255859375,5.0251312255859375,True
train,48,31,TEXT,7,-5.888837814331055,5.888837814331055,True
train,49,31,ACT,7,4.628853797912598,4.628853797912598,True
train,50,32,TEXT,7,-1.424027919769287,1.424027919769287,True
train,51,32,ACT,7,2.148716688156128,2.148716688156128,True
train,52,33,TEXT,7,-2.0060200691223145,2.0060200691223145,True
train,53,33,ACT,7,3.7349483966827393,3.7349483966827393,True
train,54,34,TEXT,7,-6.1645660400390625,6.1645660400390625,True
train,55,34,ACT,7,5.209353446960449,5.209353446960449,True
train,56,36,TEXT,7,-6.07866096496582,6.07866096496582,True
train,57,36,ACT,7,4.345221519470215,4.345221519470215,True
train,58,37,TEXT,7,-4.674774169921875,4.674774169921875,True
train,59,37,ACT,7,5.99897575378418,5.99897575378418,True
train,60,38,TEXT,7,-5.8987226486206055,5.8987226486206055,True
train,61,38,ACT,7,6.008184432983398,6.008184432983398,True
train,62,39,TEXT,7,-5.745148658752441,5.745148658752441,True
train,63,39,ACT,7,5.720612525939941,5.720612525939941,True
train,64,41,TEXT,7,-5.561159133911133,5.561159133911133,True
train,65,41,ACT,7,4.730287551879883,4.730287551879883,True
train,66,42,TEXT,7,-5.825922966003418,5.825922966003418,True
train,67,42,ACT,7,4.611493110656738,4.611493110656738,True
train,68,43,TEXT,7,-2.858407497406006,2.858407497406006,True
train,69,43,ACT,7,3.290705919265747,3.290705919265747,True
train,70,44,TEXT,7,-5.922762870788574,5.922762870788574,True
train,71,44,ACT,7,5.574901580810547,5.574901580810547,True
train,72,46,TEXT,7,-4.4887237548828125,4.4887237548828125,True
train,73,46,ACT,7,2.867901563644409,2.867901563644409,True
train,74,47,TEXT,7,-5.511868476867676,5.511868476867676,True
train,75,47,ACT,7,6.135597229003906,6.135597229003906,True
train,76,48,TEXT,7,-6.129151344299316,6.129151344299316,True
train,77,48,ACT,7,6.197122573852539,6.197122573852539,True
train,78,49,TEXT,7,-6.146648406982422,6.146648406982422,True
train,79,49,ACT,7,5.012668609619141,5.012668609619141,True
train,80,51,TEXT,7,-6.006829261779785,6.006829261779785,True
train,81,51,ACT,7,5.451446533203125,5.451446533203125,True
train,82,52,TEXT,7,-6.051732063293457,6.051732063293457,True
train,83,52,ACT,7,5.454157829284668,5.454157829284668,True
train,84,53,TEXT,7,-5.5893402099609375,5.5893402099609375,True
train,85,53,ACT,7,2.422347068786621,2.422347068786621,True
train,86,54,TEXT,7,-5.678328514099121,5.678328514099121,True
train,87,54,ACT,7,5.011873245239258,5.011873245239258,True
train,88,56,TEXT,7,-5.867718696594238,5.867718696594238,True
train,89,56,ACT,7,4.7137956619262695,4.7137956619262695,True
train,90,57,TEXT,7,-5.724052429199219,5.724052429199219,True
train,91,57,ACT,7,5.302286148071289,5.302286148071289,True
train,92,58,TEXT,7,-5.332668304443359,5.332668304443359,True
train,93,58,ACT,7,5.378973007202148,5.378973007202148,True
train,94,59,TEXT,7,-5.60368537902832,5.60368537902832,True
train,95,59,ACT,7,6.030157089233398,6.030157089233398,True
train,96,61,TEXT,7,-6.003643989562988,6.003643989562988,True
train,97,61,ACT,7,6.0029449462890625,6.0029449462890625,True
train,98,62,TEXT,7,-5.739986419677734,5.739986419677734,True
train,99,62,ACT,7,4.137988090515137,4.137988090515137,True
train,100,63,TEXT,7,-6.005950927734375,6.005950927734375,True
train,101,63,ACT,7,5.678372383117676,5.678372383117676,True
train,102,64,TEXT,7,-5.651984214782715,5.651984214782715,True
train,103,64,ACT,7,5.104774475097656,5.104774475097656,True
train,104,66,TEXT,7,-6.065281867980957,6.065281867980957,True
train,105,66,ACT,7,5.94903564453125,5.94903564453125,True
train,106,67,TEXT,7,-6.000176429748535,6.000176429748535,True
train,107,67,ACT,7,5.9949235916137695,5.9949235916137695,True
train,108,68,TEXT,7,-4.253292083740234,4.253292083740234,True
train,109,68,ACT,7,4.153618812561035,4.153618812561035,True
train,110,69,TEXT,7,-5.555599212646484,5.555599212646484,True
train,111,69,ACT,7,4.206484794616699,4.206484794616699,True
train,0,1,TEXT,8,-6.216570854187012,6.216570854187012,True
train,1,1,ACT,8,6.431033134460449,6.431033134460449,True
train,2,2,TEXT,8,-6.400596618652344,6.400596618652344,True
train,3,2,ACT,8,6.447086334228516,6.447086334228516,True
train,4,3,TEXT,8,-6.360685348510742,6.360685348510742,True
train,5,3,ACT,8,6.462464332580566,6.462464332580566,True
train,6,4,TEXT,8,-6.264312744140625,6.264312744140625,True
train,7,4,ACT,8,6.19720458984375,6.19720458984375,True
train,8,6,TEXT,8,-5.765151023864746,5.765151023864746,True
train,9,6,ACT,8,6.427586555480957,6.427586555480957,True
train,10,7,TEXT,8,-6.229053497314453,6.229053497314453,True
train,11,7,ACT,8,6.305944442749023,6.305944442749023,True
train,12,8,TEXT,8,-6.3047637939453125,6.3047637939453125,True
train,13,8,ACT,8,6.379885673522949,6.379885673522949,True
train,14,9,TEXT,8,-6.275696754455566,6.275696754455566,True
train,15,9,ACT,8,6.539636611938477,6.539636611938477,True
train,16,11,TEXT,8,-5.832561492919922,5.832561492919922,True
train,17,11,ACT,8,6.453198432922363,6.453198432922363,True
train,18,12,TEXT,8,-6.370078086853027,6.370078086853027,True
train,19,12,ACT,8,6.1394195556640625,6.1394195556640625,True
train,20,13,TEXT,8,-6.117703437805176,6.117703437805176,True
train,21,13,ACT,8,6.3283538818359375,6.3283538818359375,True
train,22,14,TEXT,8,-6.324558258056641,6.324558258056641,True
train,23,14,ACT,8,5.837137222290039,5.837137222290039,True
train,24,16,TEXT,8,-6.484903335571289,6.484903335571289,True
train,25,16,ACT,8,6.474952697753906,6.474952697753906,True
train,26,17,TEXT,8,-5.6031904220581055,5.6031904220581055,True
train,27,17,ACT,8,6.107089042663574,6.107089042663574,True
train,28,18,TEXT,8,-6.48179817199707,6.48179817199707,True
train,29,18,ACT,8,6.442493438720703,6.442493438720703,True
train,30,19,TEXT,8,-6.212547302246094,6.212547302246094,True
train,31,19,ACT,8,6.342309951782227,6.342309951782227,True
train,32,21,TEXT,8,-5.801845550537109,5.801845550537109,True
train,33,21,ACT,8,6.206682205200195,6.206682205200195,True
train,34,22,TEXT,8,-6.0853424072265625,6.0853424072265625,True
train,35,22,ACT,8,5.984626770019531,5.984626770019531,True
train,36,23,TEXT,8,-6.127378463745117,6.127378463745117,True
train,37,23,ACT,8,6.068584442138672,6.068584442138672,True
train,38,24,TEXT,8,-5.874619483947754,5.874619483947754,True
train,39,24,ACT,8,6.159024238586426,6.159024238586426,True
train,40,26,TEXT,8,-6.487205505371094,6.487205505371094,True
train,41,26,ACT,8,6.433088302612305,6.433088302612305,True
train,42,27,TEXT,8,-6.422260284423828,6.422260284423828,True
train,43,27,ACT,8,6.298923492431641,6.298923492431641,True
train,44,28,TEXT,8,-5.919485092163086,5.919485092163086,True
train,45,28,ACT,8,6.138956069946289,6.138956069946289,True
train,46,29,TEXT,8,-6.487205505371094,6.487205505371094,True
train,47,29,ACT,8,5.656588554382324,5.656588554382324,True
train,48,31,TEXT,8,-6.2896013259887695,6.2896013259887695,True
train,49,31,ACT,8,6.173762321472168,6.173762321472168,True
train,50,32,TEXT,8,-1.667664647102356,1.667664647102356,True
train,51,32,ACT,8,3.662762403488159,3.662762403488159,True
train,52,33,TEXT,8,-2.589319944381714,2.589319944381714,True
train,53,33,ACT,8,5.442486763000488,5.442486763000488,True
train,54,34,TEXT,8,-6.504899978637695,6.504899978637695,True
train,55,34,ACT,8,6.190731048583984,6.190731048583984,True
train,56,36,TEXT,8,-6.503775596618652,6.503775596618652,True
train,57,36,ACT,8,5.527493476867676,5.527493476867676,True
train,58,37,TEXT,8,-5.328910827636719,5.328910827636719,True
train,59,37,ACT,8,6.427766799926758,6.427766799926758,True
train,60,38,TEXT,8,-6.307548522949219,6.307548522949219,True
train,61,38,ACT,8,6.375995635986328,6.375995635986328,True
train,62,39,TEXT,8,-6.302536964416504,6.302536964416504,True
train,63,39,ACT,8,6.116183280944824,6.116183280944824,True
train,64,41,TEXT,8,-6.2007856369018555,6.2007856369018555,True
train,65,41,ACT,8,5.523720741271973,5.523720741271973,True
train,66,42,TEXT,8,-6.370990753173828,6.370990753173828,True
train,67,42,ACT,8,5.828216552734375,5.828216552734375,True
train,68,43,TEXT,8,-3.436803102493286,3.436803102493286,True
train,69,43,ACT,8,5.106319427490234,5.106319427490234,True
train,70,44,TEXT,8,-6.350933074951172,6.350933074951172,True
train,71,44,ACT,8,6.187597274780273,6.187597274780273,True
train,72,46,TEXT,8,-5.490915298461914,5.490915298461914,True
train,73,46,ACT,8,4.092647552490234,4.092647552490234,True
train,74,47,TEXT,8,-6.245238304138184,6.245238304138184,True
train,75,47,ACT,8,6.360583305358887,6.360583305358887,True
train,76,48,TEXT,8,-6.470076560974121,6.470076560974121,True
train,77,48,ACT,8,6.4249162673950195,6.4249162673950195,True
train,78,49,TEXT,8,-6.518503189086914,6.518503189086914,True
train,79,49,ACT,8,5.738909721374512,5.738909721374512,True
train,80,51,TEXT,8,-6.232949256896973,6.232949256896973,True
train,81,51,ACT,8,6.412903785705566,6.412903785705566,True
train,82,52,TEXT,8,-6.396557807922363,6.396557807922363,True
train,83,52,ACT,8,6.465577125549316,6.465577125549316,True
train,84,53,TEXT,8,-5.910165786743164,5.910165786743164,True
train,85,53,ACT,8,5.521099090576172,5.521099090576172,True
train,86,54,TEXT,8,-6.184848785400391,6.184848785400391,True
train,87,54,ACT,8,5.647043228149414,5.647043228149414,True
train,88,56,TEXT,8,-6.4602861404418945,6.4602861404418945,True
train,89,56,ACT,8,5.612912178039551,5.612912178039551,True
train,90,57,TEXT,8,-6.117820739746094,6.117820739746094,True
train,91,57,ACT,8,5.968017578125,5.968017578125,True
train,92,58,TEXT,8,-6.128179550170898,6.128179550170898,True
train,93,58,ACT,8,6.102560997009277,6.102560997009277,True
train,94,59,TEXT,8,-6.221622467041016,6.221622467041016,True
train,95,59,ACT,8,6.361335754394531,6.361335754394531,True
train,96,61,TEXT,8,-6.366558074951172,6.366558074951172,True
train,97,61,ACT,8,6.348586082458496,6.348586082458496,True
train,98,62,TEXT,8,-6.166158676147461,6.166158676147461,True
train,99,62,ACT,8,5.8804473876953125,5.8804473876953125,True
train,100,63,TEXT,8,-6.269733428955078,6.269733428955078,True
train,101,63,ACT,8,6.289023399353027,6.289023399353027,True
train,102,64,TEXT,8,-6.171486854553223,6.171486854553223,True
train,103,64,ACT,8,6.078604698181152,6.078604698181152,True
train,104,66,TEXT,8,-6.360771179199219,6.360771179199219,True
train,105,66,ACT,8,6.520449638366699,6.520449638366699,True
train,106,67,TEXT,8,-6.499999046325684,6.499999046325684,True
train,107,67,ACT,8,6.3972883224487305,6.3972883224487305,True
train,108,68,TEXT,8,-5.694362640380859,5.694362640380859,True
train,109,68,ACT,8,5.785247802734375,5.785247802734375,True
train,110,69,TEXT,8,-6.318001747131348,6.318001747131348,True
train,111,69,ACT,8,5.64900016784668,5.64900016784668,True
heldout,0,0,TEXT,0,0.8922162055969238,-0.8922162055969238,False
heldout,1,0,ACT,0,2.0052661895751953,2.0052661895751953,True
heldout,2,5,TEXT,0,0.265927791595459,-0.265927791595459,False
heldout,3,5,ACT,0,0.49129748344421387,0.49129748344421387,True
heldout,4,10,TEXT,0,1.789733648300171,-1.789733648300171,False
heldout,5,10,ACT,0,0.5180439949035645,0.5180439949035645,True
heldout,6,15,TEXT,0,1.0792155265808105,-1.0792155265808105,False
heldout,7,15,ACT,0,0.3430190086364746,0.3430190086364746,True
heldout,8,20,TEXT,0,1.7835652828216553,-1.7835652828216553,False
heldout,9,20,ACT,0,-1.3858375549316406,-1.3858375549316406,False
heldout,10,25,TEXT,0,0.9673908948898315,-0.9673908948898315,False
heldout,11,25,ACT,0,2.0235586166381836,2.0235586166381836,True
heldout,12,30,TEXT,0,2.0457074642181396,-2.0457074642181396,False
heldout,13,30,ACT,0,1.1203950643539429,1.1203950643539429,True
heldout,14,35,TEXT,0,-1.400820016860962,1.400820016860962,True
heldout,15,35,ACT,0,1.4227120876312256,1.4227120876312256,True
heldout,16,40,TEXT,0,1.5770595073699951,-1.5770595073699951,False
heldout,17,40,ACT,0,1.5770595073699951,1.5770595073699951,True
heldout,18,45,TEXT,0,-0.6286917328834534,0.6286917328834534,True
heldout,19,45,ACT,0,2.496263027191162,2.496263027191162,True
heldout,20,50,TEXT,0,1.5770595073699951,-1.5770595073699951,False
heldout,21,50,ACT,0,1.5770595073699951,1.5770595073699951,True
heldout,22,55,TEXT,0,1.0792155265808105,-1.0792155265808105,False
heldout,23,55,ACT,0,1.5037598609924316,1.5037598609924316,True
heldout,24,60,TEXT,0,0.484844446182251,-0.484844446182251,False
heldout,25,60,ACT,0,1.011526346206665,1.011526346206665,True
heldout,26,65,TEXT,0,1.0155409574508667,-1.0155409574508667,False
heldout,27,65,ACT,0,1.062145709991455,1.062145709991455,True
heldout,0,0,TEXT,1,0.595531702041626,-0.595531702041626,False
heldout,1,0,ACT,1,1.684454321861267,1.684454321861267,True
heldout,2,5,TEXT,1,-0.023029208183288574,0.023029208183288574,True
heldout,3,5,ACT,1,1.2912626266479492,1.2912626266479492,True
heldout,4,10,TEXT,1,1.3639097213745117,-1.3639097213745117,False
heldout,5,10,ACT,1,0.2451643943786621,0.2451643943786621,True
heldout,6,15,TEXT,1,1.3222999572753906,-1.3222999572753906,False
heldout,7,15,ACT,1,0.5530765056610107,0.5530765056610107,True
heldout,8,20,TEXT,1,2.222857713699341,-2.222857713699341,False
heldout,9,20,ACT,1,-1.5702910423278809,-1.5702910423278809,False
heldout,10,25,TEXT,1,0.8722329139709473,-0.8722329139709473,False
heldout,11,25,ACT,1,1.7278298139572144,1.7278298139572144,True
heldout,12,30,TEXT,1,1.6844193935394287,-1.6844193935394287,False
heldout,13,30,ACT,1,1.1110780239105225,1.1110780239105225,True
heldout,14,35,TEXT,1,-2.0263798236846924,2.0263798236846924,True
heldout,15,35,ACT,1,0.8625109195709229,0.8625109195709229,True
heldout,16,40,TEXT,1,1.1485671997070312,-1.1485671997070312,False
heldout,17,40,ACT,1,1.149723768234253,1.149723768234253,True
heldout,18,45,TEXT,1,-1.0288079977035522,1.0288079977035522,True
heldout,19,45,ACT,1,2.6291346549987793,2.6291346549987793,True
heldout,20,50,TEXT,1,1.1802961826324463,-1.1802961826324463,False
heldout,21,50,ACT,1,1.1450183391571045,1.1450183391571045,True
heldout,22,55,TEXT,1,1.298930048942566,-1.298930048942566,False
heldout,23,55,ACT,1,1.9476935863494873,1.9476935863494873,True
heldout,24,60,TEXT,1,0.11637222766876221,-0.11637222766876221,False
heldout,25,60,ACT,1,1.2463195323944092,1.2463195323944092,True
heldout,26,65,TEXT,1,0.901422381401062,-0.901422381401062,False
heldout,27,65,ACT,1,0.5846986770629883,0.5846986770629883,True
heldout,0,0,TEXT,2,0.1430588960647583,-0.1430588960647583,False
heldout,1,0,ACT,2,1.3076831102371216,1.3076831102371216,True
heldout,2,5,TEXT,2,-0.1257619857788086,0.1257619857788086,True
heldout,3,5,ACT,2,2.057197332382202,2.057197332382202,True
heldout,4,10,TEXT,2,0.36381852626800537,-0.36381852626800537,False
heldout,5,10,ACT,2,-0.13605159521102905,-0.13605159521102905,False
heldout,6,15,TEXT,2,1.4642620086669922,-1.4642620086669922,False
heldout,7,15,ACT,2,0.46151554584503174,0.46151554584503174,True
heldout,8,20,TEXT,2,2.6317269802093506,-2.6317269802093506,False
heldout,9,20,ACT,2,-1.398580551147461,-1.398580551147461,False
heldout,10,25,TEXT,2,0.6939671039581299,-0.6939671039581299,False
heldout,11,25,ACT,2,1.1557948589324951,1.1557948589324951,True
heldout,12,30,TEXT,2,1.2126185894012451,-1.2126185894012451,False
heldout,13,30,ACT,2,1.0583422183990479,1.0583422183990479,True
heldout,14,35,TEXT,2,-2.673804521560669,2.673804521560669,True
heldout,15,35,ACT,2,-0.11233371496200562,-0.11233371496200562,False
heldout,16,40,TEXT,2,0.534347653388977,-0.534347653388977,False
heldout,17,40,ACT,2,0.5460407733917236,0.5460407733917236,True
heldout,18,45,TEXT,2,-1.5339020490646362,1.5339020490646362,True
heldout,19,45,ACT,2,2.9144232273101807,2.9144232273101807,True
heldout,20,50,TEXT,2,0.6575518250465393,-0.6575518250465393,False
heldout,21,50,ACT,2,0.5809680223464966,0.5809680223464966,True
heldout,22,55,TEXT,2,1.4621224403381348,-1.4621224403381348,False
heldout,23,55,ACT,2,2.019470453262329,2.019470453262329,True
heldout,24,60,TEXT,2,-0.4881528615951538,0.4881528615951538,True
heldout,25,60,ACT,2,1.4749690294265747,1.4749690294265747,True
heldout,26,65,TEXT,2,0.7957123517990112,-0.7957123517990112,False
heldout,27,65,ACT,2,-0.24254614114761353,-0.24254614114761353,False
heldout,0,0,TEXT,3,-0.37853896617889404,0.37853896617889404,True
heldout,1,0,ACT,3,0.8577324151992798,0.8577324151992798,True
heldout,2,5,TEXT,3,-0.0980677604675293,0.0980677604675293,True
heldout,3,5,ACT,3,2.9204025268554688,2.9204025268554688,True
heldout,4,10,TEXT,3,-1.1389617919921875,1.1389617919921875,True
heldout,5,10,ACT,3,-0.3386014401912689,-0.3386014401912689,False
heldout,6,15,TEXT,3,1.6884506940841675,-1.6884506940841675,False
heldout,7,15,ACT,3,0.1978921890258789,0.1978921890258789,True
heldout,8,20,TEXT,3,3.086683988571167,-3.086683988571167,False
heldout,9,20,ACT,3,-0.9868394732475281,-0.9868394732475281,False
heldout,10,25,TEXT,3,0.8387414813041687,-0.8387414813041687,False
heldout,11,25,ACT,3,0.7751560807228088,0.7751560807228088,True
heldout,12,30,TEXT,3,0.8631114363670349,-0.8631114363670349,False
heldout,13,30,ACT,3,1.0921375751495361,1.0921375751495361,True
heldout,14,35,TEXT,3,-3.1584954261779785,3.1584954261779785,True
heldout,15,35,ACT,3,-1.1568875312805176,-1.1568875312805176,False
heldout,16,40,TEXT,3,-0.0812455415725708,0.0812455415725708,True
heldout,17,40,ACT,3,-0.08522850275039673,-0.08522850275039673,False
heldout,18,45,TEXT,3,-2.032310962677002,2.032310962677002,True
heldout,19,45,ACT,3,3.325017213821411,3.325017213821411,True
heldout,20,50,TEXT,3,0.18376630544662476,-0.18376630544662476,False
heldout,21,50,ACT,3,0.05835390090942383,0.05835390090942383,True
heldout,22,55,TEXT,3,1.7401454448699951,-1.7401454448699951,False
heldout,23,55,ACT,3,1.8927046060562134,1.8927046060562134,True
heldout,24,60,TEXT,3,-1.2544801235198975,1.2544801235198975,True
heldout,25,60,ACT,3,1.8277125358581543,1.8277125358581543,True
heldout,26,65,TEXT,3,0.6045660376548767,-0.6045660376548767,False
heldout,27,65,ACT,3,-0.8386873602867126,-0.8386873602867126,False
heldout,0,0,TEXT,4,-0.9758848547935486,0.9758848547935486,True
heldout,1,0,ACT,4,0.2416890263557434,0.2416890263557434,True
heldout,2,5,TEXT,4,-0.22533392906188965,0.22533392906188965,True
heldout,3,5,ACT,4,3.826296091079712,3.826296091079712,True
heldout,4,10,TEXT,4,-2.666325092315674,2.666325092315674,True
heldout,5,10,ACT,4,-0.13156497478485107,-0.13156497478485107,False
heldout,6,15,TEXT,4,2.006330966949463,-2.006330966949463,False
heldout,7,15,ACT,4,-0.13232934474945068,-0.13232934474945068,False
heldout,8,20,TEXT,4,3.6777398586273193,-3.6777398586273193,False
heldout,9,20,ACT,4,-0.3478354811668396,-0.3478354811668396,False
heldout,10,25,TEXT,4,1.4592517614364624,-1.4592517614364624,False
heldout,11,25,ACT,4,0.8328427076339722,0.8328427076339722,True
heldout,12,30,TEXT,4,0.4955292344093323,-0.4955292344093323,False
heldout,13,30,ACT,4,1.2464139461517334,1.2464139461517334,True
heldout,14,35,TEXT,4,-3.3066742420196533,3.3066742420196533,True
heldout,15,35,ACT,4,-1.6422914266586304,-1.6422914266586304,False
heldout,16,40,TEXT,4,-0.5619446039199829,0.5619446039199829,True
heldout,17,40,ACT,4,-0.5613919496536255,-0.5613919496536255,False
heldout,18,45,TEXT,4,-2.3159992694854736,2.3159992694854736,True
heldout,19,45,ACT,4,3.899695634841919,3.899695634841919,True
heldout,20,50,TEXT,4,-0.058881282806396484,0.058881282806396484,True
heldout,21,50,ACT,4,-0.284670889377594,-0.284670889377594,False
heldout,22,55,TEXT,4,2.1871776580810547,-2.1871776580810547,False
heldout,23,55,ACT,4,1.443179965019226,1.443179965019226,True
heldout,24,60,TEXT,4,-2.1270430088043213,2.1270430088043213,True
heldout,25,60,ACT,4,2.540926218032837,2.540926218032837,True
heldout,26,65,TEXT,4,0.19426926970481873,-0.19426926970481873,False
heldout,27,65,ACT,4,-0.39391273260116577,-0.39391273260116577,False
heldout,0,0,TEXT,5,-1.9257092475891113,1.9257092475891113,True
heldout,1,0,ACT,5,-0.7718818783760071,-0.7718818783760071,False
heldout,2,5,TEXT,5,-1.3874242305755615,1.3874242305755615,True
heldout,3,5,ACT,5,4.638422012329102,4.638422012329102,True
heldout,4,10,TEXT,5,-3.933818817138672,3.933818817138672,True
heldout,5,10,ACT,5,-0.020680785179138184,-0.020680785179138184,False
heldout,6,15,TEXT,5,2.4173412322998047,-2.4173412322998047,False
heldout,7,15,ACT,5,-0.40252071619033813,-0.40252071619033813,False
heldout,8,20,TEXT,5,4.306466102600098,-4.306466102600098,False
heldout,9,20,ACT,5,0.6175400018692017,0.6175400018692017,True
heldout,10,25,TEXT,5,2.3858654499053955,-2.3858654499053955,False
heldout,11,25,ACT,5,0.6531212329864502,0.6531212329864502,True
heldout,12,30,TEXT,5,-0.43657898902893066,0.43657898902893066,True
heldout,13,30,ACT,5,1.5839663743972778,1.5839663743972778,True
heldout,14,35,TEXT,5,-3.0569396018981934,3.0569396018981934,True
heldout,15,35,ACT,5,-1.6226317882537842,-1.6226317882537842,False
heldout,16,40,TEXT,5,-0.5313836932182312,0.5313836932182312,True
heldout,17,40,ACT,5,-0.5333958268165588,-0.5333958268165588,False
heldout,18,45,TEXT,5,-2.496433973312378,2.496433973312378,True
heldout,19,45,ACT,5,4.488351821899414,4.488351821899414,True
heldout,20,50,TEXT,5,0.3183906078338623,-0.3183906078338623,False
heldout,21,50,ACT,5,-0.3011132478713989,-0.3011132478713989,False
heldout,22,55,TEXT,5,2.7553248405456543,-2.7553248405456543,False
heldout,23,55,ACT,5,0.5211362838745117,0.5211362838745117,True
heldout,24,60,TEXT,5,-3.369213342666626,3.369213342666626,True
heldout,25,60,ACT,5,3.678678274154663,3.678678274154663,True
heldout,26,65,TEXT,5,-0.861559271812439,0.861559271812439,True
heldout,27,65,ACT,5,1.015954613685608,1.015954613685608,True
heldout,0,0,TEXT,6,-3.546616315841675,3.546616315841675,True
heldout,1,0,ACT,6,-2.483818292617798,-2.483818292617798,False
heldout,2,5,TEXT,6,-3.9173409938812256,3.9173409938812256,True
heldout,3,5,ACT,6,5.345148086547852,5.345148086547852,True
heldout,4,10,TEXT,6,-4.99732780456543,4.99732780456543,True
heldout,5,10,ACT,6,-0.6101815104484558,-0.6101815104484558,False
heldout,6,15,TEXT,6,2.8974838256835938,-2.8974838256835938,False
heldout,7,15,ACT,6,-0.3733823895454407,-0.3733823895454407,False
heldout,8,20,TEXT,6,4.971809387207031,-4.971809387207031,False
heldout,9,20,ACT,6,2.1664958000183105,2.1664958000183105,True
heldout,10,25,TEXT,6,3.525644063949585,-3.525644063949585,False
heldout,11,25,ACT,6,-0.49514031410217285,-0.49514031410217285,False
heldout,12,30,TEXT,6,-2.5733630657196045,2.5733630657196045,True
heldout,13,30,ACT,6,1.9732820987701416,1.9732820987701416,True
heldout,14,35,TEXT,6,-2.4733269214630127,2.4733269214630127,True
heldout,15,35,ACT,6,-1.4403390884399414,-1.4403390884399414,False
heldout,16,40,TEXT,6,0.2953342795372009,-0.2953342795372009,False
heldout,17,40,ACT,6,0.27897170186042786,0.27897170186042786,True
heldout,18,45,TEXT,6,-3.1688308715820312,3.1688308715820312,True
heldout,19,45,ACT,6,5.187199592590332,5.187199592590332,True
heldout,20,50,TEXT,6,1.6546765565872192,-1.6546765565872192,False
heldout,21,50,ACT,6,0.21838033199310303,0.21838033199310303,True
heldout,22,55,TEXT,6,3.31127667427063,-3.31127667427063,False
heldout,23,55,ACT,6,-1.2816718816757202,-1.2816718816757202,False
heldout,24,60,TEXT,6,-4.8476762771606445,4.8476762771606445,True
heldout,25,60,ACT,6,4.975259780883789,4.975259780883789,True
heldout,26,65,TEXT,6,-2.9497740268707275,2.9497740268707275,True
heldout,27,65,ACT,6,3.227339744567871,3.227339744567871,True
heldout,0,0,TEXT,7,-5.30502986907959,5.30502986907959,True
heldout,1,0,ACT,7,-4.746581077575684,-4.746581077575684,False
heldout,2,5,TEXT,7,-5.769107818603516,5.769107818603516,True
heldout,3,5,ACT,7,5.902303695678711,5.902303695678711,True
heldout,4,10,TEXT,7,-5.850769996643066,5.850769996643066,True
heldout,5,10,ACT,7,-2.9496164321899414,-2.9496164321899414,False
heldout,6,15,TEXT,7,3.6987497806549072,-3.6987497806549072,False
heldout,7,15,ACT,7,0.052894532680511475,0.052894532680511475,True
heldout,8,20,TEXT,7,5.660467147827148,-5.660467147827148,False
heldout,9,20,ACT,7,4.229453086853027,4.229453086853027,True
heldout,10,25,TEXT,7,4.831398963928223,-4.831398963928223,False
heldout,11,25,ACT,7,-3.3706295490264893,-3.3706295490264893,False
heldout,12,30,TEXT,7,-5.08467960357666,5.08467960357666,True
heldout,13,30,ACT,7,2.2206640243530273,2.2206640243530273,True
heldout,14,35,TEXT,7,-1.2687275409698486,1.2687275409698486,True
heldout,15,35,ACT,7,-1.1196309328079224,-1.1196309328079224,False
heldout,16,40,TEXT,7,1.8332215547561646,-1.8332215547561646,False
heldout,17,40,ACT,7,1.8235753774642944,1.8235753774642944,True
heldout,18,45,TEXT,7,-4.647472381591797,4.647472381591797,True
heldout,19,45,ACT,7,5.938370704650879,5.938370704650879,True
heldout,20,50,TEXT,7,3.7905726432800293,-3.7905726432800293,False
heldout,21,50,ACT,7,1.3648054599761963,1.3648054599761963,True
heldout,22,55,TEXT,7,4.029356002807617,-4.029356002807617,False
heldout,23,55,ACT,7,-4.216280937194824,-4.216280937194824,False
heldout,24,60,TEXT,7,-5.874930381774902,5.874930381774902,True
heldout,25,60,ACT,7,5.954388618469238,5.954388618469238,True
heldout,26,65,TEXT,7,-5.085705757141113,5.085705757141113,True
heldout,27,65,ACT,7,5.268091201782227,5.268091201782227,True
heldout,0,0,TEXT,8,-6.137078285217285,6.137078285217285,True
heldout,1,0,ACT,8,-6.149631500244141,-6.149631500244141,False
heldout,2,5,TEXT,8,-6.17869758605957,6.17869758605957,True
heldout,3,5,ACT,8,6.244183540344238,6.244183540344238,True
heldout,4,10,TEXT,8,-6.194222450256348,6.194222450256348,True
heldout,5,10,ACT,8,-5.659337997436523,-5.659337997436523,False
heldout,6,15,TEXT,8,4.870443344116211,-4.870443344116211,False
heldout,7,15,ACT,8,0.7921955585479736,0.7921955585479736,True
heldout,8,20,TEXT,8,6.102107048034668,-6.102107048034668,False
heldout,9,20,ACT,8,5.594887733459473,5.594887733459473,True
heldout,10,25,TEXT,8,5.826889991760254,-5.826889991760254,False
heldout,11,25,ACT,8,-5.6678972244262695,-5.6678972244262695,False
heldout,12,30,TEXT,8,-6.102194786071777,6.102194786071777,True
heldout,13,30,ACT,8,3.5201523303985596,3.5201523303985596,True
heldout,14,35,TEXT,8,0.0023235678672790527,-0.0023235678672790527,False
heldout,15,35,ACT,8,-1.3874350786209106,-1.3874350786209106,False
heldout,16,40,TEXT,8,3.44789719581604,-3.44789719581604,False
heldout,17,40,ACT,8,3.4772069454193115,3.4772069454193115,True
heldout,18,45,TEXT,8,-5.562435150146484,5.562435150146484,True
heldout,19,45,ACT,8,6.328303337097168,6.328303337097168,True
heldout,20,50,TEXT,8,5.446078300476074,-5.446078300476074,False
heldout,21,50,ACT,8,2.8624141216278076,2.8624141216278076,True
heldout,22,55,TEXT,8,4.979071617126465,-4.979071617126465,False
heldout,23,55,ACT,8,-5.879185676574707,-5.879185676574707,False
heldout,24,60,TEXT,8,-6.218240737915039,6.218240737915039,True
heldout,25,60,ACT,8,6.497684478759766,6.497684478759766,True
heldout,26,65,TEXT,8,-6.074925422668457,6.074925422668457,True
heldout,27,65,ACT,8,6.382840156555176,6.382840156555176,True
