variant,layer,beta,gamma,delta,mean_gain,median_gain,accuracy,harmed
renorm_attention,5,0.8,0.5,0.25,0.019767439791134427,0.0075531005859375,1.0,0
renorm_attention,5,0.7,0.3,0.1,0.027600633246558055,0.010271787643432617,1.0,0
renorm_attention,5,0.6,0.15,0.03,0.03214380145072937,0.011858940124511719,1.0,0
renorm_attention,5,0.55,0.3,0.1,0.029315812247140065,0.011684894561767578,1.0,0
renorm_attention,6,0.8,0.5,0.25,0.023311764001846313,0.013447999954223633,1.0,0
renorm_attention,6,0.7,0.3,0.1,0.033654404538018365,0.02096271514892578,1.0,0
renorm_attention,6,0.6,0.15,0.03,0.04133698344230652,0.025759220123291016,1.0,0
renorm_attention,6,0.55,0.3,0.1,0.03355673807007926,0.019453048706054688,1.0,0
abstain_attention,5,0.8,0.5,0.25,0.009744043861116682,0.002792835235595703,1.0,0
abstain_attention,5,0.7,0.3,0.1,0.009956696203776769,0.0020318031311035156,1.0,0
abstain_attention,5,0.6,0.15,0.03,0.009186876671654838,-0.0003006458282470703,1.0,0
abstain_attention,5,0.55,0.3,0.1,0.009171072925840105,-0.00010657310485839844,1.0,0
abstain_attention,6,0.8,0.5,0.25,-0.0007023683616093227,-0.005318880081176758,1.0,0
abstain_attention,6,0.7,0.3,0.1,-0.0035726257732936312,-0.008363962173461914,1.0,0
abstain_attention,6,0.6,0.15,0.03,-0.00660000102860587,-0.010188102722167969,1.0,0
abstain_attention,6,0.55,0.3,0.1,-0.005970188549586705,-0.009300470352172852,1.0,0
abstain_contrib,5,0.8,0.5,0.25,0.010553917714527674,0.003500223159790039,1.0,0
abstain_contrib,5,0.7,0.3,0.1,0.011342099734715052,0.0033571720123291016,1.0,0
abstain_contrib,5,0.6,0.15,0.03,0.011005427156175886,0.003295421600341797,1.0,0
abstain_contrib,5,0.55,0.3,0.1,0.010095498391560145,0.002840280532836914,1.0,0
abstain_contrib,6,0.8,0.5,0.25,0.0011094467980521066,-0.0018374919891357422,1.0,0
abstain_contrib,6,0.7,0.3,0.1,-0.0013120919466018677,-0.004712581634521484,1.0,0
abstain_contrib,6,0.6,0.15,0.03,-0.004101770264761788,-0.009593963623046875,1.0,0
abstain_contrib,6,0.55,0.3,0.1,-0.003671071359089443,-0.009274959564208984,1.0,0
