pair_id,panel,task_id,kind,step,oracle_tool
0,1,0,COPY,1,WRITE
1,1,0,COPY,2,DONE
2,1,1,COPY,1,WRITE
3,1,1,COPY,2,DONE
4,1,2,SWAP,1,WRITE
5,1,2,SWAP,2,WRITE
6,1,2,SWAP,3,DONE
7,1,3,SWAP,1,WRITE
8,1,3,SWAP,2,WRITE
9,1,3,SWAP,3,DONE
10,1,4,MOVE2,1,WRITE
11,1,4,MOVE2,2,WRITE
12,1,4,MOVE2,3,CLEAR
13,1,4,MOVE2,4,CLEAR
14,1,4,MOVE2,5,DONE
15,1,5,CHAIN_COPY,1,WRITE
16,1,5,CHAIN_COPY,2,WRITE
17,1,5,CHAIN_COPY,3,WRITE
18,1,5,CHAIN_COPY,4,DONE
19,1,6,BACKUP_CLEAR,1,WRITE
20,1,6,BACKUP_CLEAR,2,CLEAR
21,1,6,BACKUP_CLEAR,3,DONE
22,1,7,BACKUP_CLEAR,1,WRITE
23,1,7,BACKUP_CLEAR,2,CLEAR
24,1,7,BACKUP_CLEAR,3,DONE
25,1,8,BACKUP_CLEAR,1,WRITE
26,1,8,BACKUP_CLEAR,2,CLEAR
27,1,8,BACKUP_CLEAR,3,DONE
28,1,9,DUAL_COPY,1,WRITE
29,1,9,DUAL_COPY,2,WRITE
30,1,9,DUAL_COPY,3,DONE
31,1,10,BACKUP_CLEAR,1,WRITE
32,1,10,BACKUP_CLEAR,2,CLEAR
33,1,10,BACKUP_CLEAR,3,DONE
34,1,11,BACKUP_CLEAR,1,WRITE
35,1,11,BACKUP_CLEAR,2,CLEAR
36,1,11,BACKUP_CLEAR,3,DONE
37,1,12,CHAIN_COPY,1,WRITE
38,1,12,CHAIN_COPY,2,WRITE
39,1,12,CHAIN_COPY,3,WRITE
40,1,12,CHAIN_COPY,4,DONE
41,1,13,DUAL_COPY,1,WRITE
42,1,13,DUAL_COPY,2,WRITE
43,1,13,DUAL_COPY,3,DONE
44,1,14,DUAL_COPY,1,WRITE
45,1,14,DUAL_COPY,2,WRITE
46,1,14,DUAL_COPY,3,DONE
47,1,15,SWAP,1,WRITE
48,1,15,SWAP,2,WRITE
49,1,15,SWAP,3,DONE
50,1,16,CHAIN_COPY,1,WRITE
51,1,16,CHAIN_COPY,2,WRITE
52,1,16,CHAIN_COPY,3,WRITE
53,1,16,CHAIN_COPY,4,DONE
54,1,17,BACKUP_CLEAR,1,WRITE
55,1,17,BACKUP_CLEAR,2,CLEAR
56,1,17,BACKUP_CLEAR,3,DONE
57,1,18,COPY,1,WRITE
58,1,18,COPY,2,DONE
59,1,19,ROTATE3,1,READ
60,1,19,ROTATE3,2,WRITE
61,1,19,ROTATE3,3,WRITE
62,1,19,ROTATE3,4,WRITE
63,1,19,ROTATE3,5,DONE
64,1,20,MOVE2,1,WRITE
65,1,20,MOVE2,2,WRITE
66,1,20,MOVE2,3,CLEAR
67,1,20,MOVE2,4,CLEAR
68,1,20,MOVE2,5,DONE
69,1,21,MOVE2,1,WRITE
70,1,21,MOVE2,2,WRITE
71,1,21,MOVE2,3,CLEAR
72,1,21,MOVE2,4,CLEAR
73,1,21,MOVE2,5,DONE
74,1,22,COPY,1,WRITE
75,1,22,COPY,2,DONE
76,1,23,CHAIN_COPY,1,WRITE
77,1,23,CHAIN_COPY,2,WRITE
78,1,23,CHAIN_COPY,3,WRITE
79,1,23,CHAIN_COPY,4,DONE
80,1,24,DUAL_COPY,1,WRITE
81,1,24,DUAL_COPY,2,WRITE
82,1,24,DUAL_COPY,3,DONE
83,1,25,DUAL_COPY,1,WRITE
84,1,25,DUAL_COPY,2,WRITE
85,1,25,DUAL_COPY,3,DONE
86,1,26,DUPLICATE,1,WRITE
87,1,26,DUPLICATE,2,WRITE
88,1,26,DUPLICATE,3,DONE
89,1,27,MOVE2,1,WRITE
90,1,27,MOVE2,2,WRITE
91,1,27,MOVE2,3,CLEAR
92,1,27,MOVE2,4,CLEAR
93,1,27,MOVE2,5,DONE
94,1,28,CHAIN_COPY,1,WRITE
95,1,28,CHAIN_COPY,2,WRITE
96,1,28,CHAIN_COPY,3,WRITE
97,1,28,CHAIN_COPY,4,DONE
98,1,29,DUAL_COPY,1,WRITE
99,1,29,DUAL_COPY,2,WRITE
100,1,29,DUAL_COPY,3,DONE
101,1,30,COPY,1,WRITE
102,1,30,COPY,2,DONE
103,1,31,SWAP,1,WRITE
104,1,31,SWAP,2,WRITE
105,1,31,SWAP,3,DONE
106,1,32,ROTATE3,1,READ
107,1,32,ROTATE3,2,WRITE
108,1,32,ROTATE3,3,WRITE
109,1,32,ROTATE3,4,WRITE
110,1,32,ROTATE3,5,DONE
111,1,33,SWAP,1,WRITE
112,1,33,SWAP,2,WRITE
113,1,33,SWAP,3,DONE
114,1,34,MOVE2,1,WRITE
115,1,34,MOVE2,2,WRITE
116,1,34,MOVE2,3,CLEAR
117,1,34,MOVE2,4,CLEAR
118,1,34,MOVE2,5,DONE
119,1,35,SWAP,1,WRITE
120,1,35,SWAP,2,WRITE
121,1,35,SWAP,3,DONE
122,1,36,BACKUP_CLEAR,1,WRITE
123,1,36,BACKUP_CLEAR,2,CLEAR
124,1,36,BACKUP_CLEAR,3,DONE
125,1,37,BACKUP_CLEAR,1,WRITE
126,1,37,BACKUP_CLEAR,2,CLEAR
127,1,37,BACKUP_CLEAR,3,DONE
128,1,38,MOVE2,1,WRITE
129,1,38,MOVE2,2,WRITE
130,1,38,MOVE2,3,CLEAR
131,1,38,MOVE2,4,CLEAR
132,1,38,MOVE2,5,DONE
133,1,39,DUAL_COPY,1,WRITE
134,1,39,DUAL_COPY,2,WRITE
135,1,39,DUAL_COPY,3,DONE
136,1,40,SWAP,1,WRITE
137,1,40,SWAP,2,WRITE
138,1,40,SWAP,3,DONE
139,1,41,CHAIN_COPY,1,WRITE
140,1,41,CHAIN_COPY,2,WRITE
141,1,41,CHAIN_COPY,3,WRITE
142,1,41,CHAIN_COPY,4,DONE
143,1,42,DUAL_COPY,1,WRITE
144,1,42,DUAL_COPY,2,WRITE
145,1,42,DUAL_COPY,3,DONE
146,1,43,CHAIN_COPY,1,WRITE
147,1,43,CHAIN_COPY,2,WRITE
148,1,43,CHAIN_COPY,3,WRITE
149,1,43,CHAIN_COPY,4,DONE
150,1,44,FANOUT3,1,WRITE
151,1,44,FANOUT3,2,WRITE
152,1,44,FANOUT3,3,WRITE
153,1,44,FANOUT3,4,DONE
154,1,45,COPY,1,WRITE
155,1,45,COPY,2,DONE
156,1,46,SWAP,1,WRITE
157,1,46,SWAP,2,WRITE
158,1,46,SWAP,3,DONE
159,1,47,FANOUT3,1,WRITE
160,1,47,FANOUT3,2,WRITE
161,1,47,FANOUT3,3,WRITE
162,1,47,FANOUT3,4,DONE
163,1,48,FANOUT3,1,WRITE
164,1,48,FANOUT3,2,WRITE
165,1,48,FANOUT3,3,WRITE
166,1,48,FANOUT3,4,DONE
167,1,49,DUPLICATE,1,WRITE
168,1,49,DUPLICATE,2,WRITE
169,1,49,DUPLICATE,3,DONE
170,1,50,CHAIN_COPY,1,WRITE
171,1,50,CHAIN_COPY,2,WRITE
172,1,50,CHAIN_COPY,3,WRITE
173,1,50,CHAIN_COPY,4,DONE
174,1,51,DUAL_COPY,1,WRITE
175,1,51,DUAL_COPY,2,WRITE
176,1,51,DUAL_COPY,3,DONE
177,1,52,DUPLICATE,1,WRITE
178,1,52,DUPLICATE,2,WRITE
179,1,52,DUPLICATE,3,DONE
180,1,53,COPY,1,WRITE
181,1,53,COPY,2,DONE
182,1,54,BACKUP_CLEAR,1,WRITE
183,1,54,BACKUP_CLEAR,2,CLEAR
184,1,54,BACKUP_CLEAR,3,DONE
185,1,55,MOVE2,1,WRITE
186,1,55,MOVE2,2,WRITE
187,1,55,MOVE2,3,CLEAR
188,1,55,MOVE2,4,CLEAR
189,1,55,MOVE2,5,DONE
190,1,56,ROTATE3,1,READ
191,1,56,ROTATE3,2,WRITE
192,1,56,ROTATE3,3,WRITE
193,1,56,ROTATE3,4,WRITE
194,1,56,ROTATE3,5,DONE
195,1,57,COPY,1,WRITE
196,1,57,COPY,2,DONE
197,1,58,ROTATE3,1,READ
198,1,58,ROTATE3,2,WRITE
199,1,58,ROTATE3,3,WRITE
200,1,58,ROTATE3,4,WRITE
201,1,58,ROTATE3,5,DONE
202,1,59,DUPLICATE,1,WRITE
203,1,59,DUPLICATE,2,WRITE
204,1,59,DUPLICATE,3,DONE
205,1,60,CHAIN_COPY,1,WRITE
206,1,60,CHAIN_COPY,2,WRITE
207,1,60,CHAIN_COPY,3,WRITE
208,1,60,CHAIN_COPY,4,DONE
209,1,61,SWAP,1,WRITE
210,1,61,SWAP,2,WRITE
211,1,61,SWAP,3,DONE
212,1,62,COPY,1,WRITE
213,1,62,COPY,2,DONE
214,1,63,MOVE2,1,WRITE
215,1,63,MOVE2,2,WRITE
216,1,63,MOVE2,3,CLEAR
217,1,63,MOVE2,4,CLEAR
218,1,63,MOVE2,5,DONE
219,1,64,COPY,1,WRITE
220,1,64,COPY,2,DONE
221,1,65,COPY,1,WRITE
222,1,65,COPY,2,DONE
223,1,66,DUPLICATE,1,WRITE
224,1,66,DUPLICATE,2,WRITE
225,1,66,DUPLICATE,3,DONE
226,1,67,DUAL_COPY,1,WRITE
227,1,67,DUAL_COPY,2,WRITE
228,1,67,DUAL_COPY,3,DONE
229,1,68,BACKUP_CLEAR,1,WRITE
230,1,68,BACKUP_CLEAR,2,CLEAR
231,1,68,BACKUP_CLEAR,3,DONE
232,1,69,COPY,1,WRITE
233,1,69,COPY,2,DONE
234,1,70,ROTATE3,1,READ
235,1,70,ROTATE3,2,WRITE
236,1,70,ROTATE3,3,WRITE
237,1,70,ROTATE3,4,WRITE
238,1,70,ROTATE3,5,DONE
239,1,71,SWAP,1,WRITE
240,1,71,SWAP,2,WRITE
241,1,71,SWAP,3,DONE
242,1,72,DUPLICATE,1,WRITE
243,1,72,DUPLICATE,2,WRITE
244,1,72,DUPLICATE,3,DONE
245,1,73,COPY,1,WRITE
246,1,73,COPY,2,DONE
247,1,74,CHAIN_COPY,1,WRITE
248,1,74,CHAIN_COPY,2,WRITE
249,1,74,CHAIN_COPY,3,WRITE
250,1,74,CHAIN_COPY,4,DONE
251,1,75,MOVE2,1,WRITE
252,1,75,MOVE2,2,WRITE
253,1,75,MOVE2,3,CLEAR
254,1,75,MOVE2,4,CLEAR
255,1,75,MOVE2,5,DONE
256,1,76,DUPLICATE,1,WRITE
257,1,76,DUPLICATE,2,WRITE
258,1,76,DUPLICATE,3,DONE
259,1,77,MOVE2,1,WRITE
260,1,77,MOVE2,2,WRITE
261,1,77,MOVE2,3,CLEAR
262,1,77,MOVE2,4,CLEAR
263,1,77,MOVE2,5,DONE
264,1,78,MOVE2,1,WRITE
265,1,78,MOVE2,2,WRITE
266,1,78,MOVE2,3,CLEAR
267,1,78,MOVE2,4,CLEAR
268,1,78,MOVE2,5,DONE
269,1,79,SWAP,1,WRITE
270,1,79,SWAP,2,WRITE
271,1,79,SWAP,3,DONE
272,1,80,MOVE2,1,WRITE
273,1,80,MOVE2,2,WRITE
274,1,80,MOVE2,3,CLEAR
275,1,80,MOVE2,4,CLEAR
276,1,80,MOVE2,5,DONE
277,1,81,CHAIN_COPY,1,WRITE
278,1,81,CHAIN_COPY,2,WRITE
279,1,81,CHAIN_COPY,3,WRITE
280,1,81,CHAIN_COPY,4,DONE
281,1,82,MOVE2,1,WRITE
282,1,82,MOVE2,2,WRITE
283,1,82,MOVE2,3,CLEAR
284,1,82,MOVE2,4,CLEAR
285,1,82,MOVE2,5,DONE
286,1,83,FANOUT3,1,WRITE
287,1,83,FANOUT3,2,WRITE
288,1,83,FANOUT3,3,WRITE
289,1,83,FANOUT3,4,DONE
290,1,84,ROTATE3,1,READ
291,1,84,ROTATE3,2,WRITE
292,1,84,ROTATE3,3,WRITE
293,1,84,ROTATE3,4,WRITE
294,1,84,ROTATE3,5,DONE
295,1,85,BACKUP_CLEAR,1,WRITE
296,1,85,BACKUP_CLEAR,2,CLEAR
297,1,85,BACKUP_CLEAR,3,DONE
298,1,86,DUPLICATE,1,WRITE
299,1,86,DUPLICATE,2,WRITE
300,1,86,DUPLICATE,3,DONE
301,1,87,ROTATE3,1,READ
302,1,87,ROTATE3,2,WRITE
303,1,87,ROTATE3,3,WRITE
304,1,87,ROTATE3,4,WRITE
305,1,87,ROTATE3,5,DONE
306,1,88,CHAIN_COPY,1,WRITE
307,1,88,CHAIN_COPY,2,WRITE
308,1,88,CHAIN_COPY,3,WRITE
309,1,88,CHAIN_COPY,4,DONE
310,1,89,ROTATE3,1,READ
311,1,89,ROTATE3,2,WRITE
312,1,89,ROTATE3,3,WRITE
313,1,89,ROTATE3,4,WRITE
314,1,89,ROTATE3,5,DONE
315,1,90,BACKUP_CLEAR,1,WRITE
316,1,90,BACKUP_CLEAR,2,CLEAR
317,1,90,BACKUP_CLEAR,3,DONE
318,1,91,DUPLICATE,1,WRITE
319,1,91,DUPLICATE,2,WRITE
320,1,91,DUPLICATE,3,DONE
321,1,92,DUAL_COPY,1,WRITE
322,1,92,DUAL_COPY,2,WRITE
323,1,92,DUAL_COPY,3,DONE
324,1,93,BACKUP_CLEAR,1,WRITE
325,1,93,BACKUP_CLEAR,2,CLEAR
326,1,93,BACKUP_CLEAR,3,DONE
327,1,94,ROTATE3,1,READ
328,1,94,ROTATE3,2,WRITE
329,1,94,ROTATE3,3,WRITE
330,1,94,ROTATE3,4,WRITE
331,1,94,ROTATE3,5,DONE
332,1,95,DUPLICATE,1,WRITE
333,1,95,DUPLICATE,2,WRITE
334,1,95,DUPLICATE,3,DONE
335,1,96,SWAP,1,WRITE
336,1,96,SWAP,2,WRITE
337,1,96,SWAP,3,DONE
338,1,97,ROTATE3,1,READ
339,1,97,ROTATE3,2,WRITE
340,1,97,ROTATE3,3,WRITE
341,1,97,ROTATE3,4,WRITE
342,1,97,ROTATE3,5,DONE
343,1,98,DUAL_COPY,1,WRITE
344,1,98,DUAL_COPY,2,WRITE
345,1,98,DUAL_COPY,3,DONE
346,1,99,SWAP,1,WRITE
347,1,99,SWAP,2,WRITE
348,1,99,SWAP,3,DONE
349,1,100,FANOUT3,1,WRITE
350,1,100,FANOUT3,2,WRITE
351,1,100,FANOUT3,3,WRITE
352,1,100,FANOUT3,4,DONE
353,1,101,DUPLICATE,1,WRITE
354,1,101,DUPLICATE,2,WRITE
355,1,101,DUPLICATE,3,DONE
356,1,102,DUAL_COPY,1,WRITE
357,1,102,DUAL_COPY,2,WRITE
358,1,102,DUAL_COPY,3,DONE
359,1,103,CHAIN_COPY,1,WRITE
360,1,103,CHAIN_COPY,2,WRITE
361,1,103,CHAIN_COPY,3,WRITE
362,1,103,CHAIN_COPY,4,DONE
363,1,104,MOVE2,1,WRITE
364,1,104,MOVE2,2,WRITE
365,1,104,MOVE2,3,CLEAR
366,1,104,MOVE2,4,CLEAR
367,1,104,MOVE2,5,DONE
368,1,105,FANOUT3,1,WRITE
369,1,105,FANOUT3,2,WRITE
370,1,105,FANOUT3,3,WRITE
371,1,105,FANOUT3,4,DONE
372,1,106,ROTATE3,1,READ
373,1,106,ROTATE3,2,WRITE
374,1,106,ROTATE3,3,WRITE
375,1,106,ROTATE3,4,WRITE
376,1,106,ROTATE3,5,DONE
377,1,107,FANOUT3,1,WRITE
378,1,107,FANOUT3,2,WRITE
379,1,107,FANOUT3,3,WRITE
380,1,107,FANOUT3,4,DONE
381,1,108,MOVE2,1,WRITE
382,1,108,MOVE2,2,WRITE
383,1,108,MOVE2,3,CLEAR
384,1,108,MOVE2,4,CLEAR
385,1,108,MOVE2,5,DONE
386,1,109,MOVE2,1,WRITE
387,1,109,MOVE2,2,WRITE
388,1,109,MOVE2,3,CLEAR
389,1,109,MOVE2,4,CLEAR
390,1,109,MOVE2,5,DONE
391,1,110,CHAIN_COPY,1,WRITE
392,1,110,CHAIN_COPY,2,WRITE
393,1,110,CHAIN_COPY,3,WRITE
394,1,110,CHAIN_COPY,4,DONE
395,1,111,ROTATE3,1,READ
396,1,111,ROTATE3,2,WRITE
397,1,111,ROTATE3,3,WRITE
398,1,111,ROTATE3,4,WRITE
399,1,111,ROTATE3,5,DONE
400,1,112,BACKUP_CLEAR,1,WRITE
401,1,112,BACKUP_CLEAR,2,CLEAR
402,1,112,BACKUP_CLEAR,3,DONE
403,1,113,CHAIN_COPY,1,WRITE
404,1,113,CHAIN_COPY,2,WRITE
405,1,113,CHAIN_COPY,3,WRITE
406,1,113,CHAIN_COPY,4,DONE
407,1,114,MOVE2,1,WRITE
408,1,114,MOVE2,2,WRITE
409,1,114,MOVE2,3,CLEAR
410,1,114,MOVE2,4,CLEAR
411,1,114,MOVE2,5,DONE
412,1,115,DUPLICATE,1,WRITE
413,1,115,DUPLICATE,2,WRITE
414,1,115,DUPLICATE,3,DONE
415,1,116,ROTATE3,1,READ
416,1,116,ROTATE3,2,WRITE
417,1,116,ROTATE3,3,WRITE
418,1,116,ROTATE3,4,WRITE
419,1,116,ROTATE3,5,DONE
420,1,117,DUPLICATE,1,WRITE
421,1,117,DUPLICATE,2,WRITE
422,1,117,DUPLICATE,3,DONE
423,1,118,DUAL_COPY,1,WRITE
424,1,118,DUAL_COPY,2,WRITE
425,1,118,DUAL_COPY,3,DONE
426,1,119,DUPLICATE,1,WRITE
427,1,119,DUPLICATE,2,WRITE
428,1,119,DUPLICATE,3,DONE
429,1,120,BACKUP_CLEAR,1,WRITE
430,1,120,BACKUP_CLEAR,2,CLEAR
431,1,120,BACKUP_CLEAR,3,DONE
432,1,121,SWAP,1,WRITE
433,1,121,SWAP,2,WRITE
434,1,121,SWAP,3,DONE
435,1,122,DUPLICATE,1,WRITE
436,1,122,DUPLICATE,2,WRITE
437,1,122,DUPLICATE,3,DONE
438,1,123,SWAP,1,WRITE
439,1,123,SWAP,2,WRITE
440,1,123,SWAP,3,DONE
441,1,124,DUPLICATE,1,WRITE
442,1,124,DUPLICATE,2,WRITE
443,1,124,DUPLICATE,3,DONE
444,1,125,ROTATE3,1,READ
445,1,125,ROTATE3,2,WRITE
446,1,125,ROTATE3,3,WRITE
447,1,125,ROTATE3,4,WRITE
448,1,125,ROTATE3,5,DONE
449,1,126,COPY,1,WRITE
450,1,126,COPY,2,DONE
451,1,127,CHAIN_COPY,1,WRITE
452,1,127,CHAIN_COPY,2,WRITE
453,1,127,CHAIN_COPY,3,WRITE
454,1,127,CHAIN_COPY,4,DONE
455,1,128,COPY,1,WRITE
456,1,128,COPY,2,DONE
457,1,129,DUAL_COPY,1,WRITE
458,1,129,DUAL_COPY,2,WRITE
459,1,129,DUAL_COPY,3,DONE
460,1,130,DUPLICATE,1,WRITE
461,1,130,DUPLICATE,2,WRITE
462,1,130,DUPLICATE,3,DONE
463,1,131,CHAIN_COPY,1,WRITE
464,1,131,CHAIN_COPY,2,WRITE
465,1,131,CHAIN_COPY,3,WRITE
466,1,131,CHAIN_COPY,4,DONE
467,1,132,MOVE2,1,WRITE
468,1,132,MOVE2,2,WRITE
469,1,132,MOVE2,3,CLEAR
470,1,132,MOVE2,4,CLEAR
471,1,132,MOVE2,5,DONE
472,1,133,BACKUP_CLEAR,1,WRITE
473,1,133,BACKUP_CLEAR,2,CLEAR
474,1,133,BACKUP_CLEAR,3,DONE
475,1,134,COPY,1,WRITE
476,1,134,COPY,2,DONE
477,1,135,COPY,1,WRITE
478,1,135,COPY,2,DONE
479,1,136,BACKUP_CLEAR,1,WRITE
480,1,136,BACKUP_CLEAR,2,CLEAR
481,1,136,BACKUP_CLEAR,3,DONE
482,1,137,FANOUT3,1,WRITE
483,1,137,FANOUT3,2,WRITE
484,1,137,FANOUT3,3,WRITE
485,1,137,FANOUT3,4,DONE
486,1,138,SWAP,1,WRITE
487,1,138,SWAP,2,WRITE
488,1,138,SWAP,3,DONE
489,1,139,CHAIN_COPY,1,WRITE
490,1,139,CHAIN_COPY,2,WRITE
491,1,139,CHAIN_COPY,3,WRITE
492,1,139,CHAIN_COPY,4,DONE
493,1,140,CHAIN_COPY,1,WRITE
494,1,140,CHAIN_COPY,2,WRITE
495,1,140,CHAIN_COPY,3,WRITE
496,1,140,CHAIN_COPY,4,DONE
497,1,141,SWAP,1,WRITE
498,1,141,SWAP,2,WRITE
499,1,141,SWAP,3,DONE
500,1,142,CHAIN_COPY,1,WRITE
501,1,142,CHAIN_COPY,2,WRITE
502,1,142,CHAIN_COPY,3,WRITE
503,1,142,CHAIN_COPY,4,DONE
504,1,143,BACKUP_CLEAR,1,WRITE
505,1,143,BACKUP_CLEAR,2,CLEAR
506,1,143,BACKUP_CLEAR,3,DONE
507,1,144,ROTATE3,1,READ
508,1,144,ROTATE3,2,WRITE
509,1,144,ROTATE3,3,WRITE
510,1,144,ROTATE3,4,WRITE
511,1,144,ROTATE3,5,DONE
512,1,145,FANOUT3,1,WRITE
513,1,145,FANOUT3,2,WRITE
514,1,145,FANOUT3,3,WRITE
515,1,145,FANOUT3,4,DONE
516,1,146,COPY,1,WRITE
517,1,146,COPY,2,DONE
518,1,147,CHAIN_COPY,1,WRITE
519,1,147,CHAIN_COPY,2,WRITE
520,1,147,CHAIN_COPY,3,WRITE
521,1,147,CHAIN_COPY,4,DONE
522,1,148,CHAIN_COPY,1,WRITE
523,1,148,CHAIN_COPY,2,WRITE
524,1,148,CHAIN_COPY,3,WRITE
525,1,148,CHAIN_COPY,4,DONE
526,1,149,ROTATE3,1,READ
527,1,149,ROTATE3,2,WRITE
528,1,149,ROTATE3,3,WRITE
529,1,149,ROTATE3,4,WRITE
530,1,149,ROTATE3,5,DONE
531,1,150,DUAL_COPY,1,WRITE
532,1,150,DUAL_COPY,2,WRITE
533,1,150,DUAL_COPY,3,DONE
534,1,151,COPY,1,WRITE
535,1,151,COPY,2,DONE
536,1,152,ROTATE3,1,READ
537,1,152,ROTATE3,2,WRITE
538,1,152,ROTATE3,3,WRITE
539,1,152,ROTATE3,4,WRITE
540,1,152,ROTATE3,5,DONE
541,1,153,DUPLICATE,1,WRITE
542,1,153,DUPLICATE,2,WRITE
543,1,153,DUPLICATE,3,DONE
544,1,154,MOVE2,1,WRITE
545,1,154,MOVE2,2,WRITE
546,1,154,MOVE2,3,CLEAR
547,1,154,MOVE2,4,CLEAR
548,1,154,MOVE2,5,DONE
549,1,155,COPY,1,WRITE
550,1,155,COPY,2,DONE
551,1,156,DUAL_COPY,1,WRITE
552,1,156,DUAL_COPY,2,WRITE
553,1,156,DUAL_COPY,3,DONE
554,1,157,DUPLICATE,1,WRITE
555,1,157,DUPLICATE,2,WRITE
556,1,157,DUPLICATE,3,DONE
557,1,158,CHAIN_COPY,1,WRITE
558,1,158,CHAIN_COPY,2,WRITE
559,1,158,CHAIN_COPY,3,WRITE
560,1,158,CHAIN_COPY,4,DONE
561,1,159,DUPLICATE,1,WRITE
562,1,159,DUPLICATE,2,WRITE
563,1,159,DUPLICATE,3,DONE
564,1,160,MOVE2,1,WRITE
565,1,160,MOVE2,2,WRITE
566,1,160,MOVE2,3,CLEAR
567,1,160,MOVE2,4,CLEAR
568,1,160,MOVE2,5,DONE
569,1,161,DUPLICATE,1,WRITE
570,1,161,DUPLICATE,2,WRITE
571,1,161,DUPLICATE,3,DONE
572,1,162,COPY,1,WRITE
573,1,162,COPY,2,DONE
574,1,163,SWAP,1,WRITE
575,1,163,SWAP,2,WRITE
576,1,163,SWAP,3,DONE
577,1,164,COPY,1,WRITE
578,1,164,COPY,2,DONE
579,1,165,FANOUT3,1,WRITE
580,1,165,FANOUT3,2,WRITE
581,1,165,FANOUT3,3,WRITE
582,1,165,FANOUT3,4,DONE
583,1,166,DUPLICATE,1,WRITE
584,1,166,DUPLICATE,2,WRITE
585,1,166,DUPLICATE,3,DONE
586,1,167,SWAP,1,WRITE
587,1,167,SWAP,2,WRITE
588,1,167,SWAP,3,DONE
589,1,168,BACKUP_CLEAR,1,WRITE
590,1,168,BACKUP_CLEAR,2,CLEAR
591,1,168,BACKUP_CLEAR,3,DONE
592,1,169,DUAL_COPY,1,WRITE
593,1,169,DUAL_COPY,2,WRITE
594,1,169,DUAL_COPY,3,DONE
595,1,170,COPY,1,WRITE
596,1,170,COPY,2,DONE
597,1,171,ROTATE3,1,READ
598,1,171,ROTATE3,2,WRITE
599,1,171,ROTATE3,3,WRITE
600,1,171,ROTATE3,4,WRITE
601,1,171,ROTATE3,5,DONE
602,1,172,SWAP,1,WRITE
603,1,172,SWAP,2,WRITE
604,1,172,SWAP,3,DONE
605,1,173,FANOUT3,1,WRITE
606,1,173,FANOUT3,2,WRITE
607,1,173,FANOUT3,3,WRITE
608,1,173,FANOUT3,4,DONE
609,1,174,MOVE2,1,WRITE
610,1,174,MOVE2,2,WRITE
611,1,174,MOVE2,3,CLEAR
612,1,174,MOVE2,4,CLEAR
613,1,174,MOVE2,5,DONE
614,1,175,COPY,1,WRITE
615,1,175,COPY,2,DONE
616,1,176,FANOUT3,1,WRITE
617,1,176,FANOUT3,2,WRITE
618,1,176,FANOUT3,3,WRITE
619,1,176,FANOUT3,4,DONE
620,1,177,FANOUT3,1,WRITE
621,1,177,FANOUT3,2,WRITE
622,1,177,FANOUT3,3,WRITE
623,1,177,FANOUT3,4,DONE
624,1,178,ROTATE3,1,READ
625,1,178,ROTATE3,2,WRITE
626,1,178,ROTATE3,3,WRITE
627,1,178,ROTATE3,4,WRITE
628,1,178,ROTATE3,5,DONE
629,1,179,COPY,1,WRITE
630,1,179,COPY,2,DONE
631,1,180,ROTATE3,1,READ
632,1,180,ROTATE3,2,WRITE
633,1,180,ROTATE3,3,WRITE
634,1,180,ROTATE3,4,WRITE
635,1,180,ROTATE3,5,DONE
636,1,181,DUPLICATE,1,WRITE
637,1,181,DUPLICATE,2,WRITE
638,1,181,DUPLICATE,3,DONE
639,1,182,BACKUP_CLEAR,1,WRITE
640,1,182,BACKUP_CLEAR,2,CLEAR
641,1,182,BACKUP_CLEAR,3,DONE
642,1,183,DUPLICATE,1,WRITE
643,1,183,DUPLICATE,2,WRITE
644,1,183,DUPLICATE,3,DONE
645,1,184,ROTATE3,1,READ
646,1,184,ROTATE3,2,WRITE
647,1,184,ROTATE3,3,WRITE
648,1,184,ROTATE3,4,WRITE
649,1,184,ROTATE3,5,DONE
650,1,185,MOVE2,1,WRITE
651,1,185,MOVE2,2,WRITE
652,1,185,MOVE2,3,CLEAR
653,1,185,MOVE2,4,CLEAR
654,1,185,MOVE2,5,DONE
655,1,186,CHAIN_COPY,1,WRITE
656,1,186,CHAIN_COPY,2,WRITE
657,1,186,CHAIN_COPY,3,WRITE
658,1,186,CHAIN_COPY,4,DONE
659,1,187,BACKUP_CLEAR,1,WRITE
660,1,187,BACKUP_CLEAR,2,CLEAR
661,1,187,BACKUP_CLEAR,3,DONE
662,1,188,MOVE2,1,WRITE
663,1,188,MOVE2,2,WRITE
664,1,188,MOVE2,3,CLEAR
665,1,188,MOVE2,4,CLEAR
666,1,188,MOVE2,5,DONE
667,1,189,BACKUP_CLEAR,1,WRITE
668,1,189,BACKUP_CLEAR,2,CLEAR
669,1,189,BACKUP_CLEAR,3,DONE
670,1,190,COPY,1,WRITE
671,1,190,COPY,2,DONE
672,1,191,MOVE2,1,WRITE
673,1,191,MOVE2,2,WRITE
674,1,191,MOVE2,3,CLEAR
675,1,191,MOVE2,4,CLEAR
676,1,191,MOVE2,5,DONE
677,1,192,SWAP,1,WRITE
678,1,192,SWAP,2,WRITE
679,1,192,SWAP,3,DONE
680,1,193,ROTATE3,1,READ
681,1,193,ROTATE3,2,WRITE
682,1,193,ROTATE3,3,WRITE
683,1,193,ROTATE3,4,WRITE
684,1,193,ROTATE3,5,DONE
685,1,194,DUAL_COPY,1,WRITE
686,1,194,DUAL_COPY,2,WRITE
687,1,194,DUAL_COPY,3,DONE
688,1,195,SWAP,1,WRITE
689,1,195,SWAP,2,WRITE
690,1,195,SWAP,3,DONE
691,1,196,DUPLICATE,1,WRITE
692,1,196,DUPLICATE,2,WRITE
693,1,196,DUPLICATE,3,DONE
694,1,197,SWAP,1,WRITE
695,1,197,SWAP,2,WRITE
696,1,197,SWAP,3,DONE
697,1,198,BACKUP_CLEAR,1,WRITE
698,1,198,BACKUP_CLEAR,2,CLEAR
699,1,198,BACKUP_CLEAR,3,DONE
700,1,199,ROTATE3,1,READ
701,1,199,ROTATE3,2,WRITE
702,1,199,ROTATE3,3,WRITE
703,1,199,ROTATE3,4,WRITE
704,1,199,ROTATE3,5,DONE
705,2,0,BACKUP_CLEAR,1,WRITE
706,2,0,BACKUP_CLEAR,2,CLEAR
707,2,0,BACKUP_CLEAR,3,DONE
708,2,1,DUAL_COPY,1,WRITE
709,2,1,DUAL_COPY,2,WRITE
710,2,1,DUAL_COPY,3,DONE
711,2,2,ROTATE3,1,READ
712,2,2,ROTATE3,2,WRITE
713,2,2,ROTATE3,3,WRITE
714,2,2,ROTATE3,4,WRITE
715,2,2,ROTATE3,5,DONE
716,2,3,DUPLICATE,1,WRITE
717,2,3,DUPLICATE,2,WRITE
718,2,3,DUPLICATE,3,DONE
719,2,4,SWAP,1,WRITE
720,2,4,SWAP,2,WRITE
721,2,4,SWAP,3,DONE
722,2,5,DUAL_COPY,1,WRITE
723,2,5,DUAL_COPY,2,WRITE
724,2,5,DUAL_COPY,3,DONE
725,2,6,MOVE2,1,WRITE
726,2,6,MOVE2,2,WRITE
727,2,6,MOVE2,3,CLEAR
728,2,6,MOVE2,4,CLEAR
729,2,6,MOVE2,5,DONE
730,2,7,BACKUP_CLEAR,1,WRITE
731,2,7,BACKUP_CLEAR,2,CLEAR
732,2,7,BACKUP_CLEAR,3,DONE
733,2,8,COPY,1,WRITE
734,2,8,COPY,2,DONE
735,2,9,MOVE2,1,WRITE
736,2,9,MOVE2,2,WRITE
737,2,9,MOVE2,3,CLEAR
738,2,9,MOVE2,4,CLEAR
739,2,9,MOVE2,5,DONE
740,2,10,CHAIN_COPY,1,WRITE
741,2,10,CHAIN_COPY,2,WRITE
742,2,10,CHAIN_COPY,3,WRITE
743,2,10,CHAIN_COPY,4,DONE
744,2,11,SWAP,1,WRITE
745,2,11,SWAP,2,WRITE
746,2,11,SWAP,3,DONE
747,2,12,DUPLICATE,1,WRITE
748,2,12,DUPLICATE,2,WRITE
749,2,12,DUPLICATE,3,DONE
750,2,13,CHAIN_COPY,1,WRITE
751,2,13,CHAIN_COPY,2,WRITE
752,2,13,CHAIN_COPY,3,WRITE
753,2,13,CHAIN_COPY,4,DONE
754,2,14,ROTATE3,1,READ
755,2,14,ROTATE3,2,WRITE
756,2,14,ROTATE3,3,WRITE
757,2,14,ROTATE3,4,WRITE
758,2,14,ROTATE3,5,DONE
759,2,15,DUAL_COPY,1,WRITE
760,2,15,DUAL_COPY,2,WRITE
761,2,15,DUAL_COPY,3,DONE
762,2,16,MOVE2,1,WRITE
763,2,16,MOVE2,2,WRITE
764,2,16,MOVE2,3,CLEAR
765,2,16,MOVE2,4,CLEAR
766,2,16,MOVE2,5,DONE
767,2,17,FANOUT3,1,WRITE
768,2,17,FANOUT3,2,WRITE
769,2,17,FANOUT3,3,WRITE
770,2,17,FANOUT3,4,DONE
771,2,18,DUAL_COPY,1,WRITE
772,2,18,DUAL_COPY,2,WRITE
773,2,18,DUAL_COPY,3,DONE
774,2,19,DUPLICATE,1,WRITE
775,2,19,DUPLICATE,2,WRITE
776,2,19,DUPLICATE,3,DONE
777,2,20,BACKUP_CLEAR,1,WRITE
778,2,20,BACKUP_CLEAR,2,CLEAR
779,2,20,BACKUP_CLEAR,3,DONE
780,2,21,COPY,1,WRITE
781,2,21,COPY,2,DONE
782,2,22,ROTATE3,1,READ
783,2,22,ROTATE3,2,WRITE
784,2,22,ROTATE3,3,WRITE
785,2,22,ROTATE3,4,WRITE
786,2,22,ROTATE3,5,DONE
787,2,23,FANOUT3,1,WRITE
788,2,23,FANOUT3,2,WRITE
789,2,23,FANOUT3,3,WRITE
790,2,23,FANOUT3,4,DONE
791,2,24,BACKUP_CLEAR,1,WRITE
792,2,24,BACKUP_CLEAR,2,CLEAR
793,2,24,BACKUP_CLEAR,3,DONE
794,2,25,ROTATE3,1,READ
795,2,25,ROTATE3,2,WRITE
796,2,25,ROTATE3,3,WRITE
797,2,25,ROTATE3,4,WRITE
798,2,25,ROTATE3,5,DONE
799,2,26,SWAP,1,WRITE
800,2,26,SWAP,2,WRITE
801,2,26,SWAP,3,DONE
802,2,27,MOVE2,1,WRITE
803,2,27,MOVE2,2,WRITE
804,2,27,MOVE2,3,CLEAR
805,2,27,MOVE2,4,CLEAR
806,2,27,MOVE2,5,DONE
807,2,28,FANOUT3,1,WRITE
808,2,28,FANOUT3,2,WRITE
809,2,28,FANOUT3,3,WRITE
810,2,28,FANOUT3,4,DONE
811,2,29,COPY,1,WRITE
812,2,29,COPY,2,DONE
813,2,30,CHAIN_COPY,1,WRITE
814,2,30,CHAIN_COPY,2,WRITE
815,2,30,CHAIN_COPY,3,WRITE
816,2,30,CHAIN_COPY,4,DONE
817,2,31,DUPLICATE,1,WRITE
818,2,31,DUPLICATE,2,WRITE
819,2,31,DUPLICATE,3,DONE
820,2,32,COPY,1,WRITE
821,2,32,COPY,2,DONE
822,2,33,DUPLICATE,1,WRITE
823,2,33,DUPLICATE,2,WRITE
824,2,33,DUPLICATE,3,DONE
825,2,34,DUPLICATE,1,WRITE
826,2,34,DUPLICATE,2,WRITE
827,2,34,DUPLICATE,3,DONE
828,2,35,DUPLICATE,1,WRITE
829,2,35,DUPLICATE,2,WRITE
830,2,35,DUPLICATE,3,DONE
831,2,36,DUPLICATE,1,WRITE
832,2,36,DUPLICATE,2,WRITE
833,2,36,DUPLICATE,3,DONE
834,2,37,COPY,1,WRITE
835,2,37,COPY,2,DONE
836,2,38,MOVE2,1,WRITE
837,2,38,MOVE2,2,WRITE
838,2,38,MOVE2,3,CLEAR
839,2,38,MOVE2,4,CLEAR
840,2,38,MOVE2,5,DONE
841,2,39,SWAP,1,WRITE
842,2,39,SWAP,2,WRITE
843,2,39,SWAP,3,DONE
844,2,40,COPY,1,WRITE
845,2,40,COPY,2,DONE
846,2,41,ROTATE3,1,READ
847,2,41,ROTATE3,2,WRITE
848,2,41,ROTATE3,3,WRITE
849,2,41,ROTATE3,4,WRITE
850,2,41,ROTATE3,5,DONE
851,2,42,FANOUT3,1,WRITE
852,2,42,FANOUT3,2,WRITE
853,2,42,FANOUT3,3,WRITE
854,2,42,FANOUT3,4,DONE
855,2,43,ROTATE3,1,READ
856,2,43,ROTATE3,2,WRITE
857,2,43,ROTATE3,3,WRITE
858,2,43,ROTATE3,4,WRITE
859,2,43,ROTATE3,5,DONE
860,2,44,ROTATE3,1,READ
861,2,44,ROTATE3,2,WRITE
862,2,44,ROTATE3,3,WRITE
863,2,44,ROTATE3,4,WRITE
864,2,44,ROTATE3,5,DONE
865,2,45,DUPLICATE,1,WRITE
866,2,45,DUPLICATE,2,WRITE
867,2,45,DUPLICATE,3,DONE
868,2,46,COPY,1,WRITE
869,2,46,COPY,2,DONE
870,2,47,ROTATE3,1,READ
871,2,47,ROTATE3,2,WRITE
872,2,47,ROTATE3,3,WRITE
873,2,47,ROTATE3,4,WRITE
874,2,47,ROTATE3,5,DONE
875,2,48,SWAP,1,WRITE
876,2,48,SWAP,2,WRITE
877,2,48,SWAP,3,DONE
878,2,49,SWAP,1,WRITE
879,2,49,SWAP,2,WRITE
880,2,49,SWAP,3,DONE
881,2,50,CHAIN_COPY,1,WRITE
882,2,50,CHAIN_COPY,2,WRITE
883,2,50,CHAIN_COPY,3,WRITE
884,2,50,CHAIN_COPY,4,DONE
885,2,51,FANOUT3,1,WRITE
886,2,51,FANOUT3,2,WRITE
887,2,51,FANOUT3,3,WRITE
888,2,51,FANOUT3,4,DONE
889,2,52,COPY,1,WRITE
890,2,52,COPY,2,DONE
891,2,53,BACKUP_CLEAR,1,WRITE
892,2,53,BACKUP_CLEAR,2,CLEAR
893,2,53,BACKUP_CLEAR,3,DONE
894,2,54,CHAIN_COPY,1,WRITE
895,2,54,CHAIN_COPY,2,WRITE
896,2,54,CHAIN_COPY,3,WRITE
897,2,54,CHAIN_COPY,4,DONE
898,2,55,CHAIN_COPY,1,WRITE
899,2,55,CHAIN_COPY,2,WRITE
900,2,55,CHAIN_COPY,3,WRITE
901,2,55,CHAIN_COPY,4,DONE
902,2,56,SWAP,1,WRITE
903,2,56,SWAP,2,WRITE
904,2,56,SWAP,3,DONE
905,2,57,SWAP,1,WRITE
906,2,57,SWAP,2,WRITE
907,2,57,SWAP,3,DONE
908,2,58,DUPLICATE,1,WRITE
909,2,58,DUPLICATE,2,WRITE
910,2,58,DUPLICATE,3,DONE
911,2,59,COPY,1,WRITE
912,2,59,COPY,2,DONE
913,2,60,DUPLICATE,1,WRITE
914,2,60,DUPLICATE,2,WRITE
915,2,60,DUPLICATE,3,DONE
916,2,61,FANOUT3,1,WRITE
917,2,61,FANOUT3,2,WRITE
918,2,61,FANOUT3,3,WRITE
919,2,61,FANOUT3,4,DONE
920,2,62,BACKUP_CLEAR,1,WRITE
921,2,62,BACKUP_CLEAR,2,CLEAR
922,2,62,BACKUP_CLEAR,3,DONE
923,2,63,DUPLICATE,1,WRITE
924,2,63,DUPLICATE,2,WRITE
925,2,63,DUPLICATE,3,DONE
926,2,64,FANOUT3,1,WRITE
927,2,64,FANOUT3,2,WRITE
928,2,64,FANOUT3,3,WRITE
929,2,64,FANOUT3,4,DONE
930,2,65,SWAP,1,WRITE
931,2,65,SWAP,2,WRITE
932,2,65,SWAP,3,DONE
933,2,66,MOVE2,1,WRITE
934,2,66,MOVE2,2,WRITE
935,2,66,MOVE2,3,CLEAR
936,2,66,MOVE2,4,CLEAR
937,2,66,MOVE2,5,DONE
938,2,67,BACKUP_CLEAR,1,WRITE
939,2,67,BACKUP_CLEAR,2,CLEAR
940,2,67,BACKUP_CLEAR,3,DONE
941,2,68,MOVE2,1,WRITE
942,2,68,MOVE2,2,WRITE
943,2,68,MOVE2,3,CLEAR
944,2,68,MOVE2,4,CLEAR
945,2,68,MOVE2,5,DONE
946,2,69,COPY,1,WRITE
947,2,69,COPY,2,DONE
948,2,70,SWAP,1,WRITE
949,2,70,SWAP,2,WRITE
950,2,70,SWAP,3,DONE
951,2,71,CHAIN_COPY,1,WRITE
952,2,71,CHAIN_COPY,2,WRITE
953,2,71,CHAIN_COPY,3,WRITE
954,2,71,CHAIN_COPY,4,DONE
955,2,72,CHAIN_COPY,1,WRITE
956,2,72,CHAIN_COPY,2,WRITE
957,2,72,CHAIN_COPY,3,WRITE
958,2,72,CHAIN_COPY,4,DONE
959,2,73,BACKUP_CLEAR,1,WRITE
960,2,73,BACKUP_CLEAR,2,CLEAR
961,2,73,BACKUP_CLEAR,3,DONE
962,2,74,FANOUT3,1,WRITE
963,2,74,FANOUT3,2,WRITE
964,2,74,FANOUT3,3,WRITE
965,2,74,FANOUT3,4,DONE
966,2,75,DUPLICATE,1,WRITE
967,2,75,DUPLICATE,2,WRITE
968,2,75,DUPLICATE,3,DONE
969,2,76,DUAL_COPY,1,WRITE
970,2,76,DUAL_COPY,2,WRITE
971,2,76,DUAL_COPY,3,DONE
972,2,77,DUPLICATE,1,WRITE
973,2,77,DUPLICATE,2,WRITE
974,2,77,DUPLICATE,3,DONE
975,2,78,ROTATE3,1,READ
976,2,78,ROTATE3,2,WRITE
977,2,78,ROTATE3,3,WRITE
978,2,78,ROTATE3,4,WRITE
979,2,78,ROTATE3,5,DONE
980,2,79,DUAL_COPY,1,WRITE
981,2,79,DUAL_COPY,2,WRITE
982,2,79,DUAL_COPY,3,DONE
983,2,80,COPY,1,WRITE
984,2,80,COPY,2,DONE
985,2,81,BACKUP_CLEAR,1,WRITE
986,2,81,BACKUP_CLEAR,2,CLEAR
987,2,81,BACKUP_CLEAR,3,DONE
988,2,82,CHAIN_COPY,1,WRITE
989,2,82,CHAIN_COPY,2,WRITE
990,2,82,CHAIN_COPY,3,WRITE
991,2,82,CHAIN_COPY,4,DONE
992,2,83,DUPLICATE,1,WRITE
993,2,83,DUPLICATE,2,WRITE
994,2,83,DUPLICATE,3,DONE
995,2,84,COPY,1,WRITE
996,2,84,COPY,2,DONE
997,2,85,FANOUT3,1,WRITE
998,2,85,FANOUT3,2,WRITE
999,2,85,FANOUT3,3,WRITE
1000,2,85,FANOUT3,4,DONE
1001,2,86,SWAP,1,WRITE
1002,2,86,SWAP,2,WRITE
1003,2,86,SWAP,3,DONE
1004,2,87,COPY,1,WRITE
1005,2,87,COPY,2,DONE
1006,2,88,ROTATE3,1,READ
1007,2,88,ROTATE3,2,WRITE
1008,2,88,ROTATE3,3,WRITE
1009,2,88,ROTATE3,4,WRITE
1010,2,88,ROTATE3,5,DONE
1011,2,89,MOVE2,1,WRITE
1012,2,89,MOVE2,2,WRITE
1013,2,89,MOVE2,3,CLEAR
1014,2,89,MOVE2,4,CLEAR
1015,2,89,MOVE2,5,DONE
1016,2,90,COPY,1,WRITE
1017,2,90,COPY,2,DONE
1018,2,91,BACKUP_CLEAR,1,WRITE
1019,2,91,BACKUP_CLEAR,2,CLEAR
1020,2,91,BACKUP_CLEAR,3,DONE
1021,2,92,SWAP,1,WRITE
1022,2,92,SWAP,2,WRITE
1023,2,92,SWAP,3,DONE
1024,2,93,CHAIN_COPY,1,WRITE
1025,2,93,CHAIN_COPY,2,WRITE
1026,2,93,CHAIN_COPY,3,WRITE
1027,2,93,CHAIN_COPY,4,DONE
1028,2,94,ROTATE3,1,READ
1029,2,94,ROTATE3,2,WRITE
1030,2,94,ROTATE3,3,WRITE
1031,2,94,ROTATE3,4,WRITE
1032,2,94,ROTATE3,5,DONE
1033,2,95,FANOUT3,1,WRITE
1034,2,95,FANOUT3,2,WRITE
1035,2,95,FANOUT3,3,WRITE
1036,2,95,FANOUT3,4,DONE
1037,2,96,DUPLICATE,1,WRITE
1038,2,96,DUPLICATE,2,WRITE
1039,2,96,DUPLICATE,3,DONE
1040,2,97,BACKUP_CLEAR,1,WRITE
1041,2,97,BACKUP_CLEAR,2,CLEAR
1042,2,97,BACKUP_CLEAR,3,DONE
1043,2,98,DUAL_COPY,1,WRITE
1044,2,98,DUAL_COPY,2,WRITE
1045,2,98,DUAL_COPY,3,DONE
1046,2,99,ROTATE3,1,READ
1047,2,99,ROTATE3,2,WRITE
1048,2,99,ROTATE3,3,WRITE
1049,2,99,ROTATE3,4,WRITE
1050,2,99,ROTATE3,5,DONE
1051,2,100,SWAP,1,WRITE
1052,2,100,SWAP,2,WRITE
1053,2,100,SWAP,3,DONE
1054,2,101,DUAL_COPY,1,WRITE
1055,2,101,DUAL_COPY,2,WRITE
1056,2,101,DUAL_COPY,3,DONE
1057,2,102,ROTATE3,1,READ
1058,2,102,ROTATE3,2,WRITE
1059,2,102,ROTATE3,3,WRITE
1060,2,102,ROTATE3,4,WRITE
1061,2,102,ROTATE3,5,DONE
1062,2,103,BACKUP_CLEAR,1,WRITE
1063,2,103,BACKUP_CLEAR,2,CLEAR
1064,2,103,BACKUP_CLEAR,3,DONE
1065,2,104,MOVE2,1,WRITE
1066,2,104,MOVE2,2,WRITE
1067,2,104,MOVE2,3,CLEAR
1068,2,104,MOVE2,4,CLEAR
1069,2,104,MOVE2,5,DONE
1070,2,105,SWAP,1,WRITE
1071,2,105,SWAP,2,WRITE
1072,2,105,SWAP,3,DONE
1073,2,106,CHAIN_COPY,1,WRITE
1074,2,106,CHAIN_COPY,2,WRITE
1075,2,106,CHAIN_COPY,3,WRITE
1076,2,106,CHAIN_COPY,4,DONE
1077,2,107,CHAIN_COPY,1,WRITE
1078,2,107,CHAIN_COPY,2,WRITE
1079,2,107,CHAIN_COPY,3,WRITE
1080,2,107,CHAIN_COPY,4,DONE
1081,2,108,SWAP,1,WRITE
1082,2,108,SWAP,2,WRITE
1083,2,108,SWAP,3,DONE
1084,2,109,ROTATE3,1,READ
1085,2,109,ROTATE3,2,WRITE
1086,2,109,ROTATE3,3,WRITE
1087,2,109,ROTATE3,4,WRITE
1088,2,109,ROTATE3,5,DONE
1089,2,110,DUPLICATE,1,WRITE
1090,2,110,DUPLICATE,2,WRITE
1091,2,110,DUPLICATE,3,DONE
1092,2,111,FANOUT3,1,WRITE
1093,2,111,FANOUT3,2,WRITE
1094,2,111,FANOUT3,3,WRITE
1095,2,111,FANOUT3,4,DONE
1096,2,112,DUPLICATE,1,WRITE
1097,2,112,DUPLICATE,2,WRITE
1098,2,112,DUPLICATE,3,DONE
1099,2,113,ROTATE3,1,READ
1100,2,113,ROTATE3,2,WRITE
1101,2,113,ROTATE3,3,WRITE
1102,2,113,ROTATE3,4,WRITE
1103,2,113,ROTATE3,5,DONE
1104,2,114,SWAP,1,WRITE
1105,2,114,SWAP,2,WRITE
1106,2,114,SWAP,3,DONE
1107,2,115,ROTATE3,1,READ
1108,2,115,ROTATE3,2,WRITE
1109,2,115,ROTATE3,3,WRITE
1110,2,115,ROTATE3,4,WRITE
1111,2,115,ROTATE3,5,DONE
1112,2,116,ROTATE3,1,READ
1113,2,116,ROTATE3,2,WRITE
1114,2,116,ROTATE3,3,WRITE
1115,2,116,ROTATE3,4,WRITE
1116,2,116,ROTATE3,5,DONE
1117,2,117,ROTATE3,1,READ
1118,2,117,ROTATE3,2,WRITE
1119,2,117,ROTATE3,3,WRITE
1120,2,117,ROTATE3,4,WRITE
1121,2,117,ROTATE3,5,DONE
1122,2,118,DUAL_COPY,1,WRITE
1123,2,118,DUAL_COPY,2,WRITE
1124,2,118,DUAL_COPY,3,DONE
1125,2,119,FANOUT3,1,WRITE
1126,2,119,FANOUT3,2,WRITE
1127,2,119,FANOUT3,3,WRITE
1128,2,119,FANOUT3,4,DONE
1129,2,120,COPY,1,WRITE
1130,2,120,COPY,2,DONE
1131,2,121,DUAL_COPY,1,WRITE
1132,2,121,DUAL_COPY,2,WRITE
1133,2,121,DUAL_COPY,3,DONE
1134,2,122,FANOUT3,1,WRITE
1135,2,122,FANOUT3,2,WRITE
1136,2,122,FANOUT3,3,WRITE
1137,2,122,FANOUT3,4,DONE
1138,2,123,FANOUT3,1,WRITE
1139,2,123,FANOUT3,2,WRITE
1140,2,123,FANOUT3,3,WRITE
1141,2,123,FANOUT3,4,DONE
1142,2,124,FANOUT3,1,WRITE
1143,2,124,FANOUT3,2,WRITE
1144,2,124,FANOUT3,3,WRITE
1145,2,124,FANOUT3,4,DONE
1146,2,125,FANOUT3,1,WRITE
1147,2,125,FANOUT3,2,WRITE
1148,2,125,FANOUT3,3,WRITE
1149,2,125,FANOUT3,4,DONE
1150,2,126,CHAIN_COPY,1,WRITE
1151,2,126,CHAIN_COPY,2,WRITE
1152,2,126,CHAIN_COPY,3,WRITE
1153,2,126,CHAIN_COPY,4,DONE
1154,2,127,BACKUP_CLEAR,1,WRITE
1155,2,127,BACKUP_CLEAR,2,CLEAR
1156,2,127,BACKUP_CLEAR,3,DONE
1157,2,128,CHAIN_COPY,1,WRITE
1158,2,128,CHAIN_COPY,2,WRITE
1159,2,128,CHAIN_COPY,3,WRITE
1160,2,128,CHAIN_COPY,4,DONE
1161,2,129,ROTATE3,1,READ
1162,2,129,ROTATE3,2,WRITE
1163,2,129,ROTATE3,3,WRITE
1164,2,129,ROTATE3,4,WRITE
1165,2,129,ROTATE3,5,DONE
1166,2,130,FANOUT3,1,WRITE
1167,2,130,FANOUT3,2,WRITE
1168,2,130,FANOUT3,3,WRITE
1169,2,130,FANOUT3,4,DONE
1170,2,131,MOVE2,1,WRITE
1171,2,131,MOVE2,2,WRITE
1172,2,131,MOVE2,3,CLEAR
1173,2,131,MOVE2,4,CLEAR
1174,2,131,MOVE2,5,DONE
1175,2,132,MOVE2,1,WRITE
1176,2,132,MOVE2,2,WRITE
1177,2,132,MOVE2,3,CLEAR
1178,2,132,MOVE2,4,CLEAR
1179,2,132,MOVE2,5,DONE
1180,2,133,SWAP,1,WRITE
1181,2,133,SWAP,2,WRITE
1182,2,133,SWAP,3,DONE
1183,2,134,BACKUP_CLEAR,1,WRITE
1184,2,134,BACKUP_CLEAR,2,CLEAR
1185,2,134,BACKUP_CLEAR,3,DONE
1186,2,135,FANOUT3,1,WRITE
1187,2,135,FANOUT3,2,WRITE
1188,2,135,FANOUT3,3,WRITE
1189,2,135,FANOUT3,4,DONE
1190,2,136,MOVE2,1,WRITE
1191,2,136,MOVE2,2,WRITE
1192,2,136,MOVE2,3,CLEAR
1193,2,136,MOVE2,4,CLEAR
1194,2,136,MOVE2,5,DONE
1195,2,137,DUAL_COPY,1,WRITE
1196,2,137,DUAL_COPY,2,WRITE
1197,2,137,DUAL_COPY,3,DONE
1198,2,138,SWAP,1,WRITE
1199,2,138,SWAP,2,WRITE
1200,2,138,SWAP,3,DONE
1201,2,139,DUPLICATE,1,WRITE
1202,2,139,DUPLICATE,2,WRITE
1203,2,139,DUPLICATE,3,DONE
1204,2,140,FANOUT3,1,WRITE
1205,2,140,FANOUT3,2,WRITE
1206,2,140,FANOUT3,3,WRITE
1207,2,140,FANOUT3,4,DONE
1208,2,141,MOVE2,1,WRITE
1209,2,141,MOVE2,2,WRITE
1210,2,141,MOVE2,3,CLEAR
1211,2,141,MOVE2,4,CLEAR
1212,2,141,MOVE2,5,DONE
1213,2,142,MOVE2,1,WRITE
1214,2,142,MOVE2,2,WRITE
1215,2,142,MOVE2,3,CLEAR
1216,2,142,MOVE2,4,CLEAR
1217,2,142,MOVE2,5,DONE
1218,2,143,BACKUP_CLEAR,1,WRITE
1219,2,143,BACKUP_CLEAR,2,CLEAR
1220,2,143,BACKUP_CLEAR,3,DONE
1221,2,144,ROTATE3,1,READ
1222,2,144,ROTATE3,2,WRITE
1223,2,144,ROTATE3,3,WRITE
1224,2,144,ROTATE3,4,WRITE
1225,2,144,ROTATE3,5,DONE
1226,2,145,SWAP,1,WRITE
1227,2,145,SWAP,2,WRITE
1228,2,145,SWAP,3,DONE
1229,2,146,DUPLICATE,1,WRITE
1230,2,146,DUPLICATE,2,WRITE
1231,2,146,DUPLICATE,3,DONE
1232,2,147,DUPLICATE,1,WRITE
1233,2,147,DUPLICATE,2,WRITE
1234,2,147,DUPLICATE,3,DONE
1235,2,148,COPY,1,WRITE
1236,2,148,COPY,2,DONE
1237,2,149,DUPLICATE,1,WRITE
1238,2,149,DUPLICATE,2,WRITE
1239,2,149,DUPLICATE,3,DONE
1240,2,150,FANOUT3,1,WRITE
1241,2,150,FANOUT3,2,WRITE
1242,2,150,FANOUT3,3,WRITE
1243,2,150,FANOUT3,4,DONE
1244,2,151,DUPLICATE,1,WRITE
1245,2,151,DUPLICATE,2,WRITE
1246,2,151,DUPLICATE,3,DONE
1247,2,152,SWAP,1,WRITE
1248,2,152,SWAP,2,WRITE
1249,2,152,SWAP,3,DONE
1250,2,153,FANOUT3,1,WRITE
1251,2,153,FANOUT3,2,WRITE
1252,2,153,FANOUT3,3,WRITE
1253,2,153,FANOUT3,4,DONE
1254,2,154,DUPLICATE,1,WRITE
1255,2,154,DUPLICATE,2,WRITE
1256,2,154,DUPLICATE,3,DONE
1257,2,155,DUPLICATE,1,WRITE
1258,2,155,DUPLICATE,2,WRITE
1259,2,155,DUPLICATE,3,DONE
1260,2,156,DUPLICATE,1,WRITE
1261,2,156,DUPLICATE,2,WRITE
1262,2,156,DUPLICATE,3,DONE
1263,2,157,ROTATE3,1,READ
1264,2,157,ROTATE3,2,WRITE
1265,2,157,ROTATE3,3,WRITE
1266,2,157,ROTATE3,4,WRITE
1267,2,157,ROTATE3,5,DONE
1268,2,158,ROTATE3,1,READ
1269,2,158,ROTATE3,2,WRITE
1270,2,158,ROTATE3,3,WRITE
1271,2,158,ROTATE3,4,WRITE
1272,2,158,ROTATE3,5,DONE
1273,2,159,CHAIN_COPY,1,WRITE
1274,2,159,CHAIN_COPY,2,WRITE
1275,2,159,CHAIN_COPY,3,WRITE
1276,2,159,CHAIN_COPY,4,DONE
1277,2,160,COPY,1,WRITE
1278,2,160,COPY,2,DONE
1279,2,161,DUAL_COPY,1,WRITE
1280,2,161,DUAL_COPY,2,WRITE
1281,2,161,DUAL_COPY,3,DONE
1282,2,162,MOVE2,1,WRITE
1283,2,162,MOVE2,2,WRITE
1284,2,162,MOVE2,3,CLEAR
1285,2,162,MOVE2,4,CLEAR
1286,2,162,MOVE2,5,DONE
1287,2,163,COPY,1,WRITE
1288,2,163,COPY,2,DONE
1289,2,164,SWAP,1,WRITE
1290,2,164,SWAP,2,WRITE
1291,2,164,SWAP,3,DONE
1292,2,165,BACKUP_CLEAR,1,WRITE
1293,2,165,BACKUP_CLEAR,2,CLEAR
1294,2,165,BACKUP_CLEAR,3,DONE
1295,2,166,ROTATE3,1,READ
1296,2,166,ROTATE3,2,WRITE
1297,2,166,ROTATE3,3,WRITE
1298,2,166,ROTATE3,4,WRITE
1299,2,166,ROTATE3,5,DONE
1300,2,167,SWAP,1,WRITE
1301,2,167,SWAP,2,WRITE
1302,2,167,SWAP,3,DONE
1303,2,168,ROTATE3,1,READ
1304,2,168,ROTATE3,2,WRITE
1305,2,168,ROTATE3,3,WRITE
1306,2,168,ROTATE3,4,WRITE
1307,2,168,ROTATE3,5,DONE
1308,2,169,SWAP,1,WRITE
1309,2,169,SWAP,2,WRITE
1310,2,169,SWAP,3,DONE
1311,2,170,BACKUP_CLEAR,1,WRITE
1312,2,170,BACKUP_CLEAR,2,CLEAR
1313,2,170,BACKUP_CLEAR,3,DONE
1314,2,171,COPY,1,WRITE
1315,2,171,COPY,2,DONE
1316,2,172,DUPLICATE,1,WRITE
1317,2,172,DUPLICATE,2,WRITE
1318,2,172,DUPLICATE,3,DONE
1319,2,173,SWAP,1,WRITE
1320,2,173,SWAP,2,WRITE
1321,2,173,SWAP,3,DONE
1322,2,174,MOVE2,1,WRITE
1323,2,174,MOVE2,2,WRITE
1324,2,174,MOVE2,3,CLEAR
1325,2,174,MOVE2,4,CLEAR
1326,2,174,MOVE2,5,DONE
1327,2,175,CHAIN_COPY,1,WRITE
1328,2,175,CHAIN_COPY,2,WRITE
1329,2,175,CHAIN_COPY,3,WRITE
1330,2,175,CHAIN_COPY,4,DONE
1331,2,176,FANOUT3,1,WRITE
1332,2,176,FANOUT3,2,WRITE
1333,2,176,FANOUT3,3,WRITE
1334,2,176,FANOUT3,4,DONE
1335,2,177,FANOUT3,1,WRITE
1336,2,177,FANOUT3,2,WRITE
1337,2,177,FANOUT3,3,WRITE
1338,2,177,FANOUT3,4,DONE
1339,2,178,BACKUP_CLEAR,1,WRITE
1340,2,178,BACKUP_CLEAR,2,CLEAR
1341,2,178,BACKUP_CLEAR,3,DONE
1342,2,179,SWAP,1,WRITE
1343,2,179,SWAP,2,WRITE
1344,2,179,SWAP,3,DONE
1345,2,180,MOVE2,1,WRITE
1346,2,180,MOVE2,2,WRITE
1347,2,180,MOVE2,3,CLEAR
1348,2,180,MOVE2,4,CLEAR
1349,2,180,MOVE2,5,DONE
1350,2,181,ROTATE3,1,READ
1351,2,181,ROTATE3,2,WRITE
1352,2,181,ROTATE3,3,WRITE
1353,2,181,ROTATE3,4,WRITE
1354,2,181,ROTATE3,5,DONE
1355,2,182,ROTATE3,1,READ
1356,2,182,ROTATE3,2,WRITE
1357,2,182,ROTATE3,3,WRITE
1358,2,182,ROTATE3,4,WRITE
1359,2,182,ROTATE3,5,DONE
1360,2,183,SWAP,1,WRITE
1361,2,183,SWAP,2,WRITE
1362,2,183,SWAP,3,DONE
1363,2,184,SWAP,1,WRITE
1364,2,184,SWAP,2,WRITE
1365,2,184,SWAP,3,DONE
1366,2,185,DUPLICATE,1,WRITE
1367,2,185,DUPLICATE,2,WRITE
1368,2,185,DUPLICATE,3,DONE
1369,2,186,COPY,1,WRITE
1370,2,186,COPY,2,DONE
1371,2,187,FANOUT3,1,WRITE
1372,2,187,FANOUT3,2,WRITE
1373,2,187,FANOUT3,3,WRITE
1374,2,187,FANOUT3,4,DONE
1375,2,188,CHAIN_COPY,1,WRITE
1376,2,188,CHAIN_COPY,2,WRITE
1377,2,188,CHAIN_COPY,3,WRITE
1378,2,188,CHAIN_COPY,4,DONE
1379,2,189,FANOUT3,1,WRITE
1380,2,189,FANOUT3,2,WRITE
1381,2,189,FANOUT3,3,WRITE
1382,2,189,FANOUT3,4,DONE
1383,2,190,COPY,1,WRITE
1384,2,190,COPY,2,DONE
1385,2,191,SWAP,1,WRITE
1386,2,191,SWAP,2,WRITE
1387,2,191,SWAP,3,DONE
1388,2,192,ROTATE3,1,READ
1389,2,192,ROTATE3,2,WRITE
1390,2,192,ROTATE3,3,WRITE
1391,2,192,ROTATE3,4,WRITE
1392,2,192,ROTATE3,5,DONE
1393,2,193,BACKUP_CLEAR,1,WRITE
1394,2,193,BACKUP_CLEAR,2,CLEAR
1395,2,193,BACKUP_CLEAR,3,DONE
1396,2,194,FANOUT3,1,WRITE
1397,2,194,FANOUT3,2,WRITE
1398,2,194,FANOUT3,3,WRITE
1399,2,194,FANOUT3,4,DONE
1400,2,195,SWAP,1,WRITE
1401,2,195,SWAP,2,WRITE
1402,2,195,SWAP,3,DONE
1403,2,196,MOVE2,1,WRITE
1404,2,196,MOVE2,2,WRITE
1405,2,196,MOVE2,3,CLEAR
1406,2,196,MOVE2,4,CLEAR
1407,2,196,MOVE2,5,DONE
1408,2,197,DUPLICATE,1,WRITE
1409,2,197,DUPLICATE,2,WRITE
1410,2,197,DUPLICATE,3,DONE
1411,2,198,DUPLICATE,1,WRITE
1412,2,198,DUPLICATE,2,WRITE
1413,2,198,DUPLICATE,3,DONE
1414,2,199,FANOUT3,1,WRITE
1415,2,199,FANOUT3,2,WRITE
1416,2,199,FANOUT3,3,WRITE
1417,2,199,FANOUT3,4,DONE
1418,3,0,DUAL_COPY,1,WRITE
1419,3,0,DUAL_COPY,2,WRITE
1420,3,0,DUAL_COPY,3,DONE
1421,3,1,DUAL_COPY,1,WRITE
1422,3,1,DUAL_COPY,2,WRITE
1423,3,1,DUAL_COPY,3,DONE
1424,3,2,BACKUP_CLEAR,1,WRITE
1425,3,2,BACKUP_CLEAR,2,CLEAR
1426,3,2,BACKUP_CLEAR,3,DONE
1427,3,3,DUPLICATE,1,WRITE
1428,3,3,DUPLICATE,2,WRITE
1429,3,3,DUPLICATE,3,DONE
1430,3,4,DUPLICATE,1,WRITE
1431,3,4,DUPLICATE,2,WRITE
1432,3,4,DUPLICATE,3,DONE
1433,3,5,DUPLICATE,1,WRITE
1434,3,5,DUPLICATE,2,WRITE
1435,3,5,DUPLICATE,3,DONE
1436,3,6,FANOUT3,1,WRITE
1437,3,6,FANOUT3,2,WRITE
1438,3,6,FANOUT3,3,WRITE
1439,3,6,FANOUT3,4,DONE
1440,3,7,SWAP,1,WRITE
1441,3,7,SWAP,2,WRITE
1442,3,7,SWAP,3,DONE
1443,3,8,MOVE2,1,WRITE
1444,3,8,MOVE2,2,WRITE
1445,3,8,MOVE2,3,CLEAR
1446,3,8,MOVE2,4,CLEAR
1447,3,8,MOVE2,5,DONE
1448,3,9,BACKUP_CLEAR,1,WRITE
1449,3,9,BACKUP_CLEAR,2,CLEAR
1450,3,9,BACKUP_CLEAR,3,DONE
1451,3,10,COPY,1,WRITE
1452,3,10,COPY,2,DONE
1453,3,11,FANOUT3,1,WRITE
1454,3,11,FANOUT3,2,WRITE
1455,3,11,FANOUT3,3,WRITE
1456,3,11,FANOUT3,4,DONE
1457,3,12,SWAP,1,WRITE
1458,3,12,SWAP,2,WRITE
1459,3,12,SWAP,3,DONE
1460,3,13,COPY,1,WRITE
1461,3,13,COPY,2,DONE
1462,3,14,ROTATE3,1,READ
1463,3,14,ROTATE3,2,WRITE
1464,3,14,ROTATE3,3,WRITE
1465,3,14,ROTATE3,4,WRITE
1466,3,14,ROTATE3,5,DONE
1467,3,15,FANOUT3,1,WRITE
1468,3,15,FANOUT3,2,WRITE
1469,3,15,FANOUT3,3,WRITE
1470,3,15,FANOUT3,4,DONE
1471,3,16,BACKUP_CLEAR,1,WRITE
1472,3,16,BACKUP_CLEAR,2,CLEAR
1473,3,16,BACKUP_CLEAR,3,DONE
1474,3,17,FANOUT3,1,WRITE
1475,3,17,FANOUT3,2,WRITE
1476,3,17,FANOUT3,3,WRITE
1477,3,17,FANOUT3,4,DONE
1478,3,18,COPY,1,WRITE
1479,3,18,COPY,2,DONE
1480,3,19,COPY,1,WRITE
1481,3,19,COPY,2,DONE
1482,3,20,ROTATE3,1,READ
1483,3,20,ROTATE3,2,WRITE
1484,3,20,ROTATE3,3,WRITE
1485,3,20,ROTATE3,4,WRITE
1486,3,20,ROTATE3,5,DONE
1487,3,21,MOVE2,1,WRITE
1488,3,21,MOVE2,2,WRITE
1489,3,21,MOVE2,3,CLEAR
1490,3,21,MOVE2,4,CLEAR
1491,3,21,MOVE2,5,DONE
1492,3,22,BACKUP_CLEAR,1,WRITE
1493,3,22,BACKUP_CLEAR,2,CLEAR
1494,3,22,BACKUP_CLEAR,3,DONE
1495,3,23,ROTATE3,1,READ
1496,3,23,ROTATE3,2,WRITE
1497,3,23,ROTATE3,3,WRITE
1498,3,23,ROTATE3,4,WRITE
1499,3,23,ROTATE3,5,DONE
1500,3,24,BACKUP_CLEAR,1,WRITE
1501,3,24,BACKUP_CLEAR,2,CLEAR
1502,3,24,BACKUP_CLEAR,3,DONE
1503,3,25,ROTATE3,1,READ
1504,3,25,ROTATE3,2,WRITE
1505,3,25,ROTATE3,3,WRITE
1506,3,25,ROTATE3,4,WRITE
1507,3,25,ROTATE3,5,DONE
1508,3,26,BACKUP_CLEAR,1,WRITE
1509,3,26,BACKUP_CLEAR,2,CLEAR
1510,3,26,BACKUP_CLEAR,3,DONE
1511,3,27,BACKUP_CLEAR,1,WRITE
1512,3,27,BACKUP_CLEAR,2,CLEAR
1513,3,27,BACKUP_CLEAR,3,DONE
1514,3,28,DUPLICATE,1,WRITE
1515,3,28,DUPLICATE,2,WRITE
1516,3,28,DUPLICATE,3,DONE
1517,3,29,SWAP,1,WRITE
1518,3,29,SWAP,2,WRITE
1519,3,29,SWAP,3,DONE
1520,3,30,DUAL_COPY,1,WRITE
1521,3,30,DUAL_COPY,2,WRITE
1522,3,30,DUAL_COPY,3,DONE
1523,3,31,FANOUT3,1,WRITE
1524,3,31,FANOUT3,2,WRITE
1525,3,31,FANOUT3,3,WRITE
1526,3,31,FANOUT3,4,DONE
1527,3,32,DUAL_COPY,1,WRITE
1528,3,32,DUAL_COPY,2,WRITE
1529,3,32,DUAL_COPY,3,DONE
1530,3,33,FANOUT3,1,WRITE
1531,3,33,FANOUT3,2,WRITE
1532,3,33,FANOUT3,3,WRITE
1533,3,33,FANOUT3,4,DONE
1534,3,34,SWAP,1,WRITE
1535,3,34,SWAP,2,WRITE
1536,3,34,SWAP,3,DONE
1537,3,35,SWAP,1,WRITE
1538,3,35,SWAP,2,WRITE
1539,3,35,SWAP,3,DONE
1540,3,36,DUPLICATE,1,WRITE
1541,3,36,DUPLICATE,2,WRITE
1542,3,36,DUPLICATE,3,DONE
1543,3,37,SWAP,1,WRITE
1544,3,37,SWAP,2,WRITE
1545,3,37,SWAP,3,DONE
1546,3,38,BACKUP_CLEAR,1,WRITE
1547,3,38,BACKUP_CLEAR,2,CLEAR
1548,3,38,BACKUP_CLEAR,3,DONE
1549,3,39,CHAIN_COPY,1,WRITE
1550,3,39,CHAIN_COPY,2,WRITE
1551,3,39,CHAIN_COPY,3,WRITE
1552,3,39,CHAIN_COPY,4,DONE
1553,3,40,BACKUP_CLEAR,1,WRITE
1554,3,40,BACKUP_CLEAR,2,CLEAR
1555,3,40,BACKUP_CLEAR,3,DONE
1556,3,41,COPY,1,WRITE
1557,3,41,COPY,2,DONE
1558,3,42,MOVE2,1,WRITE
1559,3,42,MOVE2,2,WRITE
1560,3,42,MOVE2,3,CLEAR
1561,3,42,MOVE2,4,CLEAR
1562,3,42,MOVE2,5,DONE
1563,3,43,BACKUP_CLEAR,1,WRITE
1564,3,43,BACKUP_CLEAR,2,CLEAR
1565,3,43,BACKUP_CLEAR,3,DONE
1566,3,44,COPY,1,WRITE
1567,3,44,COPY,2,DONE
1568,3,45,SWAP,1,WRITE
1569,3,45,SWAP,2,WRITE
1570,3,45,SWAP,3,DONE
1571,3,46,CHAIN_COPY,1,WRITE
1572,3,46,CHAIN_COPY,2,WRITE
1573,3,46,CHAIN_COPY,3,WRITE
1574,3,46,CHAIN_COPY,4,DONE
1575,3,47,SWAP,1,WRITE
1576,3,47,SWAP,2,WRITE
1577,3,47,SWAP,3,DONE
1578,3,48,MOVE2,1,WRITE
1579,3,48,MOVE2,2,WRITE
1580,3,48,MOVE2,3,CLEAR
1581,3,48,MOVE2,4,CLEAR
1582,3,48,MOVE2,5,DONE
1583,3,49,COPY,1,WRITE
1584,3,49,COPY,2,DONE
1585,3,50,SWAP,1,WRITE
1586,3,50,SWAP,2,WRITE
1587,3,50,SWAP,3,DONE
1588,3,51,ROTATE3,1,READ
1589,3,51,ROTATE3,2,WRITE
1590,3,51,ROTATE3,3,WRITE
1591,3,51,ROTATE3,4,WRITE
1592,3,51,ROTATE3,5,DONE
1593,3,52,CHAIN_COPY,1,WRITE
1594,3,52,CHAIN_COPY,2,WRITE
1595,3,52,CHAIN_COPY,3,WRITE
1596,3,52,CHAIN_COPY,4,DONE
1597,3,53,ROTATE3,1,READ
1598,3,53,ROTATE3,2,WRITE
1599,3,53,ROTATE3,3,WRITE
1600,3,53,ROTATE3,4,WRITE
1601,3,53,ROTATE3,5,DONE
1602,3,54,MOVE2,1,WRITE
1603,3,54,MOVE2,2,WRITE
1604,3,54,MOVE2,3,CLEAR
1605,3,54,MOVE2,4,CLEAR
1606,3,54,MOVE2,5,DONE
1607,3,55,CHAIN_COPY,1,WRITE
1608,3,55,CHAIN_COPY,2,WRITE
1609,3,55,CHAIN_COPY,3,WRITE
1610,3,55,CHAIN_COPY,4,DONE
1611,3,56,BACKUP_CLEAR,1,WRITE
1612,3,56,BACKUP_CLEAR,2,CLEAR
1613,3,56,BACKUP_CLEAR,3,DONE
1614,3,57,DUAL_COPY,1,WRITE
1615,3,57,DUAL_COPY,2,WRITE
1616,3,57,DUAL_COPY,3,DONE
1617,3,58,COPY,1,WRITE
1618,3,58,COPY,2,DONE
1619,3,59,DUPLICATE,1,WRITE
1620,3,59,DUPLICATE,2,WRITE
1621,3,59,DUPLICATE,3,DONE
1622,3,60,FANOUT3,1,WRITE
1623,3,60,FANOUT3,2,WRITE
1624,3,60,FANOUT3,3,WRITE
1625,3,60,FANOUT3,4,DONE
1626,3,61,DUAL_COPY,1,WRITE
1627,3,61,DUAL_COPY,2,WRITE
1628,3,61,DUAL_COPY,3,DONE
1629,3,62,SWAP,1,WRITE
1630,3,62,SWAP,2,WRITE
1631,3,62,SWAP,3,DONE
1632,3,63,COPY,1,WRITE
1633,3,63,COPY,2,DONE
1634,3,64,DUAL_COPY,1,WRITE
1635,3,64,DUAL_COPY,2,WRITE
1636,3,64,DUAL_COPY,3,DONE
1637,3,65,CHAIN_COPY,1,WRITE
1638,3,65,CHAIN_COPY,2,WRITE
1639,3,65,CHAIN_COPY,3,WRITE
1640,3,65,CHAIN_COPY,4,DONE
1641,3,66,SWAP,1,WRITE
1642,3,66,SWAP,2,WRITE
1643,3,66,SWAP,3,DONE
1644,3,67,ROTATE3,1,READ
1645,3,67,ROTATE3,2,WRITE
1646,3,67,ROTATE3,3,WRITE
1647,3,67,ROTATE3,4,WRITE
1648,3,67,ROTATE3,5,DONE
1649,3,68,BACKUP_CLEAR,1,WRITE
1650,3,68,BACKUP_CLEAR,2,CLEAR
1651,3,68,BACKUP_CLEAR,3,DONE
1652,3,69,SWAP,1,WRITE
1653,3,69,SWAP,2,WRITE
1654,3,69,SWAP,3,DONE
1655,3,70,DUPLICATE,1,WRITE
1656,3,70,DUPLICATE,2,WRITE
1657,3,70,DUPLICATE,3,DONE
1658,3,71,FANOUT3,1,WRITE
1659,3,71,FANOUT3,2,WRITE
1660,3,71,FANOUT3,3,WRITE
1661,3,71,FANOUT3,4,DONE
1662,3,72,BACKUP_CLEAR,1,WRITE
1663,3,72,BACKUP_CLEAR,2,CLEAR
1664,3,72,BACKUP_CLEAR,3,DONE
1665,3,73,COPY,1,WRITE
1666,3,73,COPY,2,DONE
1667,3,74,DUAL_COPY,1,WRITE
1668,3,74,DUAL_COPY,2,WRITE
1669,3,74,DUAL_COPY,3,DONE
1670,3,75,DUPLICATE,1,WRITE
1671,3,75,DUPLICATE,2,WRITE
1672,3,75,DUPLICATE,3,DONE
1673,3,76,SWAP,1,WRITE
1674,3,76,SWAP,2,WRITE
1675,3,76,SWAP,3,DONE
1676,3,77,BACKUP_CLEAR,1,WRITE
1677,3,77,BACKUP_CLEAR,2,CLEAR
1678,3,77,BACKUP_CLEAR,3,DONE
1679,3,78,DUAL_COPY,1,WRITE
1680,3,78,DUAL_COPY,2,WRITE
1681,3,78,DUAL_COPY,3,DONE
1682,3,79,CHAIN_COPY,1,WRITE
1683,3,79,CHAIN_COPY,2,WRITE
1684,3,79,CHAIN_COPY,3,WRITE
1685,3,79,CHAIN_COPY,4,DONE
1686,3,80,BACKUP_CLEAR,1,WRITE
1687,3,80,BACKUP_CLEAR,2,CLEAR
1688,3,80,BACKUP_CLEAR,3,DONE
1689,3,81,ROTATE3,1,READ
1690,3,81,ROTATE3,2,WRITE
1691,3,81,ROTATE3,3,WRITE
1692,3,81,ROTATE3,4,WRITE
1693,3,81,ROTATE3,5,DONE
1694,3,82,BACKUP_CLEAR,1,WRITE
1695,3,82,BACKUP_CLEAR,2,CLEAR
1696,3,82,BACKUP_CLEAR,3,DONE
1697,3,83,DUAL_COPY,1,WRITE
1698,3,83,DUAL_COPY,2,WRITE
1699,3,83,DUAL_COPY,3,DONE
1700,3,84,CHAIN_COPY,1,WRITE
1701,3,84,CHAIN_COPY,2,WRITE
1702,3,84,CHAIN_COPY,3,WRITE
1703,3,84,CHAIN_COPY,4,DONE
1704,3,85,FANOUT3,1,WRITE
1705,3,85,FANOUT3,2,WRITE
1706,3,85,FANOUT3,3,WRITE
1707,3,85,FANOUT3,4,DONE
1708,3,86,DUPLICATE,1,WRITE
1709,3,86,DUPLICATE,2,WRITE
1710,3,86,DUPLICATE,3,DONE
1711,3,87,ROTATE3,1,READ
1712,3,87,ROTATE3,2,WRITE
1713,3,87,ROTATE3,3,WRITE
1714,3,87,ROTATE3,4,WRITE
1715,3,87,ROTATE3,5,DONE
1716,3,88,DUPLICATE,1,WRITE
1717,3,88,DUPLICATE,2,WRITE
1718,3,88,DUPLICATE,3,DONE
1719,3,89,DUPLICATE,1,WRITE
1720,3,89,DUPLICATE,2,WRITE
1721,3,89,DUPLICATE,3,DONE
1722,3,90,ROTATE3,1,READ
1723,3,90,ROTATE3,2,WRITE
1724,3,90,ROTATE3,3,WRITE
1725,3,90,ROTATE3,4,WRITE
1726,3,90,ROTATE3,5,DONE
1727,3,91,MOVE2,1,WRITE
1728,3,91,MOVE2,2,WRITE
1729,3,91,MOVE2,3,CLEAR
1730,3,91,MOVE2,4,CLEAR
1731,3,91,MOVE2,5,DONE
1732,3,92,MOVE2,1,WRITE
1733,3,92,MOVE2,2,WRITE
1734,3,92,MOVE2,3,CLEAR
1735,3,92,MOVE2,4,CLEAR
1736,3,92,MOVE2,5,DONE
1737,3,93,SWAP,1,WRITE
1738,3,93,SWAP,2,WRITE
1739,3,93,SWAP,3,DONE
1740,3,94,FANOUT3,1,WRITE
1741,3,94,FANOUT3,2,WRITE
1742,3,94,FANOUT3,3,WRITE
1743,3,94,FANOUT3,4,DONE
1744,3,95,CHAIN_COPY,1,WRITE
1745,3,95,CHAIN_COPY,2,WRITE
1746,3,95,CHAIN_COPY,3,WRITE
1747,3,95,CHAIN_COPY,4,DONE
1748,3,96,DUPLICATE,1,WRITE
1749,3,96,DUPLICATE,2,WRITE
1750,3,96,DUPLICATE,3,DONE
1751,3,97,MOVE2,1,WRITE
1752,3,97,MOVE2,2,WRITE
1753,3,97,MOVE2,3,CLEAR
1754,3,97,MOVE2,4,CLEAR
1755,3,97,MOVE2,5,DONE
1756,3,98,DUPLICATE,1,WRITE
1757,3,98,DUPLICATE,2,WRITE
1758,3,98,DUPLICATE,3,DONE
1759,3,99,DUAL_COPY,1,WRITE
1760,3,99,DUAL_COPY,2,WRITE
1761,3,99,DUAL_COPY,3,DONE
1762,3,100,DUPLICATE,1,WRITE
1763,3,100,DUPLICATE,2,WRITE
1764,3,100,DUPLICATE,3,DONE
1765,3,101,DUAL_COPY,1,WRITE
1766,3,101,DUAL_COPY,2,WRITE
1767,3,101,DUAL_COPY,3,DONE
1768,3,102,DUAL_COPY,1,WRITE
1769,3,102,DUAL_COPY,2,WRITE
1770,3,102,DUAL_COPY,3,DONE
1771,3,103,ROTATE3,1,READ
1772,3,103,ROTATE3,2,WRITE
1773,3,103,ROTATE3,3,WRITE
1774,3,103,ROTATE3,4,WRITE
1775,3,103,ROTATE3,5,DONE
1776,3,104,COPY,1,WRITE
1777,3,104,COPY,2,DONE
1778,3,105,SWAP,1,WRITE
1779,3,105,SWAP,2,WRITE
1780,3,105,SWAP,3,DONE
1781,3,106,DUPLICATE,1,WRITE
1782,3,106,DUPLICATE,2,WRITE
1783,3,106,DUPLICATE,3,DONE
1784,3,107,CHAIN_COPY,1,WRITE
1785,3,107,CHAIN_COPY,2,WRITE
1786,3,107,CHAIN_COPY,3,WRITE
1787,3,107,CHAIN_COPY,4,DONE
1788,3,108,BACKUP_CLEAR,1,WRITE
1789,3,108,BACKUP_CLEAR,2,CLEAR
1790,3,108,BACKUP_CLEAR,3,DONE
1791,3,109,DUPLICATE,1,WRITE
1792,3,109,DUPLICATE,2,WRITE
1793,3,109,DUPLICATE,3,DONE
1794,3,110,DUAL_COPY,1,WRITE
1795,3,110,DUAL_COPY,2,WRITE
1796,3,110,DUAL_COPY,3,DONE
1797,3,111,BACKUP_CLEAR,1,WRITE
1798,3,111,BACKUP_CLEAR,2,CLEAR
1799,3,111,BACKUP_CLEAR,3,DONE
1800,3,112,MOVE2,1,WRITE
1801,3,112,MOVE2,2,WRITE
1802,3,112,MOVE2,3,CLEAR
1803,3,112,MOVE2,4,CLEAR
1804,3,112,MOVE2,5,DONE
1805,3,113,SWAP,1,WRITE
1806,3,113,SWAP,2,WRITE
1807,3,113,SWAP,3,DONE
1808,3,114,SWAP,1,WRITE
1809,3,114,SWAP,2,WRITE
1810,3,114,SWAP,3,DONE
1811,3,115,CHAIN_COPY,1,WRITE
1812,3,115,CHAIN_COPY,2,WRITE
1813,3,115,CHAIN_COPY,3,WRITE
1814,3,115,CHAIN_COPY,4,DONE
1815,3,116,SWAP,1,WRITE
1816,3,116,SWAP,2,WRITE
1817,3,116,SWAP,3,DONE
1818,3,117,DUAL_COPY,1,WRITE
1819,3,117,DUAL_COPY,2,WRITE
1820,3,117,DUAL_COPY,3,DONE
1821,3,118,FANOUT3,1,WRITE
1822,3,118,FANOUT3,2,WRITE
1823,3,118,FANOUT3,3,WRITE
1824,3,118,FANOUT3,4,DONE
1825,3,119,BACKUP_CLEAR,1,WRITE
1826,3,119,BACKUP_CLEAR,2,CLEAR
1827,3,119,BACKUP_CLEAR,3,DONE
1828,3,120,DUAL_COPY,1,WRITE
1829,3,120,DUAL_COPY,2,WRITE
1830,3,120,DUAL_COPY,3,DONE
1831,3,121,DUAL_COPY,1,WRITE
1832,3,121,DUAL_COPY,2,WRITE
1833,3,121,DUAL_COPY,3,DONE
1834,3,122,DUPLICATE,1,WRITE
1835,3,122,DUPLICATE,2,WRITE
1836,3,122,DUPLICATE,3,DONE
1837,3,123,ROTATE3,1,READ
1838,3,123,ROTATE3,2,WRITE
1839,3,123,ROTATE3,3,WRITE
1840,3,123,ROTATE3,4,WRITE
1841,3,123,ROTATE3,5,DONE
1842,3,124,DUAL_COPY,1,WRITE
1843,3,124,DUAL_COPY,2,WRITE
1844,3,124,DUAL_COPY,3,DONE
1845,3,125,FANOUT3,1,WRITE
1846,3,125,FANOUT3,2,WRITE
1847,3,125,FANOUT3,3,WRITE
1848,3,125,FANOUT3,4,DONE
1849,3,126,DUPLICATE,1,WRITE
1850,3,126,DUPLICATE,2,WRITE
1851,3,126,DUPLICATE,3,DONE
1852,3,127,BACKUP_CLEAR,1,WRITE
1853,3,127,BACKUP_CLEAR,2,CLEAR
1854,3,127,BACKUP_CLEAR,3,DONE
1855,3,128,BACKUP_CLEAR,1,WRITE
1856,3,128,BACKUP_CLEAR,2,CLEAR
1857,3,128,BACKUP_CLEAR,3,DONE
1858,3,129,MOVE2,1,WRITE
1859,3,129,MOVE2,2,WRITE
1860,3,129,MOVE2,3,CLEAR
1861,3,129,MOVE2,4,CLEAR
1862,3,129,MOVE2,5,DONE
1863,3,130,CHAIN_COPY,1,WRITE
1864,3,130,CHAIN_COPY,2,WRITE
1865,3,130,CHAIN_COPY,3,WRITE
1866,3,130,CHAIN_COPY,4,DONE
1867,3,131,CHAIN_COPY,1,WRITE
1868,3,131,CHAIN_COPY,2,WRITE
1869,3,131,CHAIN_COPY,3,WRITE
1870,3,131,CHAIN_COPY,4,DONE
1871,3,132,MOVE2,1,WRITE
1872,3,132,MOVE2,2,WRITE
1873,3,132,MOVE2,3,CLEAR
1874,3,132,MOVE2,4,CLEAR
1875,3,132,MOVE2,5,DONE
1876,3,133,CHAIN_COPY,1,WRITE
1877,3,133,CHAIN_COPY,2,WRITE
1878,3,133,CHAIN_COPY,3,WRITE
1879,3,133,CHAIN_COPY,4,DONE
1880,3,134,SWAP,1,WRITE
1881,3,134,SWAP,2,WRITE
1882,3,134,SWAP,3,DONE
1883,3,135,ROTATE3,1,READ
1884,3,135,ROTATE3,2,WRITE
1885,3,135,ROTATE3,3,WRITE
1886,3,135,ROTATE3,4,WRITE
1887,3,135,ROTATE3,5,DONE
1888,3,136,BACKUP_CLEAR,1,WRITE
1889,3,136,BACKUP_CLEAR,2,CLEAR
1890,3,136,BACKUP_CLEAR,3,DONE
1891,3,137,CHAIN_COPY,1,WRITE
1892,3,137,CHAIN_COPY,2,WRITE
1893,3,137,CHAIN_COPY,3,WRITE
1894,3,137,CHAIN_COPY,4,DONE
1895,3,138,ROTATE3,1,READ
1896,3,138,ROTATE3,2,WRITE
1897,3,138,ROTATE3,3,WRITE
1898,3,138,ROTATE3,4,WRITE
1899,3,138,ROTATE3,5,DONE
1900,3,139,CHAIN_COPY,1,WRITE
1901,3,139,CHAIN_COPY,2,WRITE
1902,3,139,CHAIN_COPY,3,WRITE
1903,3,139,CHAIN_COPY,4,DONE
1904,3,140,BACKUP_CLEAR,1,WRITE
1905,3,140,BACKUP_CLEAR,2,CLEAR
1906,3,140,BACKUP_CLEAR,3,DONE
1907,3,141,BACKUP_CLEAR,1,WRITE
1908,3,141,BACKUP_CLEAR,2,CLEAR
1909,3,141,BACKUP_CLEAR,3,DONE
1910,3,142,DUPLICATE,1,WRITE
1911,3,142,DUPLICATE,2,WRITE
1912,3,142,DUPLICATE,3,DONE
1913,3,143,DUPLICATE,1,WRITE
1914,3,143,DUPLICATE,2,WRITE
1915,3,143,DUPLICATE,3,DONE
1916,3,144,CHAIN_COPY,1,WRITE
1917,3,144,CHAIN_COPY,2,WRITE
1918,3,144,CHAIN_COPY,3,WRITE
1919,3,144,CHAIN_COPY,4,DONE
1920,3,145,DUPLICATE,1,WRITE
1921,3,145,DUPLICATE,2,WRITE
1922,3,145,DUPLICATE,3,DONE
1923,3,146,COPY,1,WRITE
1924,3,146,COPY,2,DONE
1925,3,147,FANOUT3,1,WRITE
1926,3,147,FANOUT3,2,WRITE
1927,3,147,FANOUT3,3,WRITE
1928,3,147,FANOUT3,4,DONE
1929,3,148,SWAP,1,WRITE
1930,3,148,SWAP,2,WRITE
1931,3,148,SWAP,3,DONE
1932,3,149,ROTATE3,1,READ
1933,3,149,ROTATE3,2,WRITE
1934,3,149,ROTATE3,3,WRITE
1935,3,149,ROTATE3,4,WRITE
1936,3,149,ROTATE3,5,DONE
1937,3,150,COPY,1,WRITE
1938,3,150,COPY,2,DONE
1939,3,151,DUPLICATE,1,WRITE
1940,3,151,DUPLICATE,2,WRITE
1941,3,151,DUPLICATE,3,DONE
1942,3,152,DUAL_COPY,1,WRITE
1943,3,152,DUAL_COPY,2,WRITE
1944,3,152,DUAL_COPY,3,DONE
1945,3,153,BACKUP_CLEAR,1,WRITE
1946,3,153,BACKUP_CLEAR,2,CLEAR
1947,3,153,BACKUP_CLEAR,3,DONE
1948,3,154,MOVE2,1,WRITE
1949,3,154,MOVE2,2,WRITE
1950,3,154,MOVE2,3,CLEAR
1951,3,154,MOVE2,4,CLEAR
1952,3,154,MOVE2,5,DONE
1953,3,155,ROTATE3,1,READ
1954,3,155,ROTATE3,2,WRITE
1955,3,155,ROTATE3,3,WRITE
1956,3,155,ROTATE3,4,WRITE
1957,3,155,ROTATE3,5,DONE
1958,3,156,DUAL_COPY,1,WRITE
1959,3,156,DUAL_COPY,2,WRITE
1960,3,156,DUAL_COPY,3,DONE
1961,3,157,DUPLICATE,1,WRITE
1962,3,157,DUPLICATE,2,WRITE
1963,3,157,DUPLICATE,3,DONE
1964,3,158,ROTATE3,1,READ
1965,3,158,ROTATE3,2,WRITE
1966,3,158,ROTATE3,3,WRITE
1967,3,158,ROTATE3,4,WRITE
1968,3,158,ROTATE3,5,DONE
1969,3,159,BACKUP_CLEAR,1,WRITE
1970,3,159,BACKUP_CLEAR,2,CLEAR
1971,3,159,BACKUP_CLEAR,3,DONE
1972,3,160,SWAP,1,WRITE
1973,3,160,SWAP,2,WRITE
1974,3,160,SWAP,3,DONE
1975,3,161,DUAL_COPY,1,WRITE
1976,3,161,DUAL_COPY,2,WRITE
1977,3,161,DUAL_COPY,3,DONE
1978,3,162,DUPLICATE,1,WRITE
1979,3,162,DUPLICATE,2,WRITE
1980,3,162,DUPLICATE,3,DONE
1981,3,163,BACKUP_CLEAR,1,WRITE
1982,3,163,BACKUP_CLEAR,2,CLEAR
1983,3,163,BACKUP_CLEAR,3,DONE
1984,3,164,MOVE2,1,WRITE
1985,3,164,MOVE2,2,WRITE
1986,3,164,MOVE2,3,CLEAR
1987,3,164,MOVE2,4,CLEAR
1988,3,164,MOVE2,5,DONE
1989,3,165,DUAL_COPY,1,WRITE
1990,3,165,DUAL_COPY,2,WRITE
1991,3,165,DUAL_COPY,3,DONE
1992,3,166,COPY,1,WRITE
1993,3,166,COPY,2,DONE
1994,3,167,SWAP,1,WRITE
1995,3,167,SWAP,2,WRITE
1996,3,167,SWAP,3,DONE
1997,3,168,SWAP,1,WRITE
1998,3,168,SWAP,2,WRITE
1999,3,168,SWAP,3,DONE
2000,3,169,DUAL_COPY,1,WRITE
2001,3,169,DUAL_COPY,2,WRITE
2002,3,169,DUAL_COPY,3,DONE
2003,3,170,ROTATE3,1,READ
2004,3,170,ROTATE3,2,WRITE
2005,3,170,ROTATE3,3,WRITE
2006,3,170,ROTATE3,4,WRITE
2007,3,170,ROTATE3,5,DONE
2008,3,171,DUPLICATE,1,WRITE
2009,3,171,DUPLICATE,2,WRITE
2010,3,171,DUPLICATE,3,DONE
2011,3,172,DUPLICATE,1,WRITE
2012,3,172,DUPLICATE,2,WRITE
2013,3,172,DUPLICATE,3,DONE
2014,3,173,CHAIN_COPY,1,WRITE
2015,3,173,CHAIN_COPY,2,WRITE
2016,3,173,CHAIN_COPY,3,WRITE
2017,3,173,CHAIN_COPY,4,DONE
2018,3,174,ROTATE3,1,READ
2019,3,174,ROTATE3,2,WRITE
2020,3,174,ROTATE3,3,WRITE
2021,3,174,ROTATE3,4,WRITE
2022,3,174,ROTATE3,5,DONE
2023,3,175,CHAIN_COPY,1,WRITE
2024,3,175,CHAIN_COPY,2,WRITE
2025,3,175,CHAIN_COPY,3,WRITE
2026,3,175,CHAIN_COPY,4,DONE
2027,3,176,DUAL_COPY,1,WRITE
2028,3,176,DUAL_COPY,2,WRITE
2029,3,176,DUAL_COPY,3,DONE
2030,3,177,ROTATE3,1,READ
2031,3,177,ROTATE3,2,WRITE
2032,3,177,ROTATE3,3,WRITE
2033,3,177,ROTATE3,4,WRITE
2034,3,177,ROTATE3,5,DONE
2035,3,178,MOVE2,1,WRITE
2036,3,178,MOVE2,2,WRITE
2037,3,178,MOVE2,3,CLEAR
2038,3,178,MOVE2,4,CLEAR
2039,3,178,MOVE2,5,DONE
2040,3,179,SWAP,1,WRITE
2041,3,179,SWAP,2,WRITE
2042,3,179,SWAP,3,DONE
2043,3,180,COPY,1,WRITE
2044,3,180,COPY,2,DONE
2045,3,181,FANOUT3,1,WRITE
2046,3,181,FANOUT3,2,WRITE
2047,3,181,FANOUT3,3,WRITE
2048,3,181,FANOUT3,4,DONE
2049,3,182,SWAP,1,WRITE
2050,3,182,SWAP,2,WRITE
2051,3,182,SWAP,3,DONE
2052,3,183,DUAL_COPY,1,WRITE
2053,3,183,DUAL_COPY,2,WRITE
2054,3,183,DUAL_COPY,3,DONE
2055,3,184,FANOUT3,1,WRITE
2056,3,184,FANOUT3,2,WRITE
2057,3,184,FANOUT3,3,WRITE
2058,3,184,FANOUT3,4,DONE
2059,3,185,FANOUT3,1,WRITE
2060,3,185,FANOUT3,2,WRITE
2061,3,185,FANOUT3,3,WRITE
2062,3,185,FANOUT3,4,DONE
2063,3,186,DUAL_COPY,1,WRITE
2064,3,186,DUAL_COPY,2,WRITE
2065,3,186,DUAL_COPY,3,DONE
2066,3,187,DUAL_COPY,1,WRITE
2067,3,187,DUAL_COPY,2,WRITE
2068,3,187,DUAL_COPY,3,DONE
2069,3,188,DUPLICATE,1,WRITE
2070,3,188,DUPLICATE,2,WRITE
2071,3,188,DUPLICATE,3,DONE
2072,3,189,CHAIN_COPY,1,WRITE
2073,3,189,CHAIN_COPY,2,WRITE
2074,3,189,CHAIN_COPY,3,WRITE
2075,3,189,CHAIN_COPY,4,DONE
2076,3,190,DUAL_COPY,1,WRITE
2077,3,190,DUAL_COPY,2,WRITE
2078,3,190,DUAL_COPY,3,DONE
2079,3,191,COPY,1,WRITE
2080,3,191,COPY,2,DONE
2081,3,192,FANOUT3,1,WRITE
2082,3,192,FANOUT3,2,WRITE
2083,3,192,FANOUT3,3,WRITE
2084,3,192,FANOUT3,4,DONE
2085,3,193,BACKUP_CLEAR,1,WRITE
2086,3,193,BACKUP_CLEAR,2,CLEAR
2087,3,193,BACKUP_CLEAR,3,DONE
2088,3,194,FANOUT3,1,WRITE
2089,3,194,FANOUT3,2,WRITE
2090,3,194,FANOUT3,3,WRITE
2091,3,194,FANOUT3,4,DONE
2092,3,195,FANOUT3,1,WRITE
2093,3,195,FANOUT3,2,WRITE
2094,3,195,FANOUT3,3,WRITE
2095,3,195,FANOUT3,4,DONE
2096,3,196,DUPLICATE,1,WRITE
2097,3,196,DUPLICATE,2,WRITE
2098,3,196,DUPLICATE,3,DONE
2099,3,197,MOVE2,1,WRITE
2100,3,197,MOVE2,2,WRITE
2101,3,197,MOVE2,3,CLEAR
2102,3,197,MOVE2,4,CLEAR
2103,3,197,MOVE2,5,DONE
2104,3,198,BACKUP_CLEAR,1,WRITE
2105,3,198,BACKUP_CLEAR,2,CLEAR
2106,3,198,BACKUP_CLEAR,3,DONE
2107,3,199,BACKUP_CLEAR,1,WRITE
2108,3,199,BACKUP_CLEAR,2,CLEAR
2109,3,199,BACKUP_CLEAR,3,DONE
