panel,task_id,kind,ambiguity,schema_regime,condition,provenance,normalization,ok,steps,first_div,planner_errors,planner_schema,syntax_errors,schema_errors,emitter_mismatch,verify_failures
2,0,BACKUP_CLEAR,single_read,seen,P1_N1,1,1,1,4,0,0,0,0,0,0,0
2,1,DUAL_COPY,multi_read,seen,P1_N1,1,1,0,14,2,0,0,0,0,0,2
2,2,ROTATE3,multi_read,seen,P1_N1,1,1,1,6,0,0,0,0,0,0,0
2,3,DUPLICATE,single_read,seen,P1_N1,1,1,1,4,0,0,0,0,0,0,0
2,4,SWAP,multi_read,seen,P1_N1,1,1,1,4,0,0,0,0,0,0,0
2,5,DUAL_COPY,multi_read,seen,P1_N1,1,1,1,4,0,0,0,0,0,0,0
2,6,MOVE2,multi_read,seen,P1_N1,1,1,0,14,5,0,0,0,0,0,2
2,7,BACKUP_CLEAR,single_read,seen,P1_N1,1,1,1,4,0,0,0,0,0,0,0
2,8,COPY,single_read,seen,P1_N1,1,1,1,3,0,0,0,0,0,0,0
2,9,MOVE2,multi_read,seen,P1_N1,1,1,1,6,0,0,0,0,0,0,0
2,10,CHAIN_COPY,single_read,seen,P1_N1,1,1,1,5,0,0,0,0,0,0,0
2,11,SWAP,multi_read,seen,P1_N1,1,1,1,4,0,0,0,0,0,0,0
2,12,DUPLICATE,single_read,seen,P1_N1,1,1,1,4,0,0,0,0,0,0,0
2,13,CHAIN_COPY,single_read,seen,P1_N1,1,1,0,14,4,0,0,0,0,0,2
2,14,ROTATE3,multi_read,seen,P1_N1,1,1,0,14,4,0,0,0,0,0,2
2,15,DUAL_COPY,multi_read,seen,P1_N1,1,1,0,14,2,0,0,0,0,0,2
2,16,MOVE2,multi_read,seen,P1_N1,1,1,1,6,0,0,0,0,0,0,0
2,17,FANOUT3,single_read,seen,P1_N1,1,1,1,5,0,0,0,0,0,0,0
2,18,DUAL_COPY,multi_read,seen,P1_N1,1,1,1,4,0,0,0,0,0,0,0
2,19,DUPLICATE,single_read,seen,P1_N1,1,1,1,4,0,0,0,0,0,0,0
2,20,BACKUP_CLEAR,single_read,seen,P1_N1,1,1,1,4,0,0,0,0,0,0,0
2,21,COPY,single_read,seen,P1_N1,1,1,1,3,0,0,0,0,0,0,0
2,22,ROTATE3,multi_read,seen,P1_N1,1,1,0,14,3,0,0,0,0,0,2
2,23,FANOUT3,single_read,seen,P1_N1,1,1,1,5,0,0,0,0,0,0,0
2,24,BACKUP_CLEAR,single_read,seen,P1_N1,1,1,1,4,0,0,0,0,0,0,0
2,25,ROTATE3,multi_read,seen,P1_N1,1,1,0,14,3,0,0,0,0,0,2
2,26,SWAP,multi_read,seen,P1_N1,1,1,1,4,0,0,0,0,0,0,0
2,27,MOVE2,multi_read,seen,P1_N1,1,1,1,6,0,0,0,0,0,0,0
2,28,FANOUT3,single_read,seen,P1_N1,1,1,1,5,0,0,0,0,0,0,0
2,29,COPY,single_read,seen,P1_N1,1,1,1,3,0,0,0,0,0,0,0
2,30,CHAIN_COPY,single_read,seen,P1_N1,1,1,1,5,0,0,0,0,0,0,0
2,31,DUPLICATE,single_read,seen,P1_N1,1,1,1,4,0,0,0,0,0,0,0
2,32,COPY,single_read,seen,P1_N1,1,1,1,3,0,0,0,0,0,0,0
2,33,DUPLICATE,single_read,seen,P1_N1,1,1,1,4,0,0,0,0,0,0,0
2,34,DUPLICATE,single_read,seen,P1_N1,1,1,1,4,0,0,0,0,0,0,0
2,35,DUPLICATE,single_read,seen,P1_N1,1,1,1,4,0,0,0,0,0,0,0
2,36,DUPLICATE,single_read,seen,P1_N1,1,1,1,4,0,0,0,0,0,0,0
2,37,COPY,single_read,seen,P1_N1,1,1,1,3,0,0,0,0,0,0,0
2,38,MOVE2,multi_read,seen,P1_N1,1,1,1,6,0,0,0,0,0,0,0
2,39,SWAP,multi_read,seen,P1_N1,1,1,1,4,0,0,0,0,0,0,0
2,40,COPY,single_read,seen,P1_N1,1,1,1,3,0,0,0,0,0,0,0
2,41,ROTATE3,multi_read,seen,P1_N1,1,1,0,14,3,0,0,0,0,0,2
2,42,FANOUT3,single_read,seen,P1_N1,1,1,1,5,0,0,0,0,0,0,0
2,43,ROTATE3,multi_read,seen,P1_N1,1,1,1,6,0,0,0,0,0,0,0
2,44,ROTATE3,multi_read,seen,P1_N1,1,1,0,14,2,0,0,0,0,0,2
2,45,DUPLICATE,single_read,seen,P1_N1,1,1,1,4,0,0,0,0,0,0,0
2,46,COPY,single_read,seen,P1_N1,1,1,1,3,0,0,0,0,0,0,0
2,47,ROTATE3,multi_read,seen,P1_N1,1,1,0,14,3,0,0,0,0,0,2
2,48,SWAP,multi_read,seen,P1_N1,1,1,0,14,2,0,0,0,0,0,2
2,49,SWAP,multi_read,seen,P1_N1,1,1,1,4,0,0,0,0,0,0,0
2,50,CHAIN_COPY,single_read,seen,P1_N1,1,1,1,5,0,0,0,0,0,0,0
2,51,FANOUT3,single_read,seen,P1_N1,1,1,1,5,0,0,0,0,0,0,0
2,52,COPY,single_read,seen,P1_N1,1,1,1,3,0,0,0,0,0,0,0
2,53,BACKUP_CLEAR,single_read,seen,P1_N1,1,1,1,4,0,0,0,0,0,0,0
2,54,CHAIN_COPY,single_read,seen,P1_N1,1,1,1,5,0,0,0,0,0,0,0
2,55,CHAIN_COPY,single_read,seen,P1_N1,1,1,0,14,2,0,0,0,0,0,2
2,56,SWAP,multi_read,seen,P1_N1,1,1,0,14,2,0,0,0,0,0,2
2,57,SWAP,multi_read,seen,P1_N1,1,1,1,4,0,0,0,0,0,0,0
2,58,DUPLICATE,single_read,seen,P1_N1,1,1,1,4,0,0,0,0,0,0,0
2,59,COPY,single_read,seen,P1_N1,1,1,1,3,0,0,0,0,0,0,0
2,60,DUPLICATE,single_read,seen,P1_N1,1,1,1,4,0,0,0,0,0,0,0
2,61,FANOUT3,single_read,seen,P1_N1,1,1,1,5,0,0,0,0,0,0,0
2,62,BACKUP_CLEAR,single_read,seen,P1_N1,1,1,1,4,0,0,0,0,0,0,0
2,63,DUPLICATE,single_read,seen,P1_N1,1,1,1,4,0,0,0,0,0,0,0
2,64,FANOUT3,single_read,seen,P1_N1,1,1,1,5,0,0,0,0,0,0,0
2,65,SWAP,multi_read,seen,P1_N1,1,1,1,4,0,0,0,0,0,0,0
2,66,MOVE2,multi_read,seen,P1_N1,1,1,1,6,0,0,0,0,0,0,0
2,67,BACKUP_CLEAR,single_read,seen,P1_N1,1,1,1,4,0,0,0,0,0,0,0
2,68,MOVE2,multi_read,seen,P1_N1,1,1,1,6,0,0,0,0,0,0,0
2,69,COPY,single_read,seen,P1_N1,1,1,1,3,0,0,0,0,0,0,0
2,70,SWAP,multi_read,seen,P1_N1,1,1,1,4,0,0,0,0,0,0,0
2,71,CHAIN_COPY,single_read,seen,P1_N1,1,1,1,5,0,0,0,0,0,0,0
2,72,CHAIN_COPY,single_read,seen,P1_N1,1,1,1,5,0,0,0,0,0,0,0
2,73,BACKUP_CLEAR,single_read,seen,P1_N1,1,1,1,4,0,0,0,0,0,0,0
2,74,FANOUT3,single_read,seen,P1_N1,1,1,1,5,0,0,0,0,0,0,0
2,75,DUPLICATE,single_read,seen,P1_N1,1,1,1,4,0,0,0,0,0,0,0
2,76,DUAL_COPY,multi_read,seen,P1_N1,1,1,1,4,0,0,0,0,0,0,0
2,77,DUPLICATE,single_read,seen,P1_N1,1,1,1,4,0,0,0,0,0,0,0
2,78,ROTATE3,multi_read,seen,P1_N1,1,1,0,14,3,0,0,0,0,0,2
2,79,DUAL_COPY,multi_read,seen,P1_N1,1,1,0,14,3,0,0,0,0,0,2
2,80,COPY,single_read,seen,P1_N1,1,1,1,3,0,0,0,0,0,0,0
2,81,BACKUP_CLEAR,single_read,seen,P1_N1,1,1,1,4,0,0,0,0,0,0,0
2,82,CHAIN_COPY,single_read,seen,P1_N1,1,1,0,14,3,0,0,0,0,0,2
2,83,DUPLICATE,single_read,seen,P1_N1,1,1,1,4,0,0,0,0,0,0,0
2,84,COPY,single_read,seen,P1_N1,1,1,1,3,0,0,0,0,0,0,0
2,85,FANOUT3,single_read,seen,P1_N1,1,1,1,5,0,0,0,0,0,0,0
2,86,SWAP,multi_read,seen,P1_N1,1,1,0,14,2,0,0,0,0,0,2
2,87,COPY,single_read,seen,P1_N1,1,1,1,3,0,0,0,0,0,0,0
2,88,ROTATE3,multi_read,seen,P1_N1,1,1,0,14,3,0,0,0,0,0,2
2,89,MOVE2,multi_read,seen,P1_N1,1,1,1,6,0,0,0,0,0,0,0
2,90,COPY,single_read,seen,P1_N1,1,1,1,3,0,0,0,0,0,0,0
2,91,BACKUP_CLEAR,single_read,seen,P1_N1,1,1,1,4,0,0,0,0,0,0,0
2,92,SWAP,multi_read,seen,P1_N1,1,1,1,4,0,0,0,0,0,0,0
2,93,CHAIN_COPY,single_read,seen,P1_N1,1,1,1,5,0,0,0,0,0,0,0
2,94,ROTATE3,multi_read,seen,P1_N1,1,1,1,6,0,0,0,0,0,0,0
2,95,FANOUT3,single_read,seen,P1_N1,1,1,1,5,0,0,0,0,0,0,0
2,96,DUPLICATE,single_read,seen,P1_N1,1,1,1,4,0,0,0,0,0,0,0
2,97,BACKUP_CLEAR,single_read,seen,P1_N1,1,1,1,4,0,0,0,0,0,0,0
2,98,DUAL_COPY,multi_read,seen,P1_N1,1,1,1,4,0,0,0,0,0,0,0
2,99,ROTATE3,multi_read,seen,P1_N1,1,1,0,14,4,0,0,0,0,0,2
2,100,SWAP,multi_read,seen,P1_N1,1,1,0,14,3,0,0,0,0,0,2
2,101,DUAL_COPY,multi_read,seen,P1_N1,1,1,0,14,3,0,0,0,0,0,2
2,102,ROTATE3,multi_read,seen,P1_N1,1,1,0,14,3,0,0,0,0,0,2
2,103,BACKUP_CLEAR,single_read,seen,P1_N1,1,1,1,4,0,0,0,0,0,0,0
2,104,MOVE2,multi_read,seen,P1_N1,1,1,1,6,0,0,0,0,0,0,0
2,105,SWAP,multi_read,seen,P1_N1,1,1,1,4,0,0,0,0,0,0,0
2,106,CHAIN_COPY,single_read,seen,P1_N1,1,1,1,5,0,0,0,0,0,0,0
2,107,CHAIN_COPY,single_read,seen,P1_N1,1,1,1,5,0,0,0,0,0,0,0
2,108,SWAP,multi_read,seen,P1_N1,1,1,0,14,2,0,0,0,0,0,2
2,109,ROTATE3,multi_read,seen,P1_N1,1,1,0,14,3,0,0,0,0,0,2
2,110,DUPLICATE,single_read,seen,P1_N1,1,1,1,4,0,0,0,0,0,0,0
2,111,FANOUT3,single_read,seen,P1_N1,1,1,1,5,0,0,0,0,0,0,0
2,112,DUPLICATE,single_read,seen,P1_N1,1,1,1,4,0,0,0,0,0,0,0
2,113,ROTATE3,multi_read,seen,P1_N1,1,1,0,14,3,0,0,0,0,0,2
2,114,SWAP,multi_read,seen,P1_N1,1,1,0,14,3,0,0,0,0,0,2
2,115,ROTATE3,multi_read,seen,P1_N1,1,1,1,6,0,0,0,0,0,0,0
2,116,ROTATE3,multi_read,seen,P1_N1,1,1,0,14,4,0,0,0,0,0,2
2,117,ROTATE3,multi_read,seen,P1_N1,1,1,0,14,4,0,0,0,0,0,2
2,118,DUAL_COPY,multi_read,seen,P1_N1,1,1,0,14,2,0,0,0,0,0,2
2,119,FANOUT3,single_read,seen,P1_N1,1,1,1,5,0,0,0,0,0,0,0
2,120,COPY,single_read,seen,P1_N1,1,1,1,3,0,0,0,0,0,0,0
2,121,DUAL_COPY,multi_read,seen,P1_N1,1,1,0,14,2,0,0,0,0,0,2
2,122,FANOUT3,single_read,seen,P1_N1,1,1,1,5,0,0,0,0,0,0,0
2,123,FANOUT3,single_read,seen,P1_N1,1,1,1,5,0,0,0,0,0,0,0
2,124,FANOUT3,single_read,seen,P1_N1,1,1,1,5,0,0,0,0,0,0,0
2,125,FANOUT3,single_read,seen,P1_N1,1,1,1,5,0,0,0,0,0,0,0
2,126,CHAIN_COPY,single_read,seen,P1_N1,1,1,1,5,0,0,0,0,0,0,0
2,127,BACKUP_CLEAR,single_read,seen,P1_N1,1,1,1,4,0,0,0,0,0,0,0
2,128,CHAIN_COPY,single_read,seen,P1_N1,1,1,1,5,0,0,0,0,0,0,0
2,129,ROTATE3,multi_read,seen,P1_N1,1,1,0,14,3,0,0,0,0,0,2
2,130,FANOUT3,single_read,seen,P1_N1,1,1,1,5,0,0,0,0,0,0,0
2,131,MOVE2,multi_read,seen,P1_N1,1,1,0,14,5,0,0,0,0,0,2
2,132,MOVE2,multi_read,seen,P1_N1,1,1,1,6,0,0,0,0,0,0,0
2,133,SWAP,multi_read,seen,P1_N1,1,1,1,4,0,0,0,0,0,0,0
2,134,BACKUP_CLEAR,single_read,seen,P1_N1,1,1,1,4,0,0,0,0,0,0,0
2,135,FANOUT3,single_read,seen,P1_N1,1,1,1,5,0,0,0,0,0,0,0
2,136,MOVE2,multi_read,seen,P1_N1,1,1,0,14,2,0,0,0,0,0,2
2,137,DUAL_COPY,multi_read,seen,P1_N1,1,1,0,14,2,0,0,0,0,0,2
2,138,SWAP,multi_read,seen,P1_N1,1,1,0,14,2,0,0,0,0,0,2
2,139,DUPLICATE,single_read,seen,P1_N1,1,1,1,4,0,0,0,0,0,0,0
2,140,FANOUT3,single_read,seen,P1_N1,1,1,1,5,0,0,0,0,0,0,0
2,141,MOVE2,multi_read,seen,P1_N1,1,1,1,6,0,0,0,0,0,0,0
2,142,MOVE2,multi_read,seen,P1_N1,1,1,1,6,0,0,0,0,0,0,0
2,143,BACKUP_CLEAR,single_read,seen,P1_N1,1,1,1,4,0,0,0,0,0,0,0
2,144,ROTATE3,multi_read,seen,P1_N1,1,1,1,6,0,0,0,0,0,0,0
2,145,SWAP,multi_read,seen,P1_N1,1,1,1,4,0,0,0,0,0,0,0
2,146,DUPLICATE,single_read,seen,P1_N1,1,1,1,4,0,0,0,0,0,0,0
2,147,DUPLICATE,single_read,seen,P1_N1,1,1,1,4,0,0,0,0,0,0,0
2,148,COPY,single_read,seen,P1_N1,1,1,1,3,0,0,0,0,0,0,0
2,149,DUPLICATE,single_read,seen,P1_N1,1,1,1,4,0,0,0,0,0,0,0
2,150,FANOUT3,single_read,seen,P1_N1,1,1,1,5,0,0,0,0,0,0,0
2,151,DUPLICATE,single_read,seen,P1_N1,1,1,1,4,0,0,0,0,0,0,0
2,152,SWAP,multi_read,seen,P1_N1,1,1,1,4,2,0,0,0,0,0,0
2,153,FANOUT3,single_read,seen,P1_N1,1,1,1,5,0,0,0,0,0,0,0
2,154,DUPLICATE,single_read,seen,P1_N1,1,1,1,4,0,0,0,0,0,0,0
2,155,DUPLICATE,single_read,seen,P1_N1,1,1,1,4,0,0,0,0,0,0,0
2,156,DUPLICATE,single_read,seen,P1_N1,1,1,1,4,0,0,0,0,0,0,0
2,157,ROTATE3,multi_read,seen,P1_N1,1,1,0,14,2,0,0,0,0,0,2
2,158,ROTATE3,multi_read,seen,P1_N1,1,1,0,14,4,0,0,0,0,0,2
2,159,CHAIN_COPY,single_read,seen,P1_N1,1,1,0,14,3,0,0,0,0,0,2
2,160,COPY,single_read,seen,P1_N1,1,1,1,3,0,0,0,0,0,0,0
2,161,DUAL_COPY,multi_read,seen,P1_N1,1,1,1,4,0,0,0,0,0,0,0
2,162,MOVE2,multi_read,seen,P1_N1,1,1,0,14,5,0,0,0,0,0,2
2,163,COPY,single_read,seen,P1_N1,1,1,1,3,0,0,0,0,0,0,0
2,164,SWAP,multi_read,seen,P1_N1,1,1,0,14,2,0,0,0,0,0,2
2,165,BACKUP_CLEAR,single_read,seen,P1_N1,1,1,1,4,0,0,0,0,0,0,0
2,166,ROTATE3,multi_read,seen,P1_N1,1,1,0,14,5,0,0,0,0,0,2
2,167,SWAP,multi_read,seen,P1_N1,1,1,1,4,0,0,0,0,0,0,0
2,168,ROTATE3,multi_read,seen,P1_N1,1,1,0,14,2,0,0,0,0,0,2
2,169,SWAP,multi_read,seen,P1_N1,1,1,0,14,2,0,0,0,0,0,2
2,170,BACKUP_CLEAR,single_read,seen,P1_N1,1,1,1,4,0,0,0,0,0,0,0
2,171,COPY,single_read,seen,P1_N1,1,1,1,3,0,0,0,0,0,0,0
2,172,DUPLICATE,single_read,seen,P1_N1,1,1,1,4,0,0,0,0,0,0,0
2,173,SWAP,multi_read,seen,P1_N1,1,1,0,14,2,0,0,0,0,0,2
2,174,MOVE2,multi_read,seen,P1_N1,1,1,1,6,0,0,0,0,0,0,0
2,175,CHAIN_COPY,single_read,seen,P1_N1,1,1,1,5,0,0,0,0,0,0,0
2,176,FANOUT3,single_read,seen,P1_N1,1,1,1,5,0,0,0,0,0,0,0
2,177,FANOUT3,single_read,seen,P1_N1,1,1,1,5,0,0,0,0,0,0,0
2,178,BACKUP_CLEAR,single_read,seen,P1_N1,1,1,1,4,0,0,0,0,0,0,0
2,179,SWAP,multi_read,seen,P1_N1,1,1,1,4,0,0,0,0,0,0,0
2,180,MOVE2,multi_read,seen,P1_N1,1,1,0,14,2,0,0,0,0,0,2
2,181,ROTATE3,multi_read,seen,P1_N1,1,1,0,14,3,0,0,0,0,0,2
2,182,ROTATE3,multi_read,seen,P1_N1,1,1,0,14,3,0,0,0,0,0,2
2,183,SWAP,multi_read,seen,P1_N1,1,1,1,4,0,0,0,0,0,0,0
2,184,SWAP,multi_read,seen,P1_N1,1,1,0,14,2,0,0,0,0,0,2
2,185,DUPLICATE,single_read,seen,P1_N1,1,1,1,4,0,0,0,0,0,0,0
2,186,COPY,single_read,seen,P1_N1,1,1,1,3,0,0,0,0,0,0,0
2,187,FANOUT3,single_read,seen,P1_N1,1,1,1,5,0,0,0,0,0,0,0
2,188,CHAIN_COPY,single_read,seen,P1_N1,1,1,1,5,2,0,0,0,0,0,0
2,189,FANOUT3,single_read,seen,P1_N1,1,1,1,5,0,0,0,0,0,0,0
2,190,COPY,single_read,seen,P1_N1,1,1,1,3,0,0,0,0,0,0,0
2,191,SWAP,multi_read,seen,P1_N1,1,1,1,4,0,0,0,0,0,0,0
2,192,ROTATE3,multi_read,seen,P1_N1,1,1,0,14,4,0,0,0,0,0,2
2,193,BACKUP_CLEAR,single_read,seen,P1_N1,1,1,1,4,0,0,0,0,0,0,0
2,194,FANOUT3,single_read,seen,P1_N1,1,1,1,5,0,0,0,0,0,0,0
2,195,SWAP,multi_read,seen,P1_N1,1,1,1,4,0,0,0,0,0,0,0
2,196,MOVE2,multi_read,seen,P1_N1,1,1,0,14,2,0,0,0,0,0,2
2,197,DUPLICATE,single_read,seen,P1_N1,1,1,1,4,0,0,0,0,0,0,0
2,198,DUPLICATE,single_read,seen,P1_N1,1,1,1,4,0,0,0,0,0,0,0
2,199,FANOUT3,single_read,seen,P1_N1,1,1,1,5,0,0,0,0,0,0,0
2,0,BACKUP_CLEAR,single_read,seen,P1_N0,1,0,1,4,0,0,0,0,0,0,0
2,1,DUAL_COPY,multi_read,seen,P1_N0,1,0,0,14,2,0,0,0,0,0,2
2,2,ROTATE3,multi_read,seen,P1_N0,1,0,1,6,0,0,0,0,0,0,0
2,3,DUPLICATE,single_read,seen,P1_N0,1,0,1,4,0,0,0,0,0,0,0
2,4,SWAP,multi_read,seen,P1_N0,1,0,0,14,2,0,0,0,0,0,2
2,5,DUAL_COPY,multi_read,seen,P1_N0,1,0,1,4,0,0,0,0,0,0,0
2,6,MOVE2,multi_read,seen,P1_N0,1,0,1,6,0,0,0,0,0,0,0
2,7,BACKUP_CLEAR,single_read,seen,P1_N0,1,0,1,4,0,0,0,0,0,0,0
2,8,COPY,single_read,seen,P1_N0,1,0,1,3,0,0,0,0,0,0,0
2,9,MOVE2,multi_read,seen,P1_N0,1,0,0,14,4,0,0,0,0,0,2
2,10,CHAIN_COPY,single_read,seen,P1_N0,1,0,1,5,0,0,0,0,0,0,0
2,11,SWAP,multi_read,seen,P1_N0,1,0,1,4,0,0,0,0,0,0,0
2,12,DUPLICATE,single_read,seen,P1_N0,1,0,1,4,0,0,0,0,0,0,0
2,13,CHAIN_COPY,single_read,seen,P1_N0,1,0,1,5,0,0,0,0,0,0,0
2,14,ROTATE3,multi_read,seen,P1_N0,1,0,0,14,3,0,0,0,0,0,2
2,15,DUAL_COPY,multi_read,seen,P1_N0,1,0,0,14,2,0,0,0,0,0,2
2,16,MOVE2,multi_read,seen,P1_N0,1,0,1,6,0,0,0,0,0,0,0
2,17,FANOUT3,single_read,seen,P1_N0,1,0,1,5,0,0,0,0,0,0,0
2,18,DUAL_COPY,multi_read,seen,P1_N0,1,0,1,4,0,0,0,0,0,0,0
2,19,DUPLICATE,single_read,seen,P1_N0,1,0,1,4,0,0,0,0,0,0,0
2,20,BACKUP_CLEAR,single_read,seen,P1_N0,1,0,1,4,0,0,0,0,0,0,0
2,21,COPY,single_read,seen,P1_N0,1,0,1,3,0,0,0,0,0,0,0
2,22,ROTATE3,multi_read,seen,P1_N0,1,0,0,14,3,0,0,0,0,0,2
2,23,FANOUT3,single_read,seen,P1_N0,1,0,1,5,0,0,0,0,0,0,0
2,24,BACKUP_CLEAR,single_read,seen,P1_N0,1,0,1,4,0,0,0,0,0,0,0
2,25,ROTATE3,multi_read,seen,P1_N0,1,0,0,14,3,0,0,0,0,0,2
2,26,SWAP,multi_read,seen,P1_N0,1,0,1,4,0,0,0,0,0,0,0
2,27,MOVE2,multi_read,seen,P1_N0,1,0,1,6,0,0,0,0,0,0,0
2,28,FANOUT3,single_read,seen,P1_N0,1,0,1,5,0,0,0,0,0,0,0
2,29,COPY,single_read,seen,P1_N0,1,0,1,3,0,0,0,0,0,0,0
2,30,CHAIN_COPY,single_read,seen,P1_N0,1,0,1,5,0,0,0,0,0,0,0
2,31,DUPLICATE,single_read,seen,P1_N0,1,0,1,4,0,0,0,0,0,0,0
2,32,COPY,single_read,seen,P1_N0,1,0,1,3,0,0,0,0,0,0,0
2,33,DUPLICATE,single_read,seen,P1_N0,1,0,1,4,0,0,0,0,0,0,0
2,34,DUPLICATE,single_read,seen,P1_N0,1,0,1,4,0,0,0,0,0,0,0
2,35,DUPLICATE,single_read,seen,P1_N0,1,0,1,4,0,0,0,0,0,0,0
2,36,DUPLICATE,single_read,seen,P1_N0,1,0,1,4,0,0,0,0,0,0,0
2,37,COPY,single_read,seen,P1_N0,1,0,1,3,0,0,0,0,0,0,0
2,38,MOVE2,multi_read,seen,P1_N0,1,0,1,6,0,0,0,0,0,0,0
2,39,SWAP,multi_read,seen,P1_N0,1,0,1,4,0,0,0,0,0,0,0
2,40,COPY,single_read,seen,P1_N0,1,0,1,3,0,0,0,0,0,0,0
2,41,ROTATE3,multi_read,seen,P1_N0,1,0,0,14,3,0,0,0,0,0,2
2,42,FANOUT3,single_read,seen,P1_N0,1,0,1,5,0,0,0,0,0,0,0
2,43,ROTATE3,multi_read,seen,P1_N0,1,0,0,14,4,0,0,0,0,0,2
2,44,ROTATE3,multi_read,seen,P1_N0,1,0,0,14,2,0,0,0,0,0,2
2,45,DUPLICATE,single_read,seen,P1_N0,1,0,1,4,0,0,0,0,0,0,0
2,46,COPY,single_read,seen,P1_N0,1,0,1,3,0,0,0,0,0,0,0
2,47,ROTATE3,multi_read,seen,P1_N0,1,0,0,14,3,0,0,0,0,0,2
2,48,SWAP,multi_read,seen,P1_N0,1,0,0,14,2,0,0,0,0,0,2
2,49,SWAP,multi_read,seen,P1_N0,1,0,1,4,0,0,0,0,0,0,0
2,50,CHAIN_COPY,single_read,seen,P1_N0,1,0,1,5,0,0,0,0,0,0,0
2,51,FANOUT3,single_read,seen,P1_N0,1,0,1,5,0,0,0,0,0,0,0
2,52,COPY,single_read,seen,P1_N0,1,0,1,3,0,0,0,0,0,0,0
2,53,BACKUP_CLEAR,single_read,seen,P1_N0,1,0,1,4,0,0,0,0,0,0,0
2,54,CHAIN_COPY,single_read,seen,P1_N0,1,0,1,5,0,0,0,0,0,0,0
2,55,CHAIN_COPY,single_read,seen,P1_N0,1,0,0,14,2,0,0,0,0,0,2
2,56,SWAP,multi_read,seen,P1_N0,1,0,0,14,2,0,0,0,0,0,2
2,57,SWAP,multi_read,seen,P1_N0,1,0,0,14,2,0,0,0,0,0,2
2,58,DUPLICATE,single_read,seen,P1_N0,1,0,1,4,0,0,0,0,0,0,0
2,59,COPY,single_read,seen,P1_N0,1,0,1,3,0,0,0,0,0,0,0
2,60,DUPLICATE,single_read,seen,P1_N0,1,0,1,4,0,0,0,0,0,0,0
2,61,FANOUT3,single_read,seen,P1_N0,1,0,1,5,0,0,0,0,0,0,0
2,62,BACKUP_CLEAR,single_read,seen,P1_N0,1,0,1,4,0,0,0,0,0,0,0
2,63,DUPLICATE,single_read,seen,P1_N0,1,0,1,4,0,0,0,0,0,0,0
2,64,FANOUT3,single_read,seen,P1_N0,1,0,1,5,0,0,0,0,0,0,0
2,65,SWAP,multi_read,seen,P1_N0,1,0,1,4,0,0,0,0,0,0,0
2,66,MOVE2,multi_read,seen,P1_N0,1,0,0,14,2,0,0,0,0,0,2
2,67,BACKUP_CLEAR,single_read,seen,P1_N0,1,0,1,4,0,0,0,0,0,0,0
2,68,MOVE2,multi_read,seen,P1_N0,1,0,1,6,0,0,0,0,0,0,0
2,69,COPY,single_read,seen,P1_N0,1,0,1,3,0,0,0,0,0,0,0
2,70,SWAP,multi_read,seen,P1_N0,1,0,1,4,0,0,0,0,0,0,0
2,71,CHAIN_COPY,single_read,seen,P1_N0,1,0,1,5,0,0,0,0,0,0,0
2,72,CHAIN_COPY,single_read,seen,P1_N0,1,0,1,5,0,0,0,0,0,0,0
2,73,BACKUP_CLEAR,single_read,seen,P1_N0,1,0,1,4,0,0,0,0,0,0,0
2,74,FANOUT3,single_read,seen,P1_N0,1,0,1,5,0,0,0,0,0,0,0
2,75,DUPLICATE,single_read,seen,P1_N0,1,0,1,4,0,0,0,0,0,0,0
2,76,DUAL_COPY,multi_read,seen,P1_N0,1,0,1,4,0,0,0,0,0,0,0
2,77,DUPLICATE,single_read,seen,P1_N0,1,0,1,4,0,0,0,0,0,0,0
2,78,ROTATE3,multi_read,seen,P1_N0,1,0,0,14,3,0,0,0,0,0,2
2,79,DUAL_COPY,multi_read,seen,P1_N0,1,0,1,4,0,0,0,0,0,0,0
2,80,COPY,single_read,seen,P1_N0,1,0,1,3,0,0,0,0,0,0,0
2,81,BACKUP_CLEAR,single_read,seen,P1_N0,1,0,1,4,0,0,0,0,0,0,0
2,82,CHAIN_COPY,single_read,seen,P1_N0,1,0,1,5,0,0,0,0,0,0,0
2,83,DUPLICATE,single_read,seen,P1_N0,1,0,1,4,0,0,0,0,0,0,0
2,84,COPY,single_read,seen,P1_N0,1,0,1,3,0,0,0,0,0,0,0
2,85,FANOUT3,single_read,seen,P1_N0,1,0,1,5,0,0,0,0,0,0,0
2,86,SWAP,multi_read,seen,P1_N0,1,0,0,14,2,0,0,0,0,0,2
2,87,COPY,single_read,seen,P1_N0,1,0,1,3,0,0,0,0,0,0,0
2,88,ROTATE3,multi_read,seen,P1_N0,1,0,0,14,3,0,0,0,0,0,2
2,89,MOVE2,multi_read,seen,P1_N0,1,0,1,6,0,0,0,0,0,0,0
2,90,COPY,single_read,seen,P1_N0,1,0,1,3,0,0,0,0,0,0,0
2,91,BACKUP_CLEAR,single_read,seen,P1_N0,1,0,1,4,0,0,0,0,0,0,0
2,92,SWAP,multi_read,seen,P1_N0,1,0,1,4,0,0,0,0,0,0,0
2,93,CHAIN_COPY,single_read,seen,P1_N0,1,0,1,5,0,0,0,0,0,0,0
2,94,ROTATE3,multi_read,seen,P1_N0,1,0,1,6,0,0,0,0,0,0,0
2,95,FANOUT3,single_read,seen,P1_N0,1,0,1,5,0,0,0,0,0,0,0
2,96,DUPLICATE,single_read,seen,P1_N0,1,0,1,4,0,0,0,0,0,0,0
2,97,BACKUP_CLEAR,single_read,seen,P1_N0,1,0,1,4,0,0,0,0,0,0,0
2,98,DUAL_COPY,multi_read,seen,P1_N0,1,0,1,4,0,0,0,0,0,0,0
2,99,ROTATE3,multi_read,seen,P1_N0,1,0,0,14,4,0,0,0,0,0,2
2,100,SWAP,multi_read,seen,P1_N0,1,0,0,14,3,0,0,0,0,0,2
2,101,DUAL_COPY,multi_read,seen,P1_N0,1,0,1,4,0,0,0,0,0,0,0
2,102,ROTATE3,multi_read,seen,P1_N0,1,0,0,14,3,0,0,0,0,0,2
2,103,BACKUP_CLEAR,single_read,seen,P1_N0,1,0,1,4,0,0,0,0,0,0,0
2,104,MOVE2,multi_read,seen,P1_N0,1,0,1,6,0,0,0,0,0,0,0
2,105,SWAP,multi_read,seen,P1_N0,1,0,0,14,2,0,0,0,0,0,2
2,106,CHAIN_COPY,single_read,seen,P1_N0,1,0,1,5,0,0,0,0,0,0,0
2,107,CHAIN_COPY,single_read,seen,P1_N0,1,0,1,5,0,0,0,0,0,0,0
2,108,SWAP,multi_read,seen,P1_N0,1,0,0,14,2,0,0,0,0,0,2
2,109,ROTATE3,multi_read,seen,P1_N0,1,0,0,14,3,0,0,0,0,0,2
2,110,DUPLICATE,single_read,seen,P1_N0,1,0,1,4,0,0,0,0,0,0,0
2,111,FANOUT3,single_read,seen,P1_N0,1,0,1,5,0,0,0,0,0,0,0
2,112,DUPLICATE,single_read,seen,P1_N0,1,0,1,4,0,0,0,0,0,0,0
2,113,ROTATE3,multi_read,seen,P1_N0,1,0,0,14,3,0,0,0,0,0,2
2,114,SWAP,multi_read,seen,P1_N0,1,0,1,4,0,0,0,0,0,0,0
2,115,ROTATE3,multi_read,seen,P1_N0,1,0,0,14,3,0,0,0,0,0,2
2,116,ROTATE3,multi_read,seen,P1_N0,1,0,0,14,4,0,0,0,0,0,2
2,117,ROTATE3,multi_read,seen,P1_N0,1,0,0,14,4,0,0,0,0,0,2
2,118,DUAL_COPY,multi_read,seen,P1_N0,1,0,1,4,0,0,0,0,0,0,0
2,119,FANOUT3,single_read,seen,P1_N0,1,0,1,5,0,0,0,0,0,0,0
2,120,COPY,single_read,seen,P1_N0,1,0,1,3,0,0,0,0,0,0,0
2,121,DUAL_COPY,multi_read,seen,P1_N0,1,0,0,14,2,0,0,0,0,0,2
2,122,FANOUT3,single_read,seen,P1_N0,1,0,1,5,0,0,0,0,0,0,0
2,123,FANOUT3,single_read,seen,P1_N0,1,0,1,5,0,0,0,0,0,0,0
2,124,FANOUT3,single_read,seen,P1_N0,1,0,1,5,0,0,0,0,0,0,0
2,125,FANOUT3,single_read,seen,P1_N0,1,0,1,5,0,0,0,0,0,0,0
2,126,CHAIN_COPY,single_read,seen,P1_N0,1,0,1,5,0,0,0,0,0,0,0
2,127,BACKUP_CLEAR,single_read,seen,P1_N0,1,0,1,4,0,0,0,0,0,0,0
2,128,CHAIN_COPY,single_read,seen,P1_N0,1,0,1,5,0,0,0,0,0,0,0
2,129,ROTATE3,multi_read,seen,P1_N0,1,0,0,14,3,0,0,0,0,0,2
2,130,FANOUT3,single_read,seen,P1_N0,1,0,1,5,0,0,0,0,0,0,0
2,131,MOVE2,multi_read,seen,P1_N0,1,0,0,14,5,0,0,0,0,0,2
2,132,MOVE2,multi_read,seen,P1_N0,1,0,1,6,0,0,0,0,0,0,0
2,133,SWAP,multi_read,seen,P1_N0,1,0,0,14,2,0,0,0,0,0,2
2,134,BACKUP_CLEAR,single_read,seen,P1_N0,1,0,1,4,0,0,0,0,0,0,0
2,135,FANOUT3,single_read,seen,P1_N0,1,0,1,5,0,0,0,0,0,0,0
2,136,MOVE2,multi_read,seen,P1_N0,1,0,0,14,2,0,0,0,0,0,2
2,137,DUAL_COPY,multi_read,seen,P1_N0,1,0,0,14,2,0,0,0,0,0,2
2,138,SWAP,multi_read,seen,P1_N0,1,0,0,14,2,0,0,0,0,0,2
2,139,DUPLICATE,single_read,seen,P1_N0,1,0,1,4,0,0,0,0,0,0,0
2,140,FANOUT3,single_read,seen,P1_N0,1,0,1,5,0,0,0,0,0,0,0
2,141,MOVE2,multi_read,seen,P1_N0,1,0,0,14,4,0,0,0,0,0,2
2,142,MOVE2,multi_read,seen,P1_N0,1,0,1,6,0,0,0,0,0,0,0
2,143,BACKUP_CLEAR,single_read,seen,P1_N0,1,0,1,4,0,0,0,0,0,0,0
2,144,ROTATE3,multi_read,seen,P1_N0,1,0,0,14,2,0,0,0,0,0,2
2,145,SWAP,multi_read,seen,P1_N0,1,0,1,4,2,0,0,0,0,0,0
2,146,DUPLICATE,single_read,seen,P1_N0,1,0,1,4,0,0,0,0,0,0,0
2,147,DUPLICATE,single_read,seen,P1_N0,1,0,1,4,0,0,0,0,0,0,0
2,148,COPY,single_read,seen,P1_N0,1,0,1,3,0,0,0,0,0,0,0
2,149,DUPLICATE,single_read,seen,P1_N0,1,0,1,4,0,0,0,0,0,0,0
2,150,FANOUT3,single_read,seen,P1_N0,1,0,1,5,0,0,0,0,0,0,0
2,151,DUPLICATE,single_read,seen,P1_N0,1,0,1,4,0,0,0,0,0,0,0
2,152,SWAP,multi_read,seen,P1_N0,1,0,1,4,0,0,0,0,0,0,0
2,153,FANOUT3,single_read,seen,P1_N0,1,0,1,5,0,0,0,0,0,0,0
2,154,DUPLICATE,single_read,seen,P1_N0,1,0,1,4,0,0,0,0,0,0,0
2,155,DUPLICATE,single_read,seen,P1_N0,1,0,1,4,0,0,0,0,0,0,0
2,156,DUPLICATE,single_read,seen,P1_N0,1,0,1,4,0,0,0,0,0,0,0
2,157,ROTATE3,multi_read,seen,P1_N0,1,0,0,14,2,0,0,0,0,0,2
2,158,ROTATE3,multi_read,seen,P1_N0,1,0,0,14,2,0,0,0,0,0,2
2,159,CHAIN_COPY,single_read,seen,P1_N0,1,0,1,5,0,0,0,0,0,0,0
2,160,COPY,single_read,seen,P1_N0,1,0,1,3,0,0,0,0,0,0,0
2,161,DUAL_COPY,multi_read,seen,P1_N0,1,0,1,4,0,0,0,0,0,0,0
2,162,MOVE2,multi_read,seen,P1_N0,1,0,0,14,2,0,0,0,0,0,2
2,163,COPY,single_read,seen,P1_N0,1,0,1,3,0,0,0,0,0,0,0
2,164,SWAP,multi_read,seen,P1_N0,1,0,0,14,2,0,0,0,0,0,2
2,165,BACKUP_CLEAR,single_read,seen,P1_N0,1,0,1,4,0,0,0,0,0,0,0
2,166,ROTATE3,multi_read,seen,P1_N0,1,0,0,14,2,0,0,0,0,0,2
2,167,SWAP,multi_read,seen,P1_N0,1,0,1,4,0,0,0,0,0,0,0
2,168,ROTATE3,multi_read,seen,P1_N0,1,0,0,14,2,0,0,0,0,0,2
2,169,SWAP,multi_read,seen,P1_N0,1,0,0,14,2,0,0,0,0,0,2
2,170,BACKUP_CLEAR,single_read,seen,P1_N0,1,0,1,4,0,0,0,0,0,0,0
2,171,COPY,single_read,seen,P1_N0,1,0,1,3,0,0,0,0,0,0,0
2,172,DUPLICATE,single_read,seen,P1_N0,1,0,1,4,0,0,0,0,0,0,0
2,173,SWAP,multi_read,seen,P1_N0,1,0,0,14,2,0,0,0,0,0,2
2,174,MOVE2,multi_read,seen,P1_N0,1,0,1,6,0,0,0,0,0,0,0
2,175,CHAIN_COPY,single_read,seen,P1_N0,1,0,1,5,0,0,0,0,0,0,0
2,176,FANOUT3,single_read,seen,P1_N0,1,0,1,5,0,0,0,0,0,0,0
2,177,FANOUT3,single_read,seen,P1_N0,1,0,1,5,0,0,0,0,0,0,0
2,178,BACKUP_CLEAR,single_read,seen,P1_N0,1,0,1,4,0,0,0,0,0,0,0
2,179,SWAP,multi_read,seen,P1_N0,1,0,1,4,0,0,0,0,0,0,0
2,180,MOVE2,multi_read,seen,P1_N0,1,0,0,14,2,0,0,0,0,0,2
2,181,ROTATE3,multi_read,seen,P1_N0,1,0,0,14,3,0,0,0,0,0,2
2,182,ROTATE3,multi_read,seen,P1_N0,1,0,0,14,3,0,0,0,0,0,2
2,183,SWAP,multi_read,seen,P1_N0,1,0,1,4,0,0,0,0,0,0,0
2,184,SWAP,multi_read,seen,P1_N0,1,0,0,14,2,0,0,0,0,0,2
2,185,DUPLICATE,single_read,seen,P1_N0,1,0,1,4,0,0,0,0,0,0,0
2,186,COPY,single_read,seen,P1_N0,1,0,1,3,0,0,0,0,0,0,0
2,187,FANOUT3,single_read,seen,P1_N0,1,0,1,5,0,0,0,0,0,0,0
2,188,CHAIN_COPY,single_read,seen,P1_N0,1,0,1,5,2,0,0,0,0,0,0
2,189,FANOUT3,single_read,seen,P1_N0,1,0,1,5,0,0,0,0,0,0,0
2,190,COPY,single_read,seen,P1_N0,1,0,1,3,0,0,0,0,0,0,0
2,191,SWAP,multi_read,seen,P1_N0,1,0,1,4,0,0,0,0,0,0,0
2,192,ROTATE3,multi_read,seen,P1_N0,1,0,0,14,4,0,0,0,0,0,2
2,193,BACKUP_CLEAR,single_read,seen,P1_N0,1,0,1,4,0,0,0,0,0,0,0
2,194,FANOUT3,single_read,seen,P1_N0,1,0,1,5,0,0,0,0,0,0,0
2,195,SWAP,multi_read,seen,P1_N0,1,0,1,4,0,0,0,0,0,0,0
2,196,MOVE2,multi_read,seen,P1_N0,1,0,0,14,2,0,0,0,0,0,2
2,197,DUPLICATE,single_read,seen,P1_N0,1,0,1,4,0,0,0,0,0,0,0
2,198,DUPLICATE,single_read,seen,P1_N0,1,0,1,4,0,0,0,0,0,0,0
2,199,FANOUT3,single_read,seen,P1_N0,1,0,1,5,0,0,0,0,0,0,0
2,0,BACKUP_CLEAR,single_read,seen,P0_N1,0,1,1,4,0,0,0,0,0,0,0
2,1,DUAL_COPY,multi_read,seen,P0_N1,0,1,0,14,2,0,0,0,0,0,2
2,2,ROTATE3,multi_read,seen,P0_N1,0,1,1,6,0,0,0,0,0,0,0
2,3,DUPLICATE,single_read,seen,P0_N1,0,1,1,4,0,0,0,0,0,0,0
2,4,SWAP,multi_read,seen,P0_N1,0,1,0,14,2,0,0,0,0,0,2
2,5,DUAL_COPY,multi_read,seen,P0_N1,0,1,0,14,2,0,0,0,0,0,2
2,6,MOVE2,multi_read,seen,P0_N1,0,1,0,14,5,0,0,0,0,0,2
2,7,BACKUP_CLEAR,single_read,seen,P0_N1,0,1,1,4,0,0,0,0,0,0,0
2,8,COPY,single_read,seen,P0_N1,0,1,1,3,0,0,0,0,0,0,0
2,9,MOVE2,multi_read,seen,P0_N1,0,1,1,6,0,0,0,0,0,0,0
2,10,CHAIN_COPY,single_read,seen,P0_N1,0,1,1,5,2,0,0,0,0,0,0
2,11,SWAP,multi_read,seen,P0_N1,0,1,1,4,0,0,0,0,0,0,0
2,12,DUPLICATE,single_read,seen,P0_N1,0,1,1,4,0,0,0,0,0,0,0
2,13,CHAIN_COPY,single_read,seen,P0_N1,0,1,0,14,4,0,0,0,0,0,2
2,14,ROTATE3,multi_read,seen,P0_N1,0,1,0,14,3,0,0,0,0,0,2
2,15,DUAL_COPY,multi_read,seen,P0_N1,0,1,0,14,2,0,0,0,0,0,2
2,16,MOVE2,multi_read,seen,P0_N1,0,1,1,6,0,0,0,0,0,0,0
2,17,FANOUT3,single_read,seen,P0_N1,0,1,1,5,0,0,0,0,0,0,0
2,18,DUAL_COPY,multi_read,seen,P0_N1,0,1,1,4,0,0,0,0,0,0,0
2,19,DUPLICATE,single_read,seen,P0_N1,0,1,1,4,0,0,0,0,0,0,0
2,20,BACKUP_CLEAR,single_read,seen,P0_N1,0,1,1,4,0,0,0,0,0,0,0
2,21,COPY,single_read,seen,P0_N1,0,1,1,3,0,0,0,0,0,0,0
2,22,ROTATE3,multi_read,seen,P0_N1,0,1,0,14,3,0,0,0,0,0,2
2,23,FANOUT3,single_read,seen,P0_N1,0,1,1,5,0,0,0,0,0,0,0
2,24,BACKUP_CLEAR,single_read,seen,P0_N1,0,1,1,4,0,0,0,0,0,0,0
2,25,ROTATE3,multi_read,seen,P0_N1,0,1,1,6,0,0,0,0,0,0,0
2,26,SWAP,multi_read,seen,P0_N1,0,1,0,14,2,0,0,0,0,0,2
2,27,MOVE2,multi_read,seen,P0_N1,0,1,0,14,2,0,0,0,0,0,2
2,28,FANOUT3,single_read,seen,P0_N1,0,1,1,5,0,0,0,0,0,0,0
2,29,COPY,single_read,seen,P0_N1,0,1,1,3,0,0,0,0,0,0,0
2,30,CHAIN_COPY,single_read,seen,P0_N1,0,1,1,5,0,0,0,0,0,0,0
2,31,DUPLICATE,single_read,seen,P0_N1,0,1,1,4,0,0,0,0,0,0,0
2,32,COPY,single_read,seen,P0_N1,0,1,1,3,0,0,0,0,0,0,0
2,33,DUPLICATE,single_read,seen,P0_N1,0,1,1,4,0,0,0,0,0,0,0
2,34,DUPLICATE,single_read,seen,P0_N1,0,1,1,4,0,0,0,0,0,0,0
2,35,DUPLICATE,single_read,seen,P0_N1,0,1,1,4,0,0,0,0,0,0,0
2,36,DUPLICATE,single_read,seen,P0_N1,0,1,1,4,0,0,0,0,0,0,0
2,37,COPY,single_read,seen,P0_N1,0,1,1,3,0,0,0,0,0,0,0
2,38,MOVE2,multi_read,seen,P0_N1,0,1,0,14,2,0,0,0,0,0,2
2,39,SWAP,multi_read,seen,P0_N1,0,1,1,4,0,0,0,0,0,0,0
2,40,COPY,single_read,seen,P0_N1,0,1,1,3,0,0,0,0,0,0,0
2,41,ROTATE3,multi_read,seen,P0_N1,0,1,0,14,3,0,0,0,0,0,2
2,42,FANOUT3,single_read,seen,P0_N1,0,1,1,5,0,0,0,0,0,0,0
2,43,ROTATE3,multi_read,seen,P0_N1,0,1,0,14,4,0,0,0,0,0,2
2,44,ROTATE3,multi_read,seen,P0_N1,0,1,1,6,0,0,0,0,0,0,0
2,45,DUPLICATE,single_read,seen,P0_N1,0,1,1,4,0,0,0,0,0,0,0
2,46,COPY,single_read,seen,P0_N1,0,1,1,3,0,0,0,0,0,0,0
2,47,ROTATE3,multi_read,seen,P0_N1,0,1,0,14,3,0,0,0,0,0,2
2,48,SWAP,multi_read,seen,P0_N1,0,1,0,14,2,0,0,0,0,0,2
2,49,SWAP,multi_read,seen,P0_N1,0,1,0,14,2,0,0,0,0,0,2
2,50,CHAIN_COPY,single_read,seen,P0_N1,0,1,1,5,0,0,0,0,0,0,0
2,51,FANOUT3,single_read,seen,P0_N1,0,1,1,5,0,0,0,0,0,0,0
2,52,COPY,single_read,seen,P0_N1,0,1,1,3,0,0,0,0,0,0,0
2,53,BACKUP_CLEAR,single_read,seen,P0_N1,0,1,1,4,0,0,0,0,0,0,0
2,54,CHAIN_COPY,single_read,seen,P0_N1,0,1,1,5,0,0,0,0,0,0,0
2,55,CHAIN_COPY,single_read,seen,P0_N1,0,1,0,14,2,0,0,0,0,0,2
2,56,SWAP,multi_read,seen,P0_N1,0,1,0,14,2,0,0,0,0,0,2
2,57,SWAP,multi_read,seen,P0_N1,0,1,0,14,2,0,0,0,0,0,2
2,58,DUPLICATE,single_read,seen,P0_N1,0,1,1,4,0,0,0,0,0,0,0
2,59,COPY,single_read,seen,P0_N1,0,1,1,3,0,0,0,0,0,0,0
2,60,DUPLICATE,single_read,seen,P0_N1,0,1,1,4,0,0,0,0,0,0,0
2,61,FANOUT3,single_read,seen,P0_N1,0,1,1,5,0,0,0,0,0,0,0
2,62,BACKUP_CLEAR,single_read,seen,P0_N1,0,1,1,4,0,0,0,0,0,0,0
2,63,DUPLICATE,single_read,seen,P0_N1,0,1,1,4,0,0,0,0,0,0,0
2,64,FANOUT3,single_read,seen,P0_N1,0,1,1,5,0,0,0,0,0,0,0
2,65,SWAP,multi_read,seen,P0_N1,0,1,1,4,0,0,0,0,0,0,0
2,66,MOVE2,multi_read,seen,P0_N1,0,1,1,6,0,0,0,0,0,0,0
2,67,BACKUP_CLEAR,single_read,seen,P0_N1,0,1,1,4,0,0,0,0,0,0,0
2,68,MOVE2,multi_read,seen,P0_N1,0,1,0,14,2,0,0,0,0,0,2
2,69,COPY,single_read,seen,P0_N1,0,1,1,3,0,0,0,0,0,0,0
2,70,SWAP,multi_read,seen,P0_N1,0,1,0,14,2,0,0,0,0,0,2
2,71,CHAIN_COPY,single_read,seen,P0_N1,0,1,1,5,0,0,0,0,0,0,0
2,72,CHAIN_COPY,single_read,seen,P0_N1,0,1,1,5,0,0,0,0,0,0,0
2,73,BACKUP_CLEAR,single_read,seen,P0_N1,0,1,1,4,0,0,0,0,0,0,0
2,74,FANOUT3,single_read,seen,P0_N1,0,1,1,5,0,0,0,0,0,0,0
2,75,DUPLICATE,single_read,seen,P0_N1,0,1,1,4,0,0,0,0,0,0,0
2,76,DUAL_COPY,multi_read,seen,P0_N1,0,1,1,4,0,0,0,0,0,0,0
2,77,DUPLICATE,single_read,seen,P0_N1,0,1,1,4,0,0,0,0,0,0,0
2,78,ROTATE3,multi_read,seen,P0_N1,0,1,0,14,3,0,0,0,0,0,2
2,79,DUAL_COPY,multi_read,seen,P0_N1,0,1,1,4,0,0,0,0,0,0,0
2,80,COPY,single_read,seen,P0_N1,0,1,1,3,0,0,0,0,0,0,0
2,81,BACKUP_CLEAR,single_read,seen,P0_N1,0,1,1,4,0,0,0,0,0,0,0
2,82,CHAIN_COPY,single_read,seen,P0_N1,0,1,1,5,0,0,0,0,0,0,0
2,83,DUPLICATE,single_read,seen,P0_N1,0,1,1,4,0,0,0,0,0,0,0
2,84,COPY,single_read,seen,P0_N1,0,1,1,3,0,0,0,0,0,0,0
2,85,FANOUT3,single_read,seen,P0_N1,0,1,1,5,0,0,0,0,0,0,0
2,86,SWAP,multi_read,seen,P0_N1,0,1,1,4,0,0,0,0,0,0,0
2,87,COPY,single_read,seen,P0_N1,0,1,1,3,0,0,0,0,0,0,0
2,88,ROTATE3,multi_read,seen,P0_N1,0,1,0,14,3,0,0,0,0,0,2
2,89,MOVE2,multi_read,seen,P0_N1,0,1,0,14,2,0,0,0,0,0,2
2,90,COPY,single_read,seen,P0_N1,0,1,1,3,0,0,0,0,0,0,0
2,91,BACKUP_CLEAR,single_read,seen,P0_N1,0,1,1,4,0,0,0,0,0,0,0
2,92,SWAP,multi_read,seen,P0_N1,0,1,1,4,0,0,0,0,0,0,0
2,93,CHAIN_COPY,single_read,seen,P0_N1,0,1,1,5,0,0,0,0,0,0,0
2,94,ROTATE3,multi_read,seen,P0_N1,0,1,1,6,0,0,0,0,0,0,0
2,95,FANOUT3,single_read,seen,P0_N1,0,1,0,14,4,0,0,0,0,0,2
2,96,DUPLICATE,single_read,seen,P0_N1,0,1,1,4,0,0,0,0,0,0,0
2,97,BACKUP_CLEAR,single_read,seen,P0_N1,0,1,1,4,0,0,0,0,0,0,0
2,98,DUAL_COPY,multi_read,seen,P0_N1,0,1,0,14,2,0,0,0,0,0,2
2,99,ROTATE3,multi_read,seen,P0_N1,0,1,0,14,4,0,0,0,0,0,2
2,100,SWAP,multi_read,seen,P0_N1,0,1,1,4,0,0,0,0,0,0,0
2,101,DUAL_COPY,multi_read,seen,P0_N1,0,1,1,4,0,0,0,0,0,0,0
2,102,ROTATE3,multi_read,seen,P0_N1,0,1,0,14,3,0,0,0,0,0,2
2,103,BACKUP_CLEAR,single_read,seen,P0_N1,0,1,1,4,0,0,0,0,0,0,0
2,104,MOVE2,multi_read,seen,P0_N1,0,1,0,14,2,0,0,0,0,0,2
2,105,SWAP,multi_read,seen,P0_N1,0,1,0,14,2,0,0,0,0,0,2
2,106,CHAIN_COPY,single_read,seen,P0_N1,0,1,1,5,0,0,0,0,0,0,0
2,107,CHAIN_COPY,single_read,seen,P0_N1,0,1,1,5,0,0,0,0,0,0,0
2,108,SWAP,multi_read,seen,P0_N1,0,1,0,14,2,0,0,0,0,0,2
2,109,ROTATE3,multi_read,seen,P0_N1,0,1,0,14,3,0,0,0,0,0,2
2,110,DUPLICATE,single_read,seen,P0_N1,0,1,1,4,0,0,0,0,0,0,0
2,111,FANOUT3,single_read,seen,P0_N1,0,1,1,5,0,0,0,0,0,0,0
2,112,DUPLICATE,single_read,seen,P0_N1,0,1,1,4,0,0,0,0,0,0,0
2,113,ROTATE3,multi_read,seen,P0_N1,0,1,0,14,3,0,0,0,0,0,2
2,114,SWAP,multi_read,seen,P0_N1,0,1,0,14,3,0,0,0,0,0,2
2,115,ROTATE3,multi_read,seen,P0_N1,0,1,0,14,3,0,0,0,0,0,2
2,116,ROTATE3,multi_read,seen,P0_N1,0,1,0,14,4,0,0,0,0,0,2
2,117,ROTATE3,multi_read,seen,P0_N1,0,1,1,6,0,0,0,0,0,0,0
2,118,DUAL_COPY,multi_read,seen,P0_N1,0,1,0,14,2,0,0,0,0,0,2
2,119,FANOUT3,single_read,seen,P0_N1,0,1,1,5,0,0,0,0,0,0,0
2,120,COPY,single_read,seen,P0_N1,0,1,1,3,0,0,0,0,0,0,0
2,121,DUAL_COPY,multi_read,seen,P0_N1,0,1,0,14,2,0,0,0,0,0,2
2,122,FANOUT3,single_read,seen,P0_N1,0,1,1,5,0,0,0,0,0,0,0
2,123,FANOUT3,single_read,seen,P0_N1,0,1,1,5,0,0,0,0,0,0,0
2,124,FANOUT3,single_read,seen,P0_N1,0,1,1,5,0,0,0,0,0,0,0
2,125,FANOUT3,single_read,seen,P0_N1,0,1,1,5,0,0,0,0,0,0,0
2,126,CHAIN_COPY,single_read,seen,P0_N1,0,1,1,5,0,0,0,0,0,0,0
2,127,BACKUP_CLEAR,single_read,seen,P0_N1,0,1,1,4,0,0,0,0,0,0,0
2,128,CHAIN_COPY,single_read,seen,P0_N1,0,1,1,5,0,0,0,0,0,0,0
2,129,ROTATE3,multi_read,seen,P0_N1,0,1,0,14,3,0,0,0,0,0,2
2,130,FANOUT3,single_read,seen,P0_N1,0,1,1,5,0,0,0,0,0,0,0
2,131,MOVE2,multi_read,seen,P0_N1,0,1,0,14,5,0,0,0,0,0,2
2,132,MOVE2,multi_read,seen,P0_N1,0,1,1,6,0,0,0,0,0,0,0
2,133,SWAP,multi_read,seen,P0_N1,0,1,1,4,0,0,0,0,0,0,0
2,134,BACKUP_CLEAR,single_read,seen,P0_N1,0,1,1,4,0,0,0,0,0,0,0
2,135,FANOUT3,single_read,seen,P0_N1,0,1,1,5,0,0,0,0,0,0,0
2,136,MOVE2,multi_read,seen,P0_N1,0,1,0,14,2,0,0,0,0,0,2
2,137,DUAL_COPY,multi_read,seen,P0_N1,0,1,0,14,2,0,0,0,0,0,2
2,138,SWAP,multi_read,seen,P0_N1,0,1,0,14,2,0,0,0,0,0,2
2,139,DUPLICATE,single_read,seen,P0_N1,0,1,1,4,0,0,0,0,0,0,0
2,140,FANOUT3,single_read,seen,P0_N1,0,1,1,5,0,0,0,0,0,0,0
2,141,MOVE2,multi_read,seen,P0_N1,0,1,0,14,2,0,0,0,0,0,2
2,142,MOVE2,multi_read,seen,P0_N1,0,1,1,6,0,0,0,0,0,0,0
2,143,BACKUP_CLEAR,single_read,seen,P0_N1,0,1,1,4,0,0,0,0,0,0,0
2,144,ROTATE3,multi_read,seen,P0_N1,0,1,1,6,0,0,0,0,0,0,0
2,145,SWAP,multi_read,seen,P0_N1,0,1,1,4,0,0,0,0,0,0,0
2,146,DUPLICATE,single_read,seen,P0_N1,0,1,1,4,0,0,0,0,0,0,0
2,147,DUPLICATE,single_read,seen,P0_N1,0,1,1,4,0,0,0,0,0,0,0
2,148,COPY,single_read,seen,P0_N1,0,1,1,3,0,0,0,0,0,0,0
2,149,DUPLICATE,single_read,seen,P0_N1,0,1,1,4,0,0,0,0,0,0,0
2,150,FANOUT3,single_read,seen,P0_N1,0,1,1,5,0,0,0,0,0,0,0
2,151,DUPLICATE,single_read,seen,P0_N1,0,1,1,4,0,0,0,0,0,0,0
2,152,SWAP,multi_read,seen,P0_N1,0,1,1,4,0,0,0,0,0,0,0
2,153,FANOUT3,single_read,seen,P0_N1,0,1,1,5,0,0,0,0,0,0,0
2,154,DUPLICATE,single_read,seen,P0_N1,0,1,1,4,0,0,0,0,0,0,0
2,155,DUPLICATE,single_read,seen,P0_N1,0,1,1,4,0,0,0,0,0,0,0
2,156,DUPLICATE,single_read,seen,P0_N1,0,1,1,4,0,0,0,0,0,0,0
2,157,ROTATE3,multi_read,seen,P0_N1,0,1,0,14,3,0,0,0,0,0,2
2,158,ROTATE3,multi_read,seen,P0_N1,0,1,0,14,2,0,0,0,0,0,2
2,159,CHAIN_COPY,single_read,seen,P0_N1,0,1,0,14,3,0,0,0,0,0,2
2,160,COPY,single_read,seen,P0_N1,0,1,1,3,0,0,0,0,0,0,0
2,161,DUAL_COPY,multi_read,seen,P0_N1,0,1,0,14,2,0,0,0,0,0,2
2,162,MOVE2,multi_read,seen,P0_N1,0,1,0,14,2,0,0,0,0,0,2
2,163,COPY,single_read,seen,P0_N1,0,1,1,3,0,0,0,0,0,0,0
2,164,SWAP,multi_read,seen,P0_N1,0,1,0,14,2,0,0,0,0,0,2
2,165,BACKUP_CLEAR,single_read,seen,P0_N1,0,1,1,4,0,0,0,0,0,0,0
2,166,ROTATE3,multi_read,seen,P0_N1,0,1,0,14,3,0,0,0,0,0,2
2,167,SWAP,multi_read,seen,P0_N1,0,1,1,4,0,0,0,0,0,0,0
2,168,ROTATE3,multi_read,seen,P0_N1,0,1,0,14,2,0,0,0,0,0,2
2,169,SWAP,multi_read,seen,P0_N1,0,1,1,4,0,0,0,0,0,0,0
2,170,BACKUP_CLEAR,single_read,seen,P0_N1,0,1,1,4,0,0,0,0,0,0,0
2,171,COPY,single_read,seen,P0_N1,0,1,1,3,0,0,0,0,0,0,0
2,172,DUPLICATE,single_read,seen,P0_N1,0,1,1,4,0,0,0,0,0,0,0
2,173,SWAP,multi_read,seen,P0_N1,0,1,0,14,2,0,0,0,0,0,2
2,174,MOVE2,multi_read,seen,P0_N1,0,1,1,6,0,0,0,0,0,0,0
2,175,CHAIN_COPY,single_read,seen,P0_N1,0,1,1,5,0,0,0,0,0,0,0
2,176,FANOUT3,single_read,seen,P0_N1,0,1,1,5,0,0,0,0,0,0,0
2,177,FANOUT3,single_read,seen,P0_N1,0,1,1,5,0,0,0,0,0,0,0
2,178,BACKUP_CLEAR,single_read,seen,P0_N1,0,1,1,4,0,0,0,0,0,0,0
2,179,SWAP,multi_read,seen,P0_N1,0,1,1,4,0,0,0,0,0,0,0
2,180,MOVE2,multi_read,seen,P0_N1,0,1,0,14,2,0,0,0,0,0,2
2,181,ROTATE3,multi_read,seen,P0_N1,0,1,0,14,3,0,0,0,0,0,2
2,182,ROTATE3,multi_read,seen,P0_N1,0,1,0,14,3,0,0,0,0,0,2
2,183,SWAP,multi_read,seen,P0_N1,0,1,1,4,0,0,0,0,0,0,0
2,184,SWAP,multi_read,seen,P0_N1,0,1,0,14,2,0,0,0,0,0,2
2,185,DUPLICATE,single_read,seen,P0_N1,0,1,1,4,0,0,0,0,0,0,0
2,186,COPY,single_read,seen,P0_N1,0,1,1,3,0,0,0,0,0,0,0
2,187,FANOUT3,single_read,seen,P0_N1,0,1,1,5,0,0,0,0,0,0,0
2,188,CHAIN_COPY,single_read,seen,P0_N1,0,1,1,5,2,0,0,0,0,0,0
2,189,FANOUT3,single_read,seen,P0_N1,0,1,1,5,0,0,0,0,0,0,0
2,190,COPY,single_read,seen,P0_N1,0,1,1,3,0,0,0,0,0,0,0
2,191,SWAP,multi_read,seen,P0_N1,0,1,0,14,2,0,0,0,0,0,2
2,192,ROTATE3,multi_read,seen,P0_N1,0,1,0,14,4,0,0,0,0,0,2
2,193,BACKUP_CLEAR,single_read,seen,P0_N1,0,1,1,4,0,0,0,0,0,0,0
2,194,FANOUT3,single_read,seen,P0_N1,0,1,1,5,0,0,0,0,0,0,0
2,195,SWAP,multi_read,seen,P0_N1,0,1,1,4,0,0,0,0,0,0,0
2,196,MOVE2,multi_read,seen,P0_N1,0,1,0,14,2,0,0,0,0,0,2
2,197,DUPLICATE,single_read,seen,P0_N1,0,1,1,4,0,0,0,0,0,0,0
2,198,DUPLICATE,single_read,seen,P0_N1,0,1,1,4,0,0,0,0,0,0,0
2,199,FANOUT3,single_read,seen,P0_N1,0,1,1,5,0,0,0,0,0,0,0
2,0,BACKUP_CLEAR,single_read,seen,P0_N0,0,0,1,4,0,0,0,0,0,0,0
2,1,DUAL_COPY,multi_read,seen,P0_N0,0,0,0,14,2,0,0,0,0,0,2
2,2,ROTATE3,multi_read,seen,P0_N0,0,0,1,6,0,0,0,0,0,0,0
2,3,DUPLICATE,single_read,seen,P0_N0,0,0,1,4,0,0,0,0,0,0,0
2,4,SWAP,multi_read,seen,P0_N0,0,0,0,14,2,0,0,0,0,0,2
2,5,DUAL_COPY,multi_read,seen,P0_N0,0,0,0,14,2,0,0,0,0,0,2
2,6,MOVE2,multi_read,seen,P0_N0,0,0,0,14,5,0,0,0,0,0,2
2,7,BACKUP_CLEAR,single_read,seen,P0_N0,0,0,1,4,0,0,0,0,0,0,0
2,8,COPY,single_read,seen,P0_N0,0,0,1,3,0,0,0,0,0,0,0
2,9,MOVE2,multi_read,seen,P0_N0,0,0,1,6,0,0,0,0,0,0,0
2,10,CHAIN_COPY,single_read,seen,P0_N0,0,0,1,5,0,0,0,0,0,0,0
2,11,SWAP,multi_read,seen,P0_N0,0,0,1,4,0,0,0,0,0,0,0
2,12,DUPLICATE,single_read,seen,P0_N0,0,0,1,4,0,0,0,0,0,0,0
2,13,CHAIN_COPY,single_read,seen,P0_N0,0,0,1,5,0,0,0,0,0,0,0
2,14,ROTATE3,multi_read,seen,P0_N0,0,0,0,14,3,0,0,0,0,0,2
2,15,DUAL_COPY,multi_read,seen,P0_N0,0,0,0,14,2,0,0,0,0,0,2
2,16,MOVE2,multi_read,seen,P0_N0,0,0,1,6,0,0,0,0,0,0,0
2,17,FANOUT3,single_read,seen,P0_N0,0,0,1,5,0,0,0,0,0,0,0
2,18,DUAL_COPY,multi_read,seen,P0_N0,0,0,1,4,0,0,0,0,0,0,0
2,19,DUPLICATE,single_read,seen,P0_N0,0,0,1,4,0,0,0,0,0,0,0
2,20,BACKUP_CLEAR,single_read,seen,P0_N0,0,0,1,4,0,0,0,0,0,0,0
2,21,COPY,single_read,seen,P0_N0,0,0,1,3,0,0,0,0,0,0,0
2,22,ROTATE3,multi_read,seen,P0_N0,0,0,0,14,3,0,0,0,0,0,2
2,23,FANOUT3,single_read,seen,P0_N0,0,0,1,5,0,0,0,0,0,0,0
2,24,BACKUP_CLEAR,single_read,seen,P0_N0,0,0,1,4,0,0,0,0,0,0,0
2,25,ROTATE3,multi_read,seen,P0_N0,0,0,0,14,2,0,0,0,0,0,2
2,26,SWAP,multi_read,seen,P0_N0,0,0,0,14,2,0,0,0,0,0,2
2,27,MOVE2,multi_read,seen,P0_N0,0,0,1,6,0,0,0,0,0,0,0
2,28,FANOUT3,single_read,seen,P0_N0,0,0,1,5,0,0,0,0,0,0,0
2,29,COPY,single_read,seen,P0_N0,0,0,1,3,0,0,0,0,0,0,0
2,30,CHAIN_COPY,single_read,seen,P0_N0,0,0,1,5,0,0,0,0,0,0,0
2,31,DUPLICATE,single_read,seen,P0_N0,0,0,1,4,0,0,0,0,0,0,0
2,32,COPY,single_read,seen,P0_N0,0,0,1,3,0,0,0,0,0,0,0
2,33,DUPLICATE,single_read,seen,P0_N0,0,0,1,4,0,0,0,0,0,0,0
2,34,DUPLICATE,single_read,seen,P0_N0,0,0,1,4,0,0,0,0,0,0,0
2,35,DUPLICATE,single_read,seen,P0_N0,0,0,1,4,0,0,0,0,0,0,0
2,36,DUPLICATE,single_read,seen,P0_N0,0,0,1,4,0,0,0,0,0,0,0
2,37,COPY,single_read,seen,P0_N0,0,0,1,3,0,0,0,0,0,0,0
2,38,MOVE2,multi_read,seen,P0_N0,0,0,1,6,0,0,0,0,0,0,0
2,39,SWAP,multi_read,seen,P0_N0,0,0,1,4,0,0,0,0,0,0,0
2,40,COPY,single_read,seen,P0_N0,0,0,1,3,0,0,0,0,0,0,0
2,41,ROTATE3,multi_read,seen,P0_N0,0,0,0,14,3,0,0,0,0,0,2
2,42,FANOUT3,single_read,seen,P0_N0,0,0,1,5,0,0,0,0,0,0,0
2,43,ROTATE3,multi_read,seen,P0_N0,0,0,0,14,4,0,0,0,0,0,2
2,44,ROTATE3,multi_read,seen,P0_N0,0,0,0,14,2,0,0,0,0,0,2
2,45,DUPLICATE,single_read,seen,P0_N0,0,0,1,4,0,0,0,0,0,0,0
2,46,COPY,single_read,seen,P0_N0,0,0,1,3,0,0,0,0,0,0,0
2,47,ROTATE3,multi_read,seen,P0_N0,0,0,0,14,3,0,0,0,0,0,2
2,48,SWAP,multi_read,seen,P0_N0,0,0,0,14,2,0,0,0,0,0,2
2,49,SWAP,multi_read,seen,P0_N0,0,0,1,4,0,0,0,0,0,0,0
2,50,CHAIN_COPY,single_read,seen,P0_N0,0,0,1,5,0,0,0,0,0,0,0
2,51,FANOUT3,single_read,seen,P0_N0,0,0,1,5,0,0,0,0,0,0,0
2,52,COPY,single_read,seen,P0_N0,0,0,1,3,0,0,0,0,0,0,0
2,53,BACKUP_CLEAR,single_read,seen,P0_N0,0,0,1,4,0,0,0,0,0,0,0
2,54,CHAIN_COPY,single_read,seen,P0_N0,0,0,1,5,0,0,0,0,0,0,0
2,55,CHAIN_COPY,single_read,seen,P0_N0,0,0,0,14,2,0,0,0,0,0,2
2,56,SWAP,multi_read,seen,P0_N0,0,0,0,14,2,0,0,0,0,0,2
2,57,SWAP,multi_read,seen,P0_N0,0,0,0,14,2,0,0,0,0,0,2
2,58,DUPLICATE,single_read,seen,P0_N0,0,0,1,4,0,0,0,0,0,0,0
2,59,COPY,single_read,seen,P0_N0,0,0,1,3,0,0,0,0,0,0,0
2,60,DUPLICATE,single_read,seen,P0_N0,0,0,1,4,0,0,0,0,0,0,0
2,61,FANOUT3,single_read,seen,P0_N0,0,0,1,5,0,0,0,0,0,0,0
2,62,BACKUP_CLEAR,single_read,seen,P0_N0,0,0,1,4,0,0,0,0,0,0,0
2,63,DUPLICATE,single_read,seen,P0_N0,0,0,1,4,0,0,0,0,0,0,0
2,64,FANOUT3,single_read,seen,P0_N0,0,0,1,5,0,0,0,0,0,0,0
2,65,SWAP,multi_read,seen,P0_N0,0,0,1,4,0,0,0,0,0,0,0
2,66,MOVE2,multi_read,seen,P0_N0,0,0,1,6,0,0,0,0,0,0,0
2,67,BACKUP_CLEAR,single_read,seen,P0_N0,0,0,1,4,0,0,0,0,0,0,0
2,68,MOVE2,multi_read,seen,P0_N0,0,0,1,6,0,0,0,0,0,0,0
2,69,COPY,single_read,seen,P0_N0,0,0,1,3,0,0,0,0,0,0,0
2,70,SWAP,multi_read,seen,P0_N0,0,0,0,14,2,0,0,0,0,0,2
2,71,CHAIN_COPY,single_read,seen,P0_N0,0,0,1,5,0,0,0,0,0,0,0
2,72,CHAIN_COPY,single_read,seen,P0_N0,0,0,1,5,0,0,0,0,0,0,0
2,73,BACKUP_CLEAR,single_read,seen,P0_N0,0,0,1,4,0,0,0,0,0,0,0
2,74,FANOUT3,single_read,seen,P0_N0,0,0,1,5,0,0,0,0,0,0,0
2,75,DUPLICATE,single_read,seen,P0_N0,0,0,1,4,0,0,0,0,0,0,0
2,76,DUAL_COPY,multi_read,seen,P0_N0,0,0,1,4,0,0,0,0,0,0,0
2,77,DUPLICATE,single_read,seen,P0_N0,0,0,1,4,0,0,0,0,0,0,0
2,78,ROTATE3,multi_read,seen,P0_N0,0,0,0,14,3,0,0,0,0,0,2
2,79,DUAL_COPY,multi_read,seen,P0_N0,0,0,1,4,0,0,0,0,0,0,0
2,80,COPY,single_read,seen,P0_N0,0,0,1,3,0,0,0,0,0,0,0
2,81,BACKUP_CLEAR,single_read,seen,P0_N0,0,0,1,4,0,0,0,0,0,0,0
2,82,CHAIN_COPY,single_read,seen,P0_N0,0,0,1,5,0,0,0,0,0,0,0
2,83,DUPLICATE,single_read,seen,P0_N0,0,0,1,4,0,0,0,0,0,0,0
2,84,COPY,single_read,seen,P0_N0,0,0,1,3,0,0,0,0,0,0,0
2,85,FANOUT3,single_read,seen,P0_N0,0,0,1,5,0,0,0,0,0,0,0
2,86,SWAP,multi_read,seen,P0_N0,0,0,1,4,0,0,0,0,0,0,0
2,87,COPY,single_read,seen,P0_N0,0,0,1,3,0,0,0,0,0,0,0
2,88,ROTATE3,multi_read,seen,P0_N0,0,0,0,14,3,0,0,0,0,0,2
2,89,MOVE2,multi_read,seen,P0_N0,0,0,0,14,2,0,0,0,0,0,2
2,90,COPY,single_read,seen,P0_N0,0,0,1,3,0,0,0,0,0,0,0
2,91,BACKUP_CLEAR,single_read,seen,P0_N0,0,0,1,4,0,0,0,0,0,0,0
2,92,SWAP,multi_read,seen,P0_N0,0,0,1,4,0,0,0,0,0,0,0
2,93,CHAIN_COPY,single_read,seen,P0_N0,0,0,1,5,0,0,0,0,0,0,0
2,94,ROTATE3,multi_read,seen,P0_N0,0,0,1,6,0,0,0,0,0,0,0
2,95,FANOUT3,single_read,seen,P0_N0,0,0,0,14,4,0,0,0,0,0,2
2,96,DUPLICATE,single_read,seen,P0_N0,0,0,1,4,0,0,0,0,0,0,0
2,97,BACKUP_CLEAR,single_read,seen,P0_N0,0,0,1,4,0,0,0,0,0,0,0
2,98,DUAL_COPY,multi_read,seen,P0_N0,0,0,0,14,2,0,0,0,0,0,2
2,99,ROTATE3,multi_read,seen,P0_N0,0,0,0,14,4,0,0,0,0,0,2
2,100,SWAP,multi_read,seen,P0_N0,0,0,1,4,0,0,0,0,0,0,0
2,101,DUAL_COPY,multi_read,seen,P0_N0,0,0,1,4,0,0,0,0,0,0,0
2,102,ROTATE3,multi_read,seen,P0_N0,0,0,0,14,3,0,0,0,0,0,2
2,103,BACKUP_CLEAR,single_read,seen,P0_N0,0,0,1,4,0,0,0,0,0,0,0
2,104,MOVE2,multi_read,seen,P0_N0,0,0,0,14,2,0,0,0,0,0,2
2,105,SWAP,multi_read,seen,P0_N0,0,0,0,14,2,0,0,0,0,0,2
2,106,CHAIN_COPY,single_read,seen,P0_N0,0,0,1,5,0,0,0,0,0,0,0
2,107,CHAIN_COPY,single_read,seen,P0_N0,0,0,1,5,0,0,0,0,0,0,0
2,108,SWAP,multi_read,seen,P0_N0,0,0,0,14,2,0,0,0,0,0,2
2,109,ROTATE3,multi_read,seen,P0_N0,0,0,0,14,3,0,0,0,0,0,2
2,110,DUPLICATE,single_read,seen,P0_N0,0,0,1,4,0,0,0,0,0,0,0
2,111,FANOUT3,single_read,seen,P0_N0,0,0,1,5,0,0,0,0,0,0,0
2,112,DUPLICATE,single_read,seen,P0_N0,0,0,1,4,0,0,0,0,0,0,0
2,113,ROTATE3,multi_read,seen,P0_N0,0,0,0,14,3,0,0,0,0,0,2
2,114,SWAP,multi_read,seen,P0_N0,0,0,0,14,3,0,0,0,0,0,2
2,115,ROTATE3,multi_read,seen,P0_N0,0,0,0,14,2,0,0,0,0,0,2
2,116,ROTATE3,multi_read,seen,P0_N0,0,0,0,14,4,0,0,0,0,0,2
2,117,ROTATE3,multi_read,seen,P0_N0,0,0,0,14,4,0,0,0,0,0,2
2,118,DUAL_COPY,multi_read,seen,P0_N0,0,0,0,14,2,0,0,0,0,0,2
2,119,FANOUT3,single_read,seen,P0_N0,0,0,1,5,0,0,0,0,0,0,0
2,120,COPY,single_read,seen,P0_N0,0,0,1,3,0,0,0,0,0,0,0
2,121,DUAL_COPY,multi_read,seen,P0_N0,0,0,0,14,2,0,0,0,0,0,2
2,122,FANOUT3,single_read,seen,P0_N0,0,0,1,5,0,0,0,0,0,0,0
2,123,FANOUT3,single_read,seen,P0_N0,0,0,1,5,0,0,0,0,0,0,0
2,124,FANOUT3,single_read,seen,P0_N0,0,0,1,5,0,0,0,0,0,0,0
2,125,FANOUT3,single_read,seen,P0_N0,0,0,1,5,0,0,0,0,0,0,0
2,126,CHAIN_COPY,single_read,seen,P0_N0,0,0,1,5,0,0,0,0,0,0,0
2,127,BACKUP_CLEAR,single_read,seen,P0_N0,0,0,1,4,0,0,0,0,0,0,0
2,128,CHAIN_COPY,single_read,seen,P0_N0,0,0,1,5,0,0,0,0,0,0,0
2,129,ROTATE3,multi_read,seen,P0_N0,0,0,0,14,4,0,0,0,0,0,2
2,130,FANOUT3,single_read,seen,P0_N0,0,0,1,5,0,0,0,0,0,0,0
2,131,MOVE2,multi_read,seen,P0_N0,0,0,0,14,5,0,0,0,0,0,2
2,132,MOVE2,multi_read,seen,P0_N0,0,0,1,6,0,0,0,0,0,0,0
2,133,SWAP,multi_read,seen,P0_N0,0,0,0,14,2,0,0,0,0,0,2
2,134,BACKUP_CLEAR,single_read,seen,P0_N0,0,0,1,4,0,0,0,0,0,0,0
2,135,FANOUT3,single_read,seen,P0_N0,0,0,1,5,0,0,0,0,0,0,0
2,136,MOVE2,multi_read,seen,P0_N0,0,0,0,14,2,0,0,0,0,0,2
2,137,DUAL_COPY,multi_read,seen,P0_N0,0,0,0,14,2,0,0,0,0,0,2
2,138,SWAP,multi_read,seen,P0_N0,0,0,0,14,2,0,0,0,0,0,2
2,139,DUPLICATE,single_read,seen,P0_N0,0,0,1,4,0,0,0,0,0,0,0
2,140,FANOUT3,single_read,seen,P0_N0,0,0,1,5,0,0,0,0,0,0,0
2,141,MOVE2,multi_read,seen,P0_N0,0,0,1,6,0,0,0,0,0,0,0
2,142,MOVE2,multi_read,seen,P0_N0,0,0,1,6,0,0,0,0,0,0,0
2,143,BACKUP_CLEAR,single_read,seen,P0_N0,0,0,1,4,0,0,0,0,0,0,0
2,144,ROTATE3,multi_read,seen,P0_N0,0,0,0,14,2,0,0,0,0,0,2
2,145,SWAP,multi_read,seen,P0_N0,0,0,1,4,0,0,0,0,0,0,0
2,146,DUPLICATE,single_read,seen,P0_N0,0,0,1,4,0,0,0,0,0,0,0
2,147,DUPLICATE,single_read,seen,P0_N0,0,0,1,4,0,0,0,0,0,0,0
2,148,COPY,single_read,seen,P0_N0,0,0,1,3,0,0,0,0,0,0,0
2,149,DUPLICATE,single_read,seen,P0_N0,0,0,1,4,0,0,0,0,0,0,0
2,150,FANOUT3,single_read,seen,P0_N0,0,0,1,5,0,0,0,0,0,0,0
2,151,DUPLICATE,single_read,seen,P0_N0,0,0,1,4,0,0,0,0,0,0,0
2,152,SWAP,multi_read,seen,P0_N0,0,0,1,4,0,0,0,0,0,0,0
2,153,FANOUT3,single_read,seen,P0_N0,0,0,1,5,0,0,0,0,0,0,0
2,154,DUPLICATE,single_read,seen,P0_N0,0,0,1,4,0,0,0,0,0,0,0
2,155,DUPLICATE,single_read,seen,P0_N0,0,0,1,4,0,0,0,0,0,0,0
2,156,DUPLICATE,single_read,seen,P0_N0,0,0,1,4,0,0,0,0,0,0,0
2,157,ROTATE3,multi_read,seen,P0_N0,0,0,0,14,3,0,0,0,0,0,2
2,158,ROTATE3,multi_read,seen,P0_N0,0,0,0,14,2,0,0,0,0,0,2
2,159,CHAIN_COPY,single_read,seen,P0_N0,0,0,1,5,0,0,0,0,0,0,0
2,160,COPY,single_read,seen,P0_N0,0,0,1,3,0,0,0,0,0,0,0
2,161,DUAL_COPY,multi_read,seen,P0_N0,0,0,0,14,2,0,0,0,0,0,2
2,162,MOVE2,multi_read,seen,P0_N0,0,0,0,14,2,0,0,0,0,0,2
2,163,COPY,single_read,seen,P0_N0,0,0,1,3,0,0,0,0,0,0,0
2,164,SWAP,multi_read,seen,P0_N0,0,0,0,14,2,0,0,0,0,0,2
2,165,BACKUP_CLEAR,single_read,seen,P0_N0,0,0,1,4,0,0,0,0,0,0,0
2,166,ROTATE3,multi_read,seen,P0_N0,0,0,0,14,3,0,0,0,0,0,2
2,167,SWAP,multi_read,seen,P0_N0,0,0,1,4,0,0,0,0,0,0,0
2,168,ROTATE3,multi_read,seen,P0_N0,0,0,0,14,2,0,0,0,0,0,2
2,169,SWAP,multi_read,seen,P0_N0,0,0,1,4,0,0,0,0,0,0,0
2,170,BACKUP_CLEAR,single_read,seen,P0_N0,0,0,1,4,0,0,0,0,0,0,0
2,171,COPY,single_read,seen,P0_N0,0,0,1,3,0,0,0,0,0,0,0
2,172,DUPLICATE,single_read,seen,P0_N0,0,0,1,4,0,0,0,0,0,0,0
2,173,SWAP,multi_read,seen,P0_N0,0,0,0,14,2,0,0,0,0,0,2
2,174,MOVE2,multi_read,seen,P0_N0,0,0,1,6,0,0,0,0,0,0,0
2,175,CHAIN_COPY,single_read,seen,P0_N0,0,0,1,5,0,0,0,0,0,0,0
2,176,FANOUT3,single_read,seen,P0_N0,0,0,1,5,0,0,0,0,0,0,0
2,177,FANOUT3,single_read,seen,P0_N0,0,0,1,5,0,0,0,0,0,0,0
2,178,BACKUP_CLEAR,single_read,seen,P0_N0,0,0,1,4,0,0,0,0,0,0,0
2,179,SWAP,multi_read,seen,P0_N0,0,0,1,4,0,0,0,0,0,0,0
2,180,MOVE2,multi_read,seen,P0_N0,0,0,0,14,2,0,0,0,0,0,2
2,181,ROTATE3,multi_read,seen,P0_N0,0,0,0,14,3,0,0,0,0,0,2
2,182,ROTATE3,multi_read,seen,P0_N0,0,0,0,14,3,0,0,0,0,0,2
2,183,SWAP,multi_read,seen,P0_N0,0,0,1,4,0,0,0,0,0,0,0
2,184,SWAP,multi_read,seen,P0_N0,0,0,0,14,2,0,0,0,0,0,2
2,185,DUPLICATE,single_read,seen,P0_N0,0,0,1,4,0,0,0,0,0,0,0
2,186,COPY,single_read,seen,P0_N0,0,0,1,3,0,0,0,0,0,0,0
2,187,FANOUT3,single_read,seen,P0_N0,0,0,1,5,0,0,0,0,0,0,0
2,188,CHAIN_COPY,single_read,seen,P0_N0,0,0,1,5,2,0,0,0,0,0,0
2,189,FANOUT3,single_read,seen,P0_N0,0,0,1,5,0,0,0,0,0,0,0
2,190,COPY,single_read,seen,P0_N0,0,0,1,3,0,0,0,0,0,0,0
2,191,SWAP,multi_read,seen,P0_N0,0,0,0,14,2,0,0,0,0,0,2
2,192,ROTATE3,multi_read,seen,P0_N0,0,0,0,14,4,0,0,0,0,0,2
2,193,BACKUP_CLEAR,single_read,seen,P0_N0,0,0,1,4,0,0,0,0,0,0,0
2,194,FANOUT3,single_read,seen,P0_N0,0,0,1,5,0,0,0,0,0,0,0
2,195,SWAP,multi_read,seen,P0_N0,0,0,1,4,0,0,0,0,0,0,0
2,196,MOVE2,multi_read,seen,P0_N0,0,0,1,6,0,0,0,0,0,0,0
2,197,DUPLICATE,single_read,seen,P0_N0,0,0,1,4,0,0,0,0,0,0,0
2,198,DUPLICATE,single_read,seen,P0_N0,0,0,1,4,0,0,0,0,0,0,0
2,199,FANOUT3,single_read,seen,P0_N0,0,0,1,5,0,0,0,0,0,0,0
2,0,BACKUP_CLEAR,single_read,unseen,P1_N1,1,1,1,4,0,0,0,0,0,0,0
2,1,DUAL_COPY,multi_read,unseen,P1_N1,1,1,0,14,2,0,0,0,0,0,2
2,2,ROTATE3,multi_read,unseen,P1_N1,1,1,1,6,0,0,0,0,0,0,0
2,3,DUPLICATE,single_read,unseen,P1_N1,1,1,1,4,0,0,0,0,0,0,0
2,4,SWAP,multi_read,unseen,P1_N1,1,1,1,4,0,0,0,0,0,0,0
2,5,DUAL_COPY,multi_read,unseen,P1_N1,1,1,1,4,0,0,0,0,0,0,0
2,6,MOVE2,multi_read,unseen,P1_N1,1,1,0,14,5,0,0,0,0,0,2
2,7,BACKUP_CLEAR,single_read,unseen,P1_N1,1,1,1,4,0,0,0,0,0,0,0
2,8,COPY,single_read,unseen,P1_N1,1,1,1,3,0,0,0,0,0,0,0
2,9,MOVE2,multi_read,unseen,P1_N1,1,1,1,6,0,0,0,0,0,0,0
2,10,CHAIN_COPY,single_read,unseen,P1_N1,1,1,1,5,0,0,0,0,0,0,0
2,11,SWAP,multi_read,unseen,P1_N1,1,1,1,4,0,0,0,0,0,0,0
2,12,DUPLICATE,single_read,unseen,P1_N1,1,1,1,4,0,0,0,0,0,0,0
2,13,CHAIN_COPY,single_read,unseen,P1_N1,1,1,0,14,4,0,0,0,0,0,2
2,14,ROTATE3,multi_read,unseen,P1_N1,1,1,0,14,4,0,0,0,0,0,2
2,15,DUAL_COPY,multi_read,unseen,P1_N1,1,1,0,14,2,0,0,0,0,0,2
2,16,MOVE2,multi_read,unseen,P1_N1,1,1,1,6,0,0,0,0,0,0,0
2,17,FANOUT3,single_read,unseen,P1_N1,1,1,1,5,0,0,0,0,0,0,0
2,18,DUAL_COPY,multi_read,unseen,P1_N1,1,1,1,4,0,0,0,0,0,0,0
2,19,DUPLICATE,single_read,unseen,P1_N1,1,1,1,4,0,0,0,0,0,0,0
2,20,BACKUP_CLEAR,single_read,unseen,P1_N1,1,1,1,4,0,0,0,0,0,0,0
2,21,COPY,single_read,unseen,P1_N1,1,1,1,3,0,0,0,0,0,0,0
2,22,ROTATE3,multi_read,unseen,P1_N1,1,1,0,14,3,0,0,0,0,0,2
2,23,FANOUT3,single_read,unseen,P1_N1,1,1,1,5,0,0,0,0,0,0,0
2,24,BACKUP_CLEAR,single_read,unseen,P1_N1,1,1,1,4,0,0,0,0,0,0,0
2,25,ROTATE3,multi_read,unseen,P1_N1,1,1,0,14,3,0,0,0,0,0,2
2,26,SWAP,multi_read,unseen,P1_N1,1,1,1,4,0,0,0,0,0,0,0
2,27,MOVE2,multi_read,unseen,P1_N1,1,1,1,6,0,0,0,0,0,0,0
2,28,FANOUT3,single_read,unseen,P1_N1,1,1,1,5,0,0,0,0,0,0,0
2,29,COPY,single_read,unseen,P1_N1,1,1,1,3,0,0,0,0,0,0,0
2,30,CHAIN_COPY,single_read,unseen,P1_N1,1,1,1,5,0,0,0,0,0,0,0
2,31,DUPLICATE,single_read,unseen,P1_N1,1,1,1,4,0,0,0,0,0,0,0
2,32,COPY,single_read,unseen,P1_N1,1,1,1,3,0,0,0,0,0,0,0
2,33,DUPLICATE,single_read,unseen,P1_N1,1,1,1,4,0,0,0,0,0,0,0
2,34,DUPLICATE,single_read,unseen,P1_N1,1,1,1,4,0,0,0,0,0,0,0
2,35,DUPLICATE,single_read,unseen,P1_N1,1,1,1,4,0,0,0,0,0,0,0
2,36,DUPLICATE,single_read,unseen,P1_N1,1,1,1,4,0,0,0,0,0,0,0
2,37,COPY,single_read,unseen,P1_N1,1,1,1,3,0,0,0,0,0,0,0
2,38,MOVE2,multi_read,unseen,P1_N1,1,1,1,6,0,0,0,0,0,0,0
2,39,SWAP,multi_read,unseen,P1_N1,1,1,1,4,0,0,0,0,0,0,0
2,40,COPY,single_read,unseen,P1_N1,1,1,1,3,0,0,0,0,0,0,0
2,41,ROTATE3,multi_read,unseen,P1_N1,1,1,0,14,3,0,0,0,0,0,2
2,42,FANOUT3,single_read,unseen,P1_N1,1,1,1,5,0,0,0,0,0,0,0
2,43,ROTATE3,multi_read,unseen,P1_N1,1,1,1,6,0,0,0,0,0,0,0
2,44,ROTATE3,multi_read,unseen,P1_N1,1,1,0,14,2,0,0,0,0,0,2
2,45,DUPLICATE,single_read,unseen,P1_N1,1,1,1,4,0,0,0,0,0,0,0
2,46,COPY,single_read,unseen,P1_N1,1,1,1,3,0,0,0,0,0,0,0
2,47,ROTATE3,multi_read,unseen,P1_N1,1,1,0,14,3,0,0,0,0,0,2
2,48,SWAP,multi_read,unseen,P1_N1,1,1,0,14,2,0,0,0,0,0,2
2,49,SWAP,multi_read,unseen,P1_N1,1,1,1,4,0,0,0,0,0,0,0
2,50,CHAIN_COPY,single_read,unseen,P1_N1,1,1,1,5,0,0,0,0,0,0,0
2,51,FANOUT3,single_read,unseen,P1_N1,1,1,1,5,0,0,0,0,0,0,0
2,52,COPY,single_read,unseen,P1_N1,1,1,1,3,0,0,0,0,0,0,0
2,53,BACKUP_CLEAR,single_read,unseen,P1_N1,1,1,1,4,0,0,0,0,0,0,0
2,54,CHAIN_COPY,single_read,unseen,P1_N1,1,1,1,5,0,0,0,0,0,0,0
2,55,CHAIN_COPY,single_read,unseen,P1_N1,1,1,0,14,2,0,0,0,0,0,2
2,56,SWAP,multi_read,unseen,P1_N1,1,1,0,14,2,0,0,0,0,0,2
2,57,SWAP,multi_read,unseen,P1_N1,1,1,1,4,0,0,0,0,0,0,0
2,58,DUPLICATE,single_read,unseen,P1_N1,1,1,1,4,0,0,0,0,0,0,0
2,59,COPY,single_read,unseen,P1_N1,1,1,1,3,0,0,0,0,0,0,0
2,60,DUPLICATE,single_read,unseen,P1_N1,1,1,1,4,0,0,0,0,0,0,0
2,61,FANOUT3,single_read,unseen,P1_N1,1,1,1,5,0,0,0,0,0,0,0
2,62,BACKUP_CLEAR,single_read,unseen,P1_N1,1,1,1,4,0,0,0,0,0,0,0
2,63,DUPLICATE,single_read,unseen,P1_N1,1,1,1,4,0,0,0,0,0,0,0
2,64,FANOUT3,single_read,unseen,P1_N1,1,1,1,5,0,0,0,0,0,0,0
2,65,SWAP,multi_read,unseen,P1_N1,1,1,1,4,0,0,0,0,0,0,0
2,66,MOVE2,multi_read,unseen,P1_N1,1,1,1,6,0,0,0,0,0,0,0
2,67,BACKUP_CLEAR,single_read,unseen,P1_N1,1,1,1,4,0,0,0,0,0,0,0
2,68,MOVE2,multi_read,unseen,P1_N1,1,1,1,6,0,0,0,0,0,0,0
2,69,COPY,single_read,unseen,P1_N1,1,1,1,3,0,0,0,0,0,0,0
2,70,SWAP,multi_read,unseen,P1_N1,1,1,1,4,0,0,0,0,0,0,0
2,71,CHAIN_COPY,single_read,unseen,P1_N1,1,1,1,5,0,0,0,0,0,0,0
2,72,CHAIN_COPY,single_read,unseen,P1_N1,1,1,1,5,0,0,0,0,0,0,0
2,73,BACKUP_CLEAR,single_read,unseen,P1_N1,1,1,1,4,0,0,0,0,0,0,0
2,74,FANOUT3,single_read,unseen,P1_N1,1,1,1,5,0,0,0,0,0,0,0
2,75,DUPLICATE,single_read,unseen,P1_N1,1,1,1,4,0,0,0,0,0,0,0
2,76,DUAL_COPY,multi_read,unseen,P1_N1,1,1,1,4,0,0,0,0,0,0,0
2,77,DUPLICATE,single_read,unseen,P1_N1,1,1,1,4,0,0,0,0,0,0,0
2,78,ROTATE3,multi_read,unseen,P1_N1,1,1,0,14,3,0,0,0,0,0,2
2,79,DUAL_COPY,multi_read,unseen,P1_N1,1,1,0,14,3,0,0,0,0,0,2
2,80,COPY,single_read,unseen,P1_N1,1,1,1,3,0,0,0,0,0,0,0
2,81,BACKUP_CLEAR,single_read,unseen,P1_N1,1,1,1,4,0,0,0,0,0,0,0
2,82,CHAIN_COPY,single_read,unseen,P1_N1,1,1,0,14,3,0,0,0,0,0,2
2,83,DUPLICATE,single_read,unseen,P1_N1,1,1,1,4,0,0,0,0,0,0,0
2,84,COPY,single_read,unseen,P1_N1,1,1,1,3,0,0,0,0,0,0,0
2,85,FANOUT3,single_read,unseen,P1_N1,1,1,1,5,0,0,0,0,0,0,0
2,86,SWAP,multi_read,unseen,P1_N1,1,1,0,14,2,0,0,0,0,0,2
2,87,COPY,single_read,unseen,P1_N1,1,1,1,3,0,0,0,0,0,0,0
2,88,ROTATE3,multi_read,unseen,P1_N1,1,1,0,14,3,0,0,0,0,0,2
2,89,MOVE2,multi_read,unseen,P1_N1,1,1,1,6,0,0,0,0,0,0,0
2,90,COPY,single_read,unseen,P1_N1,1,1,1,3,0,0,0,0,0,0,0
2,91,BACKUP_CLEAR,single_read,unseen,P1_N1,1,1,1,4,0,0,0,0,0,0,0
2,92,SWAP,multi_read,unseen,P1_N1,1,1,1,4,0,0,0,0,0,0,0
2,93,CHAIN_COPY,single_read,unseen,P1_N1,1,1,1,5,0,0,0,0,0,0,0
2,94,ROTATE3,multi_read,unseen,P1_N1,1,1,1,6,0,0,0,0,0,0,0
2,95,FANOUT3,single_read,unseen,P1_N1,1,1,1,5,0,0,0,0,0,0,0
2,96,DUPLICATE,single_read,unseen,P1_N1,1,1,1,4,0,0,0,0,0,0,0
2,97,BACKUP_CLEAR,single_read,unseen,P1_N1,1,1,1,4,0,0,0,0,0,0,0
2,98,DUAL_COPY,multi_read,unseen,P1_N1,1,1,1,4,0,0,0,0,0,0,0
2,99,ROTATE3,multi_read,unseen,P1_N1,1,1,0,14,4,0,0,0,0,0,2
2,100,SWAP,multi_read,unseen,P1_N1,1,1,0,14,3,0,0,0,0,0,2
2,101,DUAL_COPY,multi_read,unseen,P1_N1,1,1,0,14,3,0,0,0,0,0,2
2,102,ROTATE3,multi_read,unseen,P1_N1,1,1,0,14,3,0,0,0,0,0,2
2,103,BACKUP_CLEAR,single_read,unseen,P1_N1,1,1,1,4,0,0,0,0,0,0,0
2,104,MOVE2,multi_read,unseen,P1_N1,1,1,1,6,0,0,0,0,0,0,0
2,105,SWAP,multi_read,unseen,P1_N1,1,1,1,4,0,0,0,0,0,0,0
2,106,CHAIN_COPY,single_read,unseen,P1_N1,1,1,1,5,0,0,0,0,0,0,0
2,107,CHAIN_COPY,single_read,unseen,P1_N1,1,1,1,5,0,0,0,0,0,0,0
2,108,SWAP,multi_read,unseen,P1_N1,1,1,0,14,2,0,0,0,0,0,2
2,109,ROTATE3,multi_read,unseen,P1_N1,1,1,0,14,3,0,0,0,0,0,2
2,110,DUPLICATE,single_read,unseen,P1_N1,1,1,1,4,0,0,0,0,0,0,0
2,111,FANOUT3,single_read,unseen,P1_N1,1,1,1,5,0,0,0,0,0,0,0
2,112,DUPLICATE,single_read,unseen,P1_N1,1,1,1,4,0,0,0,0,0,0,0
2,113,ROTATE3,multi_read,unseen,P1_N1,1,1,0,14,3,0,0,0,0,0,2
2,114,SWAP,multi_read,unseen,P1_N1,1,1,0,14,3,0,0,0,0,0,2
2,115,ROTATE3,multi_read,unseen,P1_N1,1,1,1,6,0,0,0,0,0,0,0
2,116,ROTATE3,multi_read,unseen,P1_N1,1,1,0,14,4,0,0,0,0,0,2
2,117,ROTATE3,multi_read,unseen,P1_N1,1,1,0,14,4,0,0,0,0,0,2
2,118,DUAL_COPY,multi_read,unseen,P1_N1,1,1,0,14,2,0,0,0,0,0,2
2,119,FANOUT3,single_read,unseen,P1_N1,1,1,1,5,0,0,0,0,0,0,0
2,120,COPY,single_read,unseen,P1_N1,1,1,1,3,0,0,0,0,0,0,0
2,121,DUAL_COPY,multi_read,unseen,P1_N1,1,1,0,14,2,0,0,0,0,0,2
2,122,FANOUT3,single_read,unseen,P1_N1,1,1,1,5,0,0,0,0,0,0,0
2,123,FANOUT3,single_read,unseen,P1_N1,1,1,1,5,0,0,0,0,0,0,0
2,124,FANOUT3,single_read,unseen,P1_N1,1,1,1,5,0,0,0,0,0,0,0
2,125,FANOUT3,single_read,unseen,P1_N1,1,1,1,5,0,0,0,0,0,0,0
2,126,CHAIN_COPY,single_read,unseen,P1_N1,1,1,1,5,0,0,0,0,0,0,0
2,127,BACKUP_CLEAR,single_read,unseen,P1_N1,1,1,1,4,0,0,0,0,0,0,0
2,128,CHAIN_COPY,single_read,unseen,P1_N1,1,1,1,5,0,0,0,0,0,0,0
2,129,ROTATE3,multi_read,unseen,P1_N1,1,1,0,14,3,0,0,0,0,0,2
2,130,FANOUT3,single_read,unseen,P1_N1,1,1,1,5,0,0,0,0,0,0,0
2,131,MOVE2,multi_read,unseen,P1_N1,1,1,0,14,5,0,0,0,0,0,2
2,132,MOVE2,multi_read,unseen,P1_N1,1,1,1,6,0,0,0,0,0,0,0
2,133,SWAP,multi_read,unseen,P1_N1,1,1,1,4,0,0,0,0,0,0,0
2,134,BACKUP_CLEAR,single_read,unseen,P1_N1,1,1,1,4,0,0,0,0,0,0,0
2,135,FANOUT3,single_read,unseen,P1_N1,1,1,1,5,0,0,0,0,0,0,0
2,136,MOVE2,multi_read,unseen,P1_N1,1,1,0,14,2,0,0,0,0,0,2
2,137,DUAL_COPY,multi_read,unseen,P1_N1,1,1,0,14,2,0,0,0,0,0,2
2,138,SWAP,multi_read,unseen,P1_N1,1,1,0,14,2,0,0,0,0,0,2
2,139,DUPLICATE,single_read,unseen,P1_N1,1,1,1,4,0,0,0,0,0,0,0
2,140,FANOUT3,single_read,unseen,P1_N1,1,1,1,5,0,0,0,0,0,0,0
2,141,MOVE2,multi_read,unseen,P1_N1,1,1,1,6,0,0,0,0,0,0,0
2,142,MOVE2,multi_read,unseen,P1_N1,1,1,1,6,0,0,0,0,0,0,0
2,143,BACKUP_CLEAR,single_read,unseen,P1_N1,1,1,1,4,0,0,0,0,0,0,0
2,144,ROTATE3,multi_read,unseen,P1_N1,1,1,1,6,0,0,0,0,0,0,0
2,145,SWAP,multi_read,unseen,P1_N1,1,1,1,4,0,0,0,0,0,0,0
2,146,DUPLICATE,single_read,unseen,P1_N1,1,1,1,4,0,0,0,0,0,0,0
2,147,DUPLICATE,single_read,unseen,P1_N1,1,1,1,4,0,0,0,0,0,0,0
2,148,COPY,single_read,unseen,P1_N1,1,1,1,3,0,0,0,0,0,0,0
2,149,DUPLICATE,single_read,unseen,P1_N1,1,1,1,4,0,0,0,0,0,0,0
2,150,FANOUT3,single_read,unseen,P1_N1,1,1,1,5,0,0,0,0,0,0,0
2,151,DUPLICATE,single_read,unseen,P1_N1,1,1,1,4,0,0,0,0,0,0,0
2,152,SWAP,multi_read,unseen,P1_N1,1,1,1,4,2,0,0,0,0,0,0
2,153,FANOUT3,single_read,unseen,P1_N1,1,1,1,5,0,0,0,0,0,0,0
2,154,DUPLICATE,single_read,unseen,P1_N1,1,1,1,4,0,0,0,0,0,0,0
2,155,DUPLICATE,single_read,unseen,P1_N1,1,1,1,4,0,0,0,0,0,0,0
2,156,DUPLICATE,single_read,unseen,P1_N1,1,1,1,4,0,0,0,0,0,0,0
2,157,ROTATE3,multi_read,unseen,P1_N1,1,1,0,14,2,0,0,0,0,0,2
2,158,ROTATE3,multi_read,unseen,P1_N1,1,1,0,14,4,0,0,0,0,0,2
2,159,CHAIN_COPY,single_read,unseen,P1_N1,1,1,0,14,3,0,0,0,0,0,2
2,160,COPY,single_read,unseen,P1_N1,1,1,1,3,0,0,0,0,0,0,0
2,161,DUAL_COPY,multi_read,unseen,P1_N1,1,1,1,4,0,0,0,0,0,0,0
2,162,MOVE2,multi_read,unseen,P1_N1,1,1,0,14,5,0,0,0,0,0,2
2,163,COPY,single_read,unseen,P1_N1,1,1,1,3,0,0,0,0,0,0,0
2,164,SWAP,multi_read,unseen,P1_N1,1,1,0,14,2,0,0,0,0,0,2
2,165,BACKUP_CLEAR,single_read,unseen,P1_N1,1,1,1,4,0,0,0,0,0,0,0
2,166,ROTATE3,multi_read,unseen,P1_N1,1,1,0,14,5,0,0,0,0,0,2
2,167,SWAP,multi_read,unseen,P1_N1,1,1,1,4,0,0,0,0,0,0,0
2,168,ROTATE3,multi_read,unseen,P1_N1,1,1,0,14,2,0,0,0,0,0,2
2,169,SWAP,multi_read,unseen,P1_N1,1,1,0,14,2,0,0,0,0,0,2
2,170,BACKUP_CLEAR,single_read,unseen,P1_N1,1,1,1,4,0,0,0,0,0,0,0
2,171,COPY,single_read,unseen,P1_N1,1,1,1,3,0,0,0,0,0,0,0
2,172,DUPLICATE,single_read,unseen,P1_N1,1,1,1,4,0,0,0,0,0,0,0
2,173,SWAP,multi_read,unseen,P1_N1,1,1,0,14,2,0,0,0,0,0,2
2,174,MOVE2,multi_read,unseen,P1_N1,1,1,1,6,0,0,0,0,0,0,0
2,175,CHAIN_COPY,single_read,unseen,P1_N1,1,1,1,5,0,0,0,0,0,0,0
2,176,FANOUT3,single_read,unseen,P1_N1,1,1,1,5,0,0,0,0,0,0,0
2,177,FANOUT3,single_read,unseen,P1_N1,1,1,1,5,0,0,0,0,0,0,0
2,178,BACKUP_CLEAR,single_read,unseen,P1_N1,1,1,1,4,0,0,0,0,0,0,0
2,179,SWAP,multi_read,unseen,P1_N1,1,1,1,4,0,0,0,0,0,0,0
2,180,MOVE2,multi_read,unseen,P1_N1,1,1,0,14,2,0,0,0,0,0,2
2,181,ROTATE3,multi_read,unseen,P1_N1,1,1,0,14,3,0,0,0,0,0,2
2,182,ROTATE3,multi_read,unseen,P1_N1,1,1,0,14,3,0,0,0,0,0,2
2,183,SWAP,multi_read,unseen,P1_N1,1,1,1,4,0,0,0,0,0,0,0
2,184,SWAP,multi_read,unseen,P1_N1,1,1,0,14,2,0,0,0,0,0,2
2,185,DUPLICATE,single_read,unseen,P1_N1,1,1,1,4,0,0,0,0,0,0,0
2,186,COPY,single_read,unseen,P1_N1,1,1,1,3,0,0,0,0,0,0,0
2,187,FANOUT3,single_read,unseen,P1_N1,1,1,1,5,0,0,0,0,0,0,0
2,188,CHAIN_COPY,single_read,unseen,P1_N1,1,1,1,5,2,0,0,0,0,0,0
2,189,FANOUT3,single_read,unseen,P1_N1,1,1,1,5,0,0,0,0,0,0,0
2,190,COPY,single_read,unseen,P1_N1,1,1,1,3,0,0,0,0,0,0,0
2,191,SWAP,multi_read,unseen,P1_N1,1,1,1,4,0,0,0,0,0,0,0
2,192,ROTATE3,multi_read,unseen,P1_N1,1,1,0,14,4,0,0,0,0,0,2
2,193,BACKUP_CLEAR,single_read,unseen,P1_N1,1,1,1,4,0,0,0,0,0,0,0
2,194,FANOUT3,single_read,unseen,P1_N1,1,1,1,5,0,0,0,0,0,0,0
2,195,SWAP,multi_read,unseen,P1_N1,1,1,1,4,0,0,0,0,0,0,0
2,196,MOVE2,multi_read,unseen,P1_N1,1,1,0,14,2,0,0,0,0,0,2
2,197,DUPLICATE,single_read,unseen,P1_N1,1,1,1,4,0,0,0,0,0,0,0
2,198,DUPLICATE,single_read,unseen,P1_N1,1,1,1,4,0,0,0,0,0,0,0
2,199,FANOUT3,single_read,unseen,P1_N1,1,1,1,5,0,0,0,0,0,0,0
2,0,BACKUP_CLEAR,single_read,unseen,P1_N0,1,0,0,14,2,0,0,0,0,0,2
2,1,DUAL_COPY,multi_read,unseen,P1_N0,1,0,0,14,2,0,0,0,0,0,2
2,2,ROTATE3,multi_read,unseen,P1_N0,1,0,0,14,2,0,0,0,0,0,2
2,3,DUPLICATE,single_read,unseen,P1_N0,1,0,0,14,2,0,0,0,0,0,2
2,4,SWAP,multi_read,unseen,P1_N0,1,0,0,14,3,0,0,0,0,0,2
2,5,DUAL_COPY,multi_read,unseen,P1_N0,1,0,0,14,3,0,0,0,0,0,2
2,6,MOVE2,multi_read,unseen,P1_N0,1,0,0,14,2,0,0,0,0,0,2
2,7,BACKUP_CLEAR,single_read,unseen,P1_N0,1,0,0,14,2,0,0,0,0,0,2
2,8,COPY,single_read,unseen,P1_N0,1,0,0,14,2,0,0,0,0,0,2
2,9,MOVE2,multi_read,unseen,P1_N0,1,0,0,14,2,0,0,0,0,0,2
2,10,CHAIN_COPY,single_read,unseen,P1_N0,1,0,0,14,2,0,0,0,0,0,2
2,11,SWAP,multi_read,unseen,P1_N0,1,0,0,14,2,0,0,0,0,0,2
2,12,DUPLICATE,single_read,unseen,P1_N0,1,0,0,14,2,0,0,0,0,0,2
2,13,CHAIN_COPY,single_read,unseen,P1_N0,1,0,0,14,2,0,0,0,0,0,2
2,14,ROTATE3,multi_read,unseen,P1_N0,1,0,0,14,3,0,0,0,0,0,2
2,15,DUAL_COPY,multi_read,unseen,P1_N0,1,0,0,14,2,0,0,0,0,0,2
2,16,MOVE2,multi_read,unseen,P1_N0,1,0,0,14,2,0,0,0,0,0,2
2,17,FANOUT3,single_read,unseen,P1_N0,1,0,0,14,2,0,0,0,0,0,2
2,18,DUAL_COPY,multi_read,unseen,P1_N0,1,0,0,14,2,0,0,0,0,0,2
2,19,DUPLICATE,single_read,unseen,P1_N0,1,0,0,14,2,0,0,0,0,0,2
2,20,BACKUP_CLEAR,single_read,unseen,P1_N0,1,0,0,14,2,0,0,0,0,0,2
2,21,COPY,single_read,unseen,P1_N0,1,0,0,14,2,0,0,0,0,0,2
2,22,ROTATE3,multi_read,unseen,P1_N0,1,0,0,14,3,0,0,0,0,0,2
2,23,FANOUT3,single_read,unseen,P1_N0,1,0,0,14,2,0,0,0,0,0,2
2,24,BACKUP_CLEAR,single_read,unseen,P1_N0,1,0,0,14,2,0,0,0,0,0,2
2,25,ROTATE3,multi_read,unseen,P1_N0,1,0,0,14,3,0,0,0,0,0,2
2,26,SWAP,multi_read,unseen,P1_N0,1,0,0,14,2,0,0,0,0,0,2
2,27,MOVE2,multi_read,unseen,P1_N0,1,0,0,14,2,0,0,0,0,0,2
2,28,FANOUT3,single_read,unseen,P1_N0,1,0,0,14,2,0,0,0,0,0,2
2,29,COPY,single_read,unseen,P1_N0,1,0,0,14,2,0,0,0,0,0,2
2,30,CHAIN_COPY,single_read,unseen,P1_N0,1,0,0,14,2,0,0,0,0,0,2
2,31,DUPLICATE,single_read,unseen,P1_N0,1,0,0,14,2,0,0,0,0,0,2
2,32,COPY,single_read,unseen,P1_N0,1,0,0,14,2,0,0,0,0,0,2
2,33,DUPLICATE,single_read,unseen,P1_N0,1,0,0,14,2,0,0,0,0,0,2
2,34,DUPLICATE,single_read,unseen,P1_N0,1,0,0,14,2,0,0,0,0,0,2
2,35,DUPLICATE,single_read,unseen,P1_N0,1,0,0,14,2,0,0,0,0,0,2
2,36,DUPLICATE,single_read,unseen,P1_N0,1,0,0,14,2,0,0,0,0,0,2
2,37,COPY,single_read,unseen,P1_N0,1,0,0,14,2,0,0,0,0,0,2
2,38,MOVE2,multi_read,unseen,P1_N0,1,0,0,14,2,0,0,0,0,0,2
2,39,SWAP,multi_read,unseen,P1_N0,1,0,0,14,2,0,0,0,0,0,2
2,40,COPY,single_read,unseen,P1_N0,1,0,0,14,2,0,0,0,0,0,2
2,41,ROTATE3,multi_read,unseen,P1_N0,1,0,0,14,3,0,0,0,0,0,2
2,42,FANOUT3,single_read,unseen,P1_N0,1,0,0,14,2,0,0,0,0,0,2
2,43,ROTATE3,multi_read,unseen,P1_N0,1,0,0,14,3,0,0,0,0,0,2
2,44,ROTATE3,multi_read,unseen,P1_N0,1,0,0,14,2,0,0,0,0,0,2
2,45,DUPLICATE,single_read,unseen,P1_N0,1,0,0,14,2,0,0,0,0,0,2
2,46,COPY,single_read,unseen,P1_N0,1,0,0,14,2,0,0,0,0,0,2
2,47,ROTATE3,multi_read,unseen,P1_N0,1,0,0,14,2,0,0,0,0,0,2
2,48,SWAP,multi_read,unseen,P1_N0,1,0,0,14,2,0,0,0,0,0,2
2,49,SWAP,multi_read,unseen,P1_N0,1,0,0,14,2,0,0,0,0,0,2
2,50,CHAIN_COPY,single_read,unseen,P1_N0,1,0,0,14,2,0,0,0,0,0,2
2,51,FANOUT3,single_read,unseen,P1_N0,1,0,0,14,2,0,0,0,0,0,2
2,52,COPY,single_read,unseen,P1_N0,1,0,0,14,2,0,0,0,0,0,2
2,53,BACKUP_CLEAR,single_read,unseen,P1_N0,1,0,0,14,2,0,0,0,0,0,2
2,54,CHAIN_COPY,single_read,unseen,P1_N0,1,0,0,14,2,0,0,0,0,0,2
2,55,CHAIN_COPY,single_read,unseen,P1_N0,1,0,0,14,2,0,0,0,0,0,2
2,56,SWAP,multi_read,unseen,P1_N0,1,0,0,14,2,0,0,0,0,0,2
2,57,SWAP,multi_read,unseen,P1_N0,1,0,0,14,3,0,0,0,0,0,2
2,58,DUPLICATE,single_read,unseen,P1_N0,1,0,0,14,2,0,0,0,0,0,2
2,59,COPY,single_read,unseen,P1_N0,1,0,0,14,2,0,0,0,0,0,2
2,60,DUPLICATE,single_read,unseen,P1_N0,1,0,0,14,2,0,0,0,0,0,2
2,61,FANOUT3,single_read,unseen,P1_N0,1,0,0,14,2,0,0,0,0,0,2
2,62,BACKUP_CLEAR,single_read,unseen,P1_N0,1,0,0,14,2,0,0,0,0,0,2
2,63,DUPLICATE,single_read,unseen,P1_N0,1,0,0,14,2,0,0,0,0,0,2
2,64,FANOUT3,single_read,unseen,P1_N0,1,0,0,14,2,0,0,0,0,0,2
2,65,SWAP,multi_read,unseen,P1_N0,1,0,0,14,2,0,0,0,0,0,2
2,66,MOVE2,multi_read,unseen,P1_N0,1,0,0,14,3,0,0,0,0,0,2
2,67,BACKUP_CLEAR,single_read,unseen,P1_N0,1,0,0,14,2,0,0,0,0,0,2
2,68,MOVE2,multi_read,unseen,P1_N0,1,0,0,14,2,0,0,0,0,0,2
2,69,COPY,single_read,unseen,P1_N0,1,0,0,14,2,0,0,0,0,0,2
2,70,SWAP,multi_read,unseen,P1_N0,1,0,0,14,2,0,0,0,0,0,2
2,71,CHAIN_COPY,single_read,unseen,P1_N0,1,0,0,14,2,0,0,0,0,0,2
2,72,CHAIN_COPY,single_read,unseen,P1_N0,1,0,0,14,2,0,0,0,0,0,2
2,73,BACKUP_CLEAR,single_read,unseen,P1_N0,1,0,0,14,2,0,0,0,0,0,2
2,74,FANOUT3,single_read,unseen,P1_N0,1,0,0,14,2,0,0,0,0,0,2
2,75,DUPLICATE,single_read,unseen,P1_N0,1,0,0,14,2,0,0,0,0,0,2
2,76,DUAL_COPY,multi_read,unseen,P1_N0,1,0,0,14,2,0,0,0,0,0,2
2,77,DUPLICATE,single_read,unseen,P1_N0,1,0,0,14,2,0,0,0,0,0,2
2,78,ROTATE3,multi_read,unseen,P1_N0,1,0,0,14,2,0,0,0,0,0,2
2,79,DUAL_COPY,multi_read,unseen,P1_N0,1,0,0,14,2,0,0,0,0,0,2
2,80,COPY,single_read,unseen,P1_N0,1,0,0,14,2,0,0,0,0,0,2
2,81,BACKUP_CLEAR,single_read,unseen,P1_N0,1,0,0,14,2,0,0,0,0,0,2
2,82,CHAIN_COPY,single_read,unseen,P1_N0,1,0,0,14,2,0,0,0,0,0,2
2,83,DUPLICATE,single_read,unseen,P1_N0,1,0,0,14,2,0,0,0,0,0,2
2,84,COPY,single_read,unseen,P1_N0,1,0,0,14,2,0,0,0,0,0,2
2,85,FANOUT3,single_read,unseen,P1_N0,1,0,0,14,2,0,0,0,0,0,2
2,86,SWAP,multi_read,unseen,P1_N0,1,0,0,14,2,0,0,0,0,0,2
2,87,COPY,single_read,unseen,P1_N0,1,0,0,14,2,0,0,0,0,0,2
2,88,ROTATE3,multi_read,unseen,P1_N0,1,0,0,14,3,0,0,0,0,0,2
2,89,MOVE2,multi_read,unseen,P1_N0,1,0,0,14,3,0,0,0,0,0,2
2,90,COPY,single_read,unseen,P1_N0,1,0,0,14,2,0,0,0,0,0,2
2,91,BACKUP_CLEAR,single_read,unseen,P1_N0,1,0,0,14,2,0,0,0,0,0,2
2,92,SWAP,multi_read,unseen,P1_N0,1,0,0,14,3,0,0,0,0,0,2
2,93,CHAIN_COPY,single_read,unseen,P1_N0,1,0,0,14,2,0,0,0,0,0,2
2,94,ROTATE3,multi_read,unseen,P1_N0,1,0,0,14,2,0,0,0,0,0,2
2,95,FANOUT3,single_read,unseen,P1_N0,1,0,0,14,2,0,0,0,0,0,2
2,96,DUPLICATE,single_read,unseen,P1_N0,1,0,0,14,2,0,0,0,0,0,2
2,97,BACKUP_CLEAR,single_read,unseen,P1_N0,1,0,0,14,2,0,0,0,0,0,2
2,98,DUAL_COPY,multi_read,unseen,P1_N0,1,0,0,14,2,0,0,0,0,0,2
2,99,ROTATE3,multi_read,unseen,P1_N0,1,0,0,14,3,0,0,0,0,0,2
2,100,SWAP,multi_read,unseen,P1_N0,1,0,0,14,2,0,0,0,0,0,2
2,101,DUAL_COPY,multi_read,unseen,P1_N0,1,0,0,14,2,0,0,0,0,0,2
2,102,ROTATE3,multi_read,unseen,P1_N0,1,0,0,14,2,0,0,0,0,0,2
2,103,BACKUP_CLEAR,single_read,unseen,P1_N0,1,0,0,14,2,0,0,0,0,0,2
2,104,MOVE2,multi_read,unseen,P1_N0,1,0,0,14,2,0,0,0,0,0,2
2,105,SWAP,multi_read,unseen,P1_N0,1,0,0,14,2,0,0,0,0,0,2
2,106,CHAIN_COPY,single_read,unseen,P1_N0,1,0,0,14,4,0,0,0,0,0,2
2,107,CHAIN_COPY,single_read,unseen,P1_N0,1,0,0,14,2,0,0,0,0,0,2
2,108,SWAP,multi_read,unseen,P1_N0,1,0,0,14,2,0,0,0,0,0,2
2,109,ROTATE3,multi_read,unseen,P1_N0,1,0,0,14,3,0,0,0,0,0,2
2,110,DUPLICATE,single_read,unseen,P1_N0,1,0,0,14,2,0,0,0,0,0,2
2,111,FANOUT3,single_read,unseen,P1_N0,1,0,0,14,3,0,0,0,0,0,2
2,112,DUPLICATE,single_read,unseen,P1_N0,1,0,0,14,2,0,0,0,0,0,2
2,113,ROTATE3,multi_read,unseen,P1_N0,1,0,0,14,4,0,0,0,0,0,2
2,114,SWAP,multi_read,unseen,P1_N0,1,0,0,14,2,0,0,0,0,0,2
2,115,ROTATE3,multi_read,unseen,P1_N0,1,0,0,14,2,0,0,0,0,0,2
2,116,ROTATE3,multi_read,unseen,P1_N0,1,0,0,14,3,0,0,0,0,0,2
2,117,ROTATE3,multi_read,unseen,P1_N0,1,0,0,14,3,0,0,0,0,0,2
2,118,DUAL_COPY,multi_read,unseen,P1_N0,1,0,0,14,2,0,0,0,0,0,2
2,119,FANOUT3,single_read,unseen,P1_N0,1,0,0,14,2,0,0,0,0,0,2
2,120,COPY,single_read,unseen,P1_N0,1,0,0,14,2,0,0,0,0,0,2
2,121,DUAL_COPY,multi_read,unseen,P1_N0,1,0,0,14,2,0,0,0,0,0,2
2,122,FANOUT3,single_read,unseen,P1_N0,1,0,0,14,2,0,0,0,0,0,2
2,123,FANOUT3,single_read,unseen,P1_N0,1,0,0,14,2,0,0,0,0,0,2
2,124,FANOUT3,single_read,unseen,P1_N0,1,0,0,14,2,0,0,0,0,0,2
2,125,FANOUT3,single_read,unseen,P1_N0,1,0,0,14,2,0,0,0,0,0,2
2,126,CHAIN_COPY,single_read,unseen,P1_N0,1,0,0,14,2,0,0,0,0,0,2
2,127,BACKUP_CLEAR,single_read,unseen,P1_N0,1,0,0,14,2,0,0,0,0,0,2
2,128,CHAIN_COPY,single_read,unseen,P1_N0,1,0,0,14,2,0,0,0,0,0,2
2,129,ROTATE3,multi_read,unseen,P1_N0,1,0,0,14,3,0,0,0,0,0,2
2,130,FANOUT3,single_read,unseen,P1_N0,1,0,0,14,2,0,0,0,0,0,2
2,131,MOVE2,multi_read,unseen,P1_N0,1,0,0,14,2,0,0,0,0,0,2
2,132,MOVE2,multi_read,unseen,P1_N0,1,0,0,14,2,0,0,0,0,0,2
2,133,SWAP,multi_read,unseen,P1_N0,1,0,0,14,2,0,0,0,0,0,2
2,134,BACKUP_CLEAR,single_read,unseen,P1_N0,1,0,0,14,2,0,0,0,0,0,2
2,135,FANOUT3,single_read,unseen,P1_N0,1,0,0,14,2,0,0,0,0,0,2
2,136,MOVE2,multi_read,unseen,P1_N0,1,0,0,14,2,0,0,0,0,0,2
2,137,DUAL_COPY,multi_read,unseen,P1_N0,1,0,0,14,2,0,0,0,0,0,2
2,138,SWAP,multi_read,unseen,P1_N0,1,0,0,14,2,0,0,0,0,0,2
2,139,DUPLICATE,single_read,unseen,P1_N0,1,0,0,14,2,0,0,0,0,0,2
2,140,FANOUT3,single_read,unseen,P1_N0,1,0,0,14,2,0,0,0,0,0,2
2,141,MOVE2,multi_read,unseen,P1_N0,1,0,0,14,2,0,0,0,0,0,2
2,142,MOVE2,multi_read,unseen,P1_N0,1,0,0,14,2,0,0,0,0,0,2
2,143,BACKUP_CLEAR,single_read,unseen,P1_N0,1,0,0,14,2,0,0,0,0,0,2
2,144,ROTATE3,multi_read,unseen,P1_N0,1,0,0,14,2,0,0,0,0,0,2
2,145,SWAP,multi_read,unseen,P1_N0,1,0,0,14,2,0,0,0,0,0,2
2,146,DUPLICATE,single_read,unseen,P1_N0,1,0,0,14,2,0,0,0,0,0,2
2,147,DUPLICATE,single_read,unseen,P1_N0,1,0,0,14,2,0,0,0,0,0,2
2,148,COPY,single_read,unseen,P1_N0,1,0,0,14,2,0,0,0,0,0,2
2,149,DUPLICATE,single_read,unseen,P1_N0,1,0,0,14,2,0,0,0,0,0,2
2,150,FANOUT3,single_read,unseen,P1_N0,1,0,0,14,2,0,0,0,0,0,2
2,151,DUPLICATE,single_read,unseen,P1_N0,1,0,0,14,3,0,0,0,0,0,2
2,152,SWAP,multi_read,unseen,P1_N0,1,0,0,14,2,0,0,0,0,0,2
2,153,FANOUT3,single_read,unseen,P1_N0,1,0,0,14,2,0,0,0,0,0,2
2,154,DUPLICATE,single_read,unseen,P1_N0,1,0,0,14,2,0,0,0,0,0,2
2,155,DUPLICATE,single_read,unseen,P1_N0,1,0,0,14,3,0,0,0,0,0,2
2,156,DUPLICATE,single_read,unseen,P1_N0,1,0,0,14,2,0,0,0,0,0,2
2,157,ROTATE3,multi_read,unseen,P1_N0,1,0,0,14,2,0,0,0,0,0,2
2,158,ROTATE3,multi_read,unseen,P1_N0,1,0,0,14,3,0,0,0,0,0,2
2,159,CHAIN_COPY,single_read,unseen,P1_N0,1,0,0,14,2,0,0,0,0,0,2
2,160,COPY,single_read,unseen,P1_N0,1,0,0,14,2,0,0,0,0,0,2
2,161,DUAL_COPY,multi_read,unseen,P1_N0,1,0,0,14,2,0,0,0,0,0,2
2,162,MOVE2,multi_read,unseen,P1_N0,1,0,0,14,2,0,0,0,0,0,2
2,163,COPY,single_read,unseen,P1_N0,1,0,0,14,2,0,0,0,0,0,2
2,164,SWAP,multi_read,unseen,P1_N0,1,0,0,14,3,0,0,0,0,0,2
2,165,BACKUP_CLEAR,single_read,unseen,P1_N0,1,0,0,14,2,0,0,0,0,0,2
2,166,ROTATE3,multi_read,unseen,P1_N0,1,0,0,14,3,0,0,0,0,0,2
2,167,SWAP,multi_read,unseen,P1_N0,1,0,0,14,2,0,0,0,0,0,2
2,168,ROTATE3,multi_read,unseen,P1_N0,1,0,0,14,2,0,0,0,0,0,2
2,169,SWAP,multi_read,unseen,P1_N0,1,0,0,14,2,0,0,0,0,0,2
2,170,BACKUP_CLEAR,single_read,unseen,P1_N0,1,0,0,14,2,0,0,0,0,0,2
2,171,COPY,single_read,unseen,P1_N0,1,0,0,14,2,0,0,0,0,0,2
2,172,DUPLICATE,single_read,unseen,P1_N0,1,0,0,14,3,0,0,0,0,0,2
2,173,SWAP,multi_read,unseen,P1_N0,1,0,0,14,2,0,0,0,0,0,2
2,174,MOVE2,multi_read,unseen,P1_N0,1,0,0,14,2,0,0,0,0,0,2
2,175,CHAIN_COPY,single_read,unseen,P1_N0,1,0,0,14,2,0,0,0,0,0,2
2,176,FANOUT3,single_read,unseen,P1_N0,1,0,0,14,2,0,0,0,0,0,2
2,177,FANOUT3,single_read,unseen,P1_N0,1,0,0,14,2,0,0,0,0,0,2
2,178,BACKUP_CLEAR,single_read,unseen,P1_N0,1,0,0,14,2,0,0,0,0,0,2
2,179,SWAP,multi_read,unseen,P1_N0,1,0,0,14,2,0,0,0,0,0,2
2,180,MOVE2,multi_read,unseen,P1_N0,1,0,0,14,2,0,0,0,0,0,2
2,181,ROTATE3,multi_read,unseen,P1_N0,1,0,0,14,3,0,0,0,0,0,2
2,182,ROTATE3,multi_read,unseen,P1_N0,1,0,0,14,2,0,0,0,0,0,2
2,183,SWAP,multi_read,unseen,P1_N0,1,0,0,14,2,0,0,0,0,0,2
2,184,SWAP,multi_read,unseen,P1_N0,1,0,0,14,3,0,0,0,0,0,2
2,185,DUPLICATE,single_read,unseen,P1_N0,1,0,0,14,2,0,0,0,0,0,2
2,186,COPY,single_read,unseen,P1_N0,1,0,0,14,2,0,0,0,0,0,2
2,187,FANOUT3,single_read,unseen,P1_N0,1,0,0,14,2,0,0,0,0,0,2
2,188,CHAIN_COPY,single_read,unseen,P1_N0,1,0,0,14,2,0,0,0,0,0,2
2,189,FANOUT3,single_read,unseen,P1_N0,1,0,0,14,3,0,0,0,0,0,2
2,190,COPY,single_read,unseen,P1_N0,1,0,0,14,2,0,0,0,0,0,2
2,191,SWAP,multi_read,unseen,P1_N0,1,0,0,14,2,0,0,0,0,0,2
2,192,ROTATE3,multi_read,unseen,P1_N0,1,0,1,6,0,0,0,0,0,0,0
2,193,BACKUP_CLEAR,single_read,unseen,P1_N0,1,0,0,14,2,0,0,0,0,0,2
2,194,FANOUT3,single_read,unseen,P1_N0,1,0,0,14,2,0,0,0,0,0,2
2,195,SWAP,multi_read,unseen,P1_N0,1,0,0,14,2,0,0,0,0,0,2
2,196,MOVE2,multi_read,unseen,P1_N0,1,0,0,14,2,0,0,0,0,0,2
2,197,DUPLICATE,single_read,unseen,P1_N0,1,0,0,14,2,0,0,0,0,0,2
2,198,DUPLICATE,single_read,unseen,P1_N0,1,0,1,4,0,0,0,0,0,0,0
2,199,FANOUT3,single_read,unseen,P1_N0,1,0,0,14,2,0,0,0,0,0,2
2,0,BACKUP_CLEAR,single_read,unseen,P0_N1,0,1,1,4,0,0,0,0,0,0,0
2,1,DUAL_COPY,multi_read,unseen,P0_N1,0,1,0,14,2,0,0,0,0,0,2
2,2,ROTATE3,multi_read,unseen,P0_N1,0,1,1,6,0,0,0,0,0,0,0
2,3,DUPLICATE,single_read,unseen,P0_N1,0,1,1,4,0,0,0,0,0,0,0
2,4,SWAP,multi_read,unseen,P0_N1,0,1,0,14,2,0,0,0,0,0,2
2,5,DUAL_COPY,multi_read,unseen,P0_N1,0,1,0,14,2,0,0,0,0,0,2
2,6,MOVE2,multi_read,unseen,P0_N1,0,1,0,14,5,0,0,0,0,0,2
2,7,BACKUP_CLEAR,single_read,unseen,P0_N1,0,1,1,4,0,0,0,0,0,0,0
2,8,COPY,single_read,unseen,P0_N1,0,1,1,3,0,0,0,0,0,0,0
2,9,MOVE2,multi_read,unseen,P0_N1,0,1,1,6,0,0,0,0,0,0,0
2,10,CHAIN_COPY,single_read,unseen,P0_N1,0,1,1,5,2,0,0,0,0,0,0
2,11,SWAP,multi_read,unseen,P0_N1,0,1,1,4,0,0,0,0,0,0,0
2,12,DUPLICATE,single_read,unseen,P0_N1,0,1,1,4,0,0,0,0,0,0,0
2,13,CHAIN_COPY,single_read,unseen,P0_N1,0,1,0,14,4,0,0,0,0,0,2
2,14,ROTATE3,multi_read,unseen,P0_N1,0,1,0,14,3,0,0,0,0,0,2
2,15,DUAL_COPY,multi_read,unseen,P0_N1,0,1,0,14,2,0,0,0,0,0,2
2,16,MOVE2,multi_read,unseen,P0_N1,0,1,1,6,0,0,0,0,0,0,0
2,17,FANOUT3,single_read,unseen,P0_N1,0,1,1,5,0,0,0,0,0,0,0
2,18,DUAL_COPY,multi_read,unseen,P0_N1,0,1,1,4,0,0,0,0,0,0,0
2,19,DUPLICATE,single_read,unseen,P0_N1,0,1,1,4,0,0,0,0,0,0,0
2,20,BACKUP_CLEAR,single_read,unseen,P0_N1,0,1,1,4,0,0,0,0,0,0,0
2,21,COPY,single_read,unseen,P0_N1,0,1,1,3,0,0,0,0,0,0,0
2,22,ROTATE3,multi_read,unseen,P0_N1,0,1,0,14,3,0,0,0,0,0,2
2,23,FANOUT3,single_read,unseen,P0_N1,0,1,1,5,0,0,0,0,0,0,0
2,24,BACKUP_CLEAR,single_read,unseen,P0_N1,0,1,1,4,0,0,0,0,0,0,0
2,25,ROTATE3,multi_read,unseen,P0_N1,0,1,1,6,0,0,0,0,0,0,0
2,26,SWAP,multi_read,unseen,P0_N1,0,1,0,14,2,0,0,0,0,0,2
2,27,MOVE2,multi_read,unseen,P0_N1,0,1,0,14,2,0,0,0,0,0,2
2,28,FANOUT3,single_read,unseen,P0_N1,0,1,1,5,0,0,0,0,0,0,0
2,29,COPY,single_read,unseen,P0_N1,0,1,1,3,0,0,0,0,0,0,0
2,30,CHAIN_COPY,single_read,unseen,P0_N1,0,1,1,5,0,0,0,0,0,0,0
2,31,DUPLICATE,single_read,unseen,P0_N1,0,1,1,4,0,0,0,0,0,0,0
2,32,COPY,single_read,unseen,P0_N1,0,1,1,3,0,0,0,0,0,0,0
2,33,DUPLICATE,single_read,unseen,P0_N1,0,1,1,4,0,0,0,0,0,0,0
2,34,DUPLICATE,single_read,unseen,P0_N1,0,1,1,4,0,0,0,0,0,0,0
2,35,DUPLICATE,single_read,unseen,P0_N1,0,1,1,4,0,0,0,0,0,0,0
2,36,DUPLICATE,single_read,unseen,P0_N1,0,1,1,4,0,0,0,0,0,0,0
2,37,COPY,single_read,unseen,P0_N1,0,1,1,3,0,0,0,0,0,0,0
2,38,MOVE2,multi_read,unseen,P0_N1,0,1,0,14,2,0,0,0,0,0,2
2,39,SWAP,multi_read,unseen,P0_N1,0,1,1,4,0,0,0,0,0,0,0
2,40,COPY,single_read,unseen,P0_N1,0,1,1,3,0,0,0,0,0,0,0
2,41,ROTATE3,multi_read,unseen,P0_N1,0,1,0,14,3,0,0,0,0,0,2
2,42,FANOUT3,single_read,unseen,P0_N1,0,1,1,5,0,0,0,0,0,0,0
2,43,ROTATE3,multi_read,unseen,P0_N1,0,1,0,14,4,0,0,0,0,0,2
2,44,ROTATE3,multi_read,unseen,P0_N1,0,1,1,6,0,0,0,0,0,0,0
2,45,DUPLICATE,single_read,unseen,P0_N1,0,1,1,4,0,0,0,0,0,0,0
2,46,COPY,single_read,unseen,P0_N1,0,1,1,3,0,0,0,0,0,0,0
2,47,ROTATE3,multi_read,unseen,P0_N1,0,1,0,14,3,0,0,0,0,0,2
2,48,SWAP,multi_read,unseen,P0_N1,0,1,0,14,2,0,0,0,0,0,2
2,49,SWAP,multi_read,unseen,P0_N1,0,1,0,14,2,0,0,0,0,0,2
2,50,CHAIN_COPY,single_read,unseen,P0_N1,0,1,1,5,0,0,0,0,0,0,0
2,51,FANOUT3,single_read,unseen,P0_N1,0,1,1,5,0,0,0,0,0,0,0
2,52,COPY,single_read,unseen,P0_N1,0,1,1,3,0,0,0,0,0,0,0
2,53,BACKUP_CLEAR,single_read,unseen,P0_N1,0,1,1,4,0,0,0,0,0,0,0
2,54,CHAIN_COPY,single_read,unseen,P0_N1,0,1,1,5,0,0,0,0,0,0,0
2,55,CHAIN_COPY,single_read,unseen,P0_N1,0,1,0,14,2,0,0,0,0,0,2
2,56,SWAP,multi_read,unseen,P0_N1,0,1,0,14,2,0,0,0,0,0,2
2,57,SWAP,multi_read,unseen,P0_N1,0,1,0,14,2,0,0,0,0,0,2
2,58,DUPLICATE,single_read,unseen,P0_N1,0,1,1,4,0,0,0,0,0,0,0
2,59,COPY,single_read,unseen,P0_N1,0,1,1,3,0,0,0,0,0,0,0
2,60,DUPLICATE,single_read,unseen,P0_N1,0,1,1,4,0,0,0,0,0,0,0
2,61,FANOUT3,single_read,unseen,P0_N1,0,1,1,5,0,0,0,0,0,0,0
2,62,BACKUP_CLEAR,single_read,unseen,P0_N1,0,1,1,4,0,0,0,0,0,0,0
2,63,DUPLICATE,single_read,unseen,P0_N1,0,1,1,4,0,0,0,0,0,0,0
2,64,FANOUT3,single_read,unseen,P0_N1,0,1,1,5,0,0,0,0,0,0,0
2,65,SWAP,multi_read,unseen,P0_N1,0,1,1,4,0,0,0,0,0,0,0
2,66,MOVE2,multi_read,unseen,P0_N1,0,1,1,6,0,0,0,0,0,0,0
2,67,BACKUP_CLEAR,single_read,unseen,P0_N1,0,1,1,4,0,0,0,0,0,0,0
2,68,MOVE2,multi_read,unseen,P0_N1,0,1,0,14,2,0,0,0,0,0,2
2,69,COPY,single_read,unseen,P0_N1,0,1,1,3,0,0,0,0,0,0,0
2,70,SWAP,multi_read,unseen,P0_N1,0,1,0,14,2,0,0,0,0,0,2
2,71,CHAIN_COPY,single_read,unseen,P0_N1,0,1,1,5,0,0,0,0,0,0,0
2,72,CHAIN_COPY,single_read,unseen,P0_N1,0,1,1,5,0,0,0,0,0,0,0
2,73,BACKUP_CLEAR,single_read,unseen,P0_N1,0,1,1,4,0,0,0,0,0,0,0
2,74,FANOUT3,single_read,unseen,P0_N1,0,1,1,5,0,0,0,0,0,0,0
2,75,DUPLICATE,single_read,unseen,P0_N1,0,1,1,4,0,0,0,0,0,0,0
2,76,DUAL_COPY,multi_read,unseen,P0_N1,0,1,1,4,0,0,0,0,0,0,0
2,77,DUPLICATE,single_read,unseen,P0_N1,0,1,1,4,0,0,0,0,0,0,0
2,78,ROTATE3,multi_read,unseen,P0_N1,0,1,0,14,3,0,0,0,0,0,2
2,79,DUAL_COPY,multi_read,unseen,P0_N1,0,1,1,4,0,0,0,0,0,0,0
2,80,COPY,single_read,unseen,P0_N1,0,1,1,3,0,0,0,0,0,0,0
2,81,BACKUP_CLEAR,single_read,unseen,P0_N1,0,1,1,4,0,0,0,0,0,0,0
2,82,CHAIN_COPY,single_read,unseen,P0_N1,0,1,1,5,0,0,0,0,0,0,0
2,83,DUPLICATE,single_read,unseen,P0_N1,0,1,1,4,0,0,0,0,0,0,0
2,84,COPY,single_read,unseen,P0_N1,0,1,1,3,0,0,0,0,0,0,0
2,85,FANOUT3,single_read,unseen,P0_N1,0,1,1,5,0,0,0,0,0,0,0
2,86,SWAP,multi_read,unseen,P0_N1,0,1,1,4,0,0,0,0,0,0,0
2,87,COPY,single_read,unseen,P0_N1,0,1,1,3,0,0,0,0,0,0,0
2,88,ROTATE3,multi_read,unseen,P0_N1,0,1,0,14,3,0,0,0,0,0,2
2,89,MOVE2,multi_read,unseen,P0_N1,0,1,0,14,2,0,0,0,0,0,2
2,90,COPY,single_read,unseen,P0_N1,0,1,1,3,0,0,0,0,0,0,0
2,91,BACKUP_CLEAR,single_read,unseen,P0_N1,0,1,1,4,0,0,0,0,0,0,0
2,92,SWAP,multi_read,unseen,P0_N1,0,1,1,4,0,0,0,0,0,0,0
2,93,CHAIN_COPY,single_read,unseen,P0_N1,0,1,1,5,0,0,0,0,0,0,0
2,94,ROTATE3,multi_read,unseen,P0_N1,0,1,1,6,0,0,0,0,0,0,0
2,95,FANOUT3,single_read,unseen,P0_N1,0,1,0,14,4,0,0,0,0,0,2
2,96,DUPLICATE,single_read,unseen,P0_N1,0,1,1,4,0,0,0,0,0,0,0
2,97,BACKUP_CLEAR,single_read,unseen,P0_N1,0,1,1,4,0,0,0,0,0,0,0
2,98,DUAL_COPY,multi_read,unseen,P0_N1,0,1,0,14,2,0,0,0,0,0,2
2,99,ROTATE3,multi_read,unseen,P0_N1,0,1,0,14,4,0,0,0,0,0,2
2,100,SWAP,multi_read,unseen,P0_N1,0,1,1,4,0,0,0,0,0,0,0
2,101,DUAL_COPY,multi_read,unseen,P0_N1,0,1,1,4,0,0,0,0,0,0,0
2,102,ROTATE3,multi_read,unseen,P0_N1,0,1,0,14,3,0,0,0,0,0,2
2,103,BACKUP_CLEAR,single_read,unseen,P0_N1,0,1,1,4,0,0,0,0,0,0,0
2,104,MOVE2,multi_read,unseen,P0_N1,0,1,0,14,2,0,0,0,0,0,2
2,105,SWAP,multi_read,unseen,P0_N1,0,1,0,14,2,0,0,0,0,0,2
2,106,CHAIN_COPY,single_read,unseen,P0_N1,0,1,1,5,0,0,0,0,0,0,0
2,107,CHAIN_COPY,single_read,unseen,P0_N1,0,1,1,5,0,0,0,0,0,0,0
2,108,SWAP,multi_read,unseen,P0_N1,0,1,0,14,2,0,0,0,0,0,2
2,109,ROTATE3,multi_read,unseen,P0_N1,0,1,0,14,3,0,0,0,0,0,2
2,110,DUPLICATE,single_read,unseen,P0_N1,0,1,1,4,0,0,0,0,0,0,0
2,111,FANOUT3,single_read,unseen,P0_N1,0,1,1,5,0,0,0,0,0,0,0
2,112,DUPLICATE,single_read,unseen,P0_N1,0,1,1,4,0,0,0,0,0,0,0
2,113,ROTATE3,multi_read,unseen,P0_N1,0,1,0,14,3,0,0,0,0,0,2
2,114,SWAP,multi_read,unseen,P0_N1,0,1,0,14,3,0,0,0,0,0,2
2,115,ROTATE3,multi_read,unseen,P0_N1,0,1,0,14,3,0,0,0,0,0,2
2,116,ROTATE3,multi_read,unseen,P0_N1,0,1,0,14,4,0,0,0,0,0,2
2,117,ROTATE3,multi_read,unseen,P0_N1,0,1,1,6,0,0,0,0,0,0,0
2,118,DUAL_COPY,multi_read,unseen,P0_N1,0,1,0,14,2,0,0,0,0,0,2
2,119,FANOUT3,single_read,unseen,P0_N1,0,1,1,5,0,0,0,0,0,0,0
2,120,COPY,single_read,unseen,P0_N1,0,1,1,3,0,0,0,0,0,0,0
2,121,DUAL_COPY,multi_read,unseen,P0_N1,0,1,0,14,2,0,0,0,0,0,2
2,122,FANOUT3,single_read,unseen,P0_N1,0,1,1,5,0,0,0,0,0,0,0
2,123,FANOUT3,single_read,unseen,P0_N1,0,1,1,5,0,0,0,0,0,0,0
2,124,FANOUT3,single_read,unseen,P0_N1,0,1,1,5,0,0,0,0,0,0,0
2,125,FANOUT3,single_read,unseen,P0_N1,0,1,1,5,0,0,0,0,0,0,0
2,126,CHAIN_COPY,single_read,unseen,P0_N1,0,1,1,5,0,0,0,0,0,0,0
2,127,BACKUP_CLEAR,single_read,unseen,P0_N1,0,1,1,4,0,0,0,0,0,0,0
2,128,CHAIN_COPY,single_read,unseen,P0_N1,0,1,1,5,0,0,0,0,0,0,0
2,129,ROTATE3,multi_read,unseen,P0_N1,0,1,0,14,3,0,0,0,0,0,2
2,130,FANOUT3,single_read,unseen,P0_N1,0,1,1,5,0,0,0,0,0,0,0
2,131,MOVE2,multi_read,unseen,P0_N1,0,1,0,14,5,0,0,0,0,0,2
2,132,MOVE2,multi_read,unseen,P0_N1,0,1,1,6,0,0,0,0,0,0,0
2,133,SWAP,multi_read,unseen,P0_N1,0,1,1,4,0,0,0,0,0,0,0
2,134,BACKUP_CLEAR,single_read,unseen,P0_N1,0,1,1,4,0,0,0,0,0,0,0
2,135,FANOUT3,single_read,unseen,P0_N1,0,1,1,5,0,0,0,0,0,0,0
2,136,MOVE2,multi_read,unseen,P0_N1,0,1,0,14,2,0,0,0,0,0,2
2,137,DUAL_COPY,multi_read,unseen,P0_N1,0,1,0,14,2,0,0,0,0,0,2
2,138,SWAP,multi_read,unseen,P0_N1,0,1,0,14,2,0,0,0,0,0,2
2,139,DUPLICATE,single_read,unseen,P0_N1,0,1,1,4,0,0,0,0,0,0,0
2,140,FANOUT3,single_read,unseen,P0_N1,0,1,1,5,0,0,0,0,0,0,0
2,141,MOVE2,multi_read,unseen,P0_N1,0,1,0,14,2,0,0,0,0,0,2
2,142,MOVE2,multi_read,unseen,P0_N1,0,1,1,6,0,0,0,0,0,0,0
2,143,BACKUP_CLEAR,single_read,unseen,P0_N1,0,1,1,4,0,0,0,0,0,0,0
2,144,ROTATE3,multi_read,unseen,P0_N1,0,1,1,6,0,0,0,0,0,0,0
2,145,SWAP,multi_read,unseen,P0_N1,0,1,1,4,0,0,0,0,0,0,0
2,146,DUPLICATE,single_read,unseen,P0_N1,0,1,1,4,0,0,0,0,0,0,0
2,147,DUPLICATE,single_read,unseen,P0_N1,0,1,1,4,0,0,0,0,0,0,0
2,148,COPY,single_read,unseen,P0_N1,0,1,1,3,0,0,0,0,0,0,0
2,149,DUPLICATE,single_read,unseen,P0_N1,0,1,1,4,0,0,0,0,0,0,0
2,150,FANOUT3,single_read,unseen,P0_N1,0,1,1,5,0,0,0,0,0,0,0
2,151,DUPLICATE,single_read,unseen,P0_N1,0,1,1,4,0,0,0,0,0,0,0
2,152,SWAP,multi_read,unseen,P0_N1,0,1,1,4,0,0,0,0,0,0,0
2,153,FANOUT3,single_read,unseen,P0_N1,0,1,1,5,0,0,0,0,0,0,0
2,154,DUPLICATE,single_read,unseen,P0_N1,0,1,1,4,0,0,0,0,0,0,0
2,155,DUPLICATE,single_read,unseen,P0_N1,0,1,1,4,0,0,0,0,0,0,0
2,156,DUPLICATE,single_read,unseen,P0_N1,0,1,1,4,0,0,0,0,0,0,0
2,157,ROTATE3,multi_read,unseen,P0_N1,0,1,0,14,3,0,0,0,0,0,2
2,158,ROTATE3,multi_read,unseen,P0_N1,0,1,0,14,2,0,0,0,0,0,2
2,159,CHAIN_COPY,single_read,unseen,P0_N1,0,1,0,14,3,0,0,0,0,0,2
2,160,COPY,single_read,unseen,P0_N1,0,1,1,3,0,0,0,0,0,0,0
2,161,DUAL_COPY,multi_read,unseen,P0_N1,0,1,0,14,2,0,0,0,0,0,2
2,162,MOVE2,multi_read,unseen,P0_N1,0,1,0,14,2,0,0,0,0,0,2
2,163,COPY,single_read,unseen,P0_N1,0,1,1,3,0,0,0,0,0,0,0
2,164,SWAP,multi_read,unseen,P0_N1,0,1,0,14,2,0,0,0,0,0,2
2,165,BACKUP_CLEAR,single_read,unseen,P0_N1,0,1,1,4,0,0,0,0,0,0,0
2,166,ROTATE3,multi_read,unseen,P0_N1,0,1,0,14,3,0,0,0,0,0,2
2,167,SWAP,multi_read,unseen,P0_N1,0,1,1,4,0,0,0,0,0,0,0
2,168,ROTATE3,multi_read,unseen,P0_N1,0,1,0,14,2,0,0,0,0,0,2
2,169,SWAP,multi_read,unseen,P0_N1,0,1,1,4,0,0,0,0,0,0,0
2,170,BACKUP_CLEAR,single_read,unseen,P0_N1,0,1,1,4,0,0,0,0,0,0,0
2,171,COPY,single_read,unseen,P0_N1,0,1,1,3,0,0,0,0,0,0,0
2,172,DUPLICATE,single_read,unseen,P0_N1,0,1,1,4,0,0,0,0,0,0,0
2,173,SWAP,multi_read,unseen,P0_N1,0,1,0,14,2,0,0,0,0,0,2
2,174,MOVE2,multi_read,unseen,P0_N1,0,1,1,6,0,0,0,0,0,0,0
2,175,CHAIN_COPY,single_read,unseen,P0_N1,0,1,1,5,0,0,0,0,0,0,0
2,176,FANOUT3,single_read,unseen,P0_N1,0,1,1,5,0,0,0,0,0,0,0
2,177,FANOUT3,single_read,unseen,P0_N1,0,1,1,5,0,0,0,0,0,0,0
2,178,BACKUP_CLEAR,single_read,unseen,P0_N1,0,1,1,4,0,0,0,0,0,0,0
2,179,SWAP,multi_read,unseen,P0_N1,0,1,1,4,0,0,0,0,0,0,0
2,180,MOVE2,multi_read,unseen,P0_N1,0,1,0,14,2,0,0,0,0,0,2
2,181,ROTATE3,multi_read,unseen,P0_N1,0,1,0,14,3,0,0,0,0,0,2
2,182,ROTATE3,multi_read,unseen,P0_N1,0,1,0,14,3,0,0,0,0,0,2
2,183,SWAP,multi_read,unseen,P0_N1,0,1,1,4,0,0,0,0,0,0,0
2,184,SWAP,multi_read,unseen,P0_N1,0,1,0,14,2,0,0,0,0,0,2
2,185,DUPLICATE,single_read,unseen,P0_N1,0,1,1,4,0,0,0,0,0,0,0
2,186,COPY,single_read,unseen,P0_N1,0,1,1,3,0,0,0,0,0,0,0
2,187,FANOUT3,single_read,unseen,P0_N1,0,1,1,5,0,0,0,0,0,0,0
2,188,CHAIN_COPY,single_read,unseen,P0_N1,0,1,1,5,2,0,0,0,0,0,0
2,189,FANOUT3,single_read,unseen,P0_N1,0,1,1,5,0,0,0,0,0,0,0
2,190,COPY,single_read,unseen,P0_N1,0,1,1,3,0,0,0,0,0,0,0
2,191,SWAP,multi_read,unseen,P0_N1,0,1,0,14,2,0,0,0,0,0,2
2,192,ROTATE3,multi_read,unseen,P0_N1,0,1,0,14,4,0,0,0,0,0,2
2,193,BACKUP_CLEAR,single_read,unseen,P0_N1,0,1,1,4,0,0,0,0,0,0,0
2,194,FANOUT3,single_read,unseen,P0_N1,0,1,1,5,0,0,0,0,0,0,0
2,195,SWAP,multi_read,unseen,P0_N1,0,1,1,4,0,0,0,0,0,0,0
2,196,MOVE2,multi_read,unseen,P0_N1,0,1,0,14,2,0,0,0,0,0,2
2,197,DUPLICATE,single_read,unseen,P0_N1,0,1,1,4,0,0,0,0,0,0,0
2,198,DUPLICATE,single_read,unseen,P0_N1,0,1,1,4,0,0,0,0,0,0,0
2,199,FANOUT3,single_read,unseen,P0_N1,0,1,1,5,0,0,0,0,0,0,0
2,0,BACKUP_CLEAR,single_read,unseen,P0_N0,0,0,0,14,2,0,0,0,0,0,2
2,1,DUAL_COPY,multi_read,unseen,P0_N0,0,0,0,14,2,0,0,0,0,0,2
2,2,ROTATE3,multi_read,unseen,P0_N0,0,0,0,14,2,0,0,0,0,0,2
2,3,DUPLICATE,single_read,unseen,P0_N0,0,0,0,14,2,0,0,0,0,0,2
2,4,SWAP,multi_read,unseen,P0_N0,0,0,0,14,3,0,0,0,0,0,2
2,5,DUAL_COPY,multi_read,unseen,P0_N0,0,0,0,14,3,0,0,0,0,0,2
2,6,MOVE2,multi_read,unseen,P0_N0,0,0,0,14,2,0,0,0,0,0,2
2,7,BACKUP_CLEAR,single_read,unseen,P0_N0,0,0,0,14,2,0,0,0,0,0,2
2,8,COPY,single_read,unseen,P0_N0,0,0,0,14,2,0,0,0,0,0,2
2,9,MOVE2,multi_read,unseen,P0_N0,0,0,0,14,2,0,0,0,0,0,2
2,10,CHAIN_COPY,single_read,unseen,P0_N0,0,0,0,14,2,0,0,0,0,0,2
2,11,SWAP,multi_read,unseen,P0_N0,0,0,0,14,2,0,0,0,0,0,2
2,12,DUPLICATE,single_read,unseen,P0_N0,0,0,0,14,2,0,0,0,0,0,2
2,13,CHAIN_COPY,single_read,unseen,P0_N0,0,0,0,14,2,0,0,0,0,0,2
2,14,ROTATE3,multi_read,unseen,P0_N0,0,0,0,14,2,0,0,0,0,0,2
2,15,DUAL_COPY,multi_read,unseen,P0_N0,0,0,0,14,2,0,0,0,0,0,2
2,16,MOVE2,multi_read,unseen,P0_N0,0,0,0,14,2,0,0,0,0,0,2
2,17,FANOUT3,single_read,unseen,P0_N0,0,0,0,14,2,0,0,0,0,0,2
2,18,DUAL_COPY,multi_read,unseen,P0_N0,0,0,0,14,2,0,0,0,0,0,2
2,19,DUPLICATE,single_read,unseen,P0_N0,0,0,0,14,2,0,0,0,0,0,2
2,20,BACKUP_CLEAR,single_read,unseen,P0_N0,0,0,1,4,0,0,0,0,0,0,0
2,21,COPY,single_read,unseen,P0_N0,0,0,0,14,2,0,0,0,0,0,2
2,22,ROTATE3,multi_read,unseen,P0_N0,0,0,0,14,3,0,0,0,0,0,2
2,23,FANOUT3,single_read,unseen,P0_N0,0,0,0,14,2,0,0,0,0,0,2
2,24,BACKUP_CLEAR,single_read,unseen,P0_N0,0,0,0,14,2,0,0,0,0,0,2
2,25,ROTATE3,multi_read,unseen,P0_N0,0,0,0,14,2,0,0,0,0,0,2
2,26,SWAP,multi_read,unseen,P0_N0,0,0,0,14,2,0,0,0,0,0,2
2,27,MOVE2,multi_read,unseen,P0_N0,0,0,0,14,2,0,0,0,0,0,2
2,28,FANOUT3,single_read,unseen,P0_N0,0,0,0,14,2,0,0,0,0,0,2
2,29,COPY,single_read,unseen,P0_N0,0,0,0,14,2,0,0,0,0,0,2
2,30,CHAIN_COPY,single_read,unseen,P0_N0,0,0,0,14,2,0,0,0,0,0,2
2,31,DUPLICATE,single_read,unseen,P0_N0,0,0,0,14,2,0,0,0,0,0,2
2,32,COPY,single_read,unseen,P0_N0,0,0,0,14,2,0,0,0,0,0,2
2,33,DUPLICATE,single_read,unseen,P0_N0,0,0,0,14,2,0,0,0,0,0,2
2,34,DUPLICATE,single_read,unseen,P0_N0,0,0,0,14,2,0,0,0,0,0,2
2,35,DUPLICATE,single_read,unseen,P0_N0,0,0,0,14,2,0,0,0,0,0,2
2,36,DUPLICATE,single_read,unseen,P0_N0,0,0,0,14,2,0,0,0,0,0,2
2,37,COPY,single_read,unseen,P0_N0,0,0,0,14,2,0,0,0,0,0,2
2,38,MOVE2,multi_read,unseen,P0_N0,0,0,0,14,2,0,0,0,0,0,2
2,39,SWAP,multi_read,unseen,P0_N0,0,0,0,14,2,0,0,0,0,0,2
2,40,COPY,single_read,unseen,P0_N0,0,0,0,14,2,0,0,0,0,0,2
2,41,ROTATE3,multi_read,unseen,P0_N0,0,0,0,14,2,0,0,0,0,0,2
2,42,FANOUT3,single_read,unseen,P0_N0,0,0,0,14,2,0,0,0,0,0,2
2,43,ROTATE3,multi_read,unseen,P0_N0,0,0,0,14,2,0,0,0,0,0,2
2,44,ROTATE3,multi_read,unseen,P0_N0,0,0,0,14,2,0,0,0,0,0,2
2,45,DUPLICATE,single_read,unseen,P0_N0,0,0,0,14,2,0,0,0,0,0,2
2,46,COPY,single_read,unseen,P0_N0,0,0,0,14,2,0,0,0,0,0,2
2,47,ROTATE3,multi_read,unseen,P0_N0,0,0,0,14,2,0,0,0,0,0,2
2,48,SWAP,multi_read,unseen,P0_N0,0,0,0,14,2,0,0,0,0,0,2
2,49,SWAP,multi_read,unseen,P0_N0,0,0,0,14,2,0,0,0,0,0,2
2,50,CHAIN_COPY,single_read,unseen,P0_N0,0,0,0,14,2,0,0,0,0,0,2
2,51,FANOUT3,single_read,unseen,P0_N0,0,0,0,14,2,0,0,0,0,0,2
2,52,COPY,single_read,unseen,P0_N0,0,0,0,14,2,0,0,0,0,0,2
2,53,BACKUP_CLEAR,single_read,unseen,P0_N0,0,0,0,14,2,0,0,0,0,0,2
2,54,CHAIN_COPY,single_read,unseen,P0_N0,0,0,0,14,0,3,3,0,0,0,0
2,55,CHAIN_COPY,single_read,unseen,P0_N0,0,0,0,14,2,0,0,0,0,0,2
2,56,SWAP,multi_read,unseen,P0_N0,0,0,0,14,2,0,0,0,0,0,2
2,57,SWAP,multi_read,unseen,P0_N0,0,0,0,14,2,0,0,0,0,0,2
2,58,DUPLICATE,single_read,unseen,P0_N0,0,0,0,14,2,0,0,0,0,0,2
2,59,COPY,single_read,unseen,P0_N0,0,0,0,14,2,0,0,0,0,0,2
2,60,DUPLICATE,single_read,unseen,P0_N0,0,0,0,14,2,0,0,0,0,0,2
2,61,FANOUT3,single_read,unseen,P0_N0,0,0,0,14,2,0,0,0,0,0,2
2,62,BACKUP_CLEAR,single_read,unseen,P0_N0,0,0,0,14,2,0,0,0,0,0,2
2,63,DUPLICATE,single_read,unseen,P0_N0,0,0,0,14,2,0,0,0,0,0,2
2,64,FANOUT3,single_read,unseen,P0_N0,0,0,0,14,2,0,0,0,0,0,2
2,65,SWAP,multi_read,unseen,P0_N0,0,0,0,14,2,0,0,0,0,0,2
2,66,MOVE2,multi_read,unseen,P0_N0,0,0,0,14,2,0,0,0,0,0,2
2,67,BACKUP_CLEAR,single_read,unseen,P0_N0,0,0,0,14,2,0,0,0,0,0,2
2,68,MOVE2,multi_read,unseen,P0_N0,0,0,0,14,2,0,0,0,0,0,2
2,69,COPY,single_read,unseen,P0_N0,0,0,0,14,2,0,0,0,0,0,2
2,70,SWAP,multi_read,unseen,P0_N0,0,0,0,14,2,0,0,0,0,0,2
2,71,CHAIN_COPY,single_read,unseen,P0_N0,0,0,0,14,2,0,0,0,0,0,2
2,72,CHAIN_COPY,single_read,unseen,P0_N0,0,0,0,14,2,0,0,0,0,0,2
2,73,BACKUP_CLEAR,single_read,unseen,P0_N0,0,0,0,14,2,0,0,0,0,0,2
2,74,FANOUT3,single_read,unseen,P0_N0,0,0,0,14,2,0,0,0,0,0,2
2,75,DUPLICATE,single_read,unseen,P0_N0,0,0,0,14,2,0,0,0,0,0,2
2,76,DUAL_COPY,multi_read,unseen,P0_N0,0,0,0,14,2,0,0,0,0,0,2
2,77,DUPLICATE,single_read,unseen,P0_N0,0,0,0,14,2,0,0,0,0,0,2
2,78,ROTATE3,multi_read,unseen,P0_N0,0,0,0,14,2,0,0,0,0,0,2
2,79,DUAL_COPY,multi_read,unseen,P0_N0,0,0,0,14,2,0,0,0,0,0,2
2,80,COPY,single_read,unseen,P0_N0,0,0,0,14,2,0,0,0,0,0,2
2,81,BACKUP_CLEAR,single_read,unseen,P0_N0,0,0,0,14,2,0,0,0,0,0,2
2,82,CHAIN_COPY,single_read,unseen,P0_N0,0,0,0,14,2,0,0,0,0,0,2
2,83,DUPLICATE,single_read,unseen,P0_N0,0,0,0,14,2,0,0,0,0,0,2
2,84,COPY,single_read,unseen,P0_N0,0,0,1,3,0,0,0,0,0,0,0
2,85,FANOUT3,single_read,unseen,P0_N0,0,0,0,14,2,0,0,0,0,0,2
2,86,SWAP,multi_read,unseen,P0_N0,0,0,0,14,2,0,0,0,0,0,2
2,87,COPY,single_read,unseen,P0_N0,0,0,0,14,2,0,0,0,0,0,2
2,88,ROTATE3,multi_read,unseen,P0_N0,0,0,0,14,2,0,0,0,0,0,2
2,89,MOVE2,multi_read,unseen,P0_N0,0,0,0,14,3,0,0,0,0,0,2
2,90,COPY,single_read,unseen,P0_N0,0,0,1,3,0,0,0,0,0,0,0
2,91,BACKUP_CLEAR,single_read,unseen,P0_N0,0,0,0,14,2,0,0,0,0,0,2
2,92,SWAP,multi_read,unseen,P0_N0,0,0,0,14,3,0,0,0,0,0,2
2,93,CHAIN_COPY,single_read,unseen,P0_N0,0,0,0,14,2,0,0,0,0,0,2
2,94,ROTATE3,multi_read,unseen,P0_N0,0,0,0,14,2,0,0,0,0,0,2
2,95,FANOUT3,single_read,unseen,P0_N0,0,0,0,14,2,0,0,0,0,0,2
2,96,DUPLICATE,single_read,unseen,P0_N0,0,0,0,14,2,0,0,0,0,0,2
2,97,BACKUP_CLEAR,single_read,unseen,P0_N0,0,0,0,14,2,0,0,0,0,0,2
2,98,DUAL_COPY,multi_read,unseen,P0_N0,0,0,0,14,2,0,0,0,0,0,2
2,99,ROTATE3,multi_read,unseen,P0_N0,0,0,0,14,2,0,0,0,0,0,2
2,100,SWAP,multi_read,unseen,P0_N0,0,0,0,14,2,0,0,0,0,0,2
2,101,DUAL_COPY,multi_read,unseen,P0_N0,0,0,0,14,2,0,0,0,0,0,2
2,102,ROTATE3,multi_read,unseen,P0_N0,0,0,0,14,2,0,0,0,0,0,2
2,103,BACKUP_CLEAR,single_read,unseen,P0_N0,0,0,0,14,2,0,0,0,0,0,2
2,104,MOVE2,multi_read,unseen,P0_N0,0,0,0,14,2,0,0,0,0,0,2
2,105,SWAP,multi_read,unseen,P0_N0,0,0,0,14,2,0,0,0,0,0,2
2,106,CHAIN_COPY,single_read,unseen,P0_N0,0,0,0,14,3,0,0,0,0,0,2
2,107,CHAIN_COPY,single_read,unseen,P0_N0,0,0,0,14,2,0,0,0,0,0,2
2,108,SWAP,multi_read,unseen,P0_N0,0,0,0,14,2,0,0,0,0,0,2
2,109,ROTATE3,multi_read,unseen,P0_N0,0,0,0,14,3,0,0,0,0,0,2
2,110,DUPLICATE,single_read,unseen,P0_N0,0,0,0,14,2,0,0,0,0,0,2
2,111,FANOUT3,single_read,unseen,P0_N0,0,0,0,14,3,0,0,0,0,0,2
2,112,DUPLICATE,single_read,unseen,P0_N0,0,0,0,14,2,0,0,0,0,0,2
2,113,ROTATE3,multi_read,unseen,P0_N0,0,0,0,14,2,0,0,0,0,0,2
2,114,SWAP,multi_read,unseen,P0_N0,0,0,0,14,2,0,0,0,0,0,2
2,115,ROTATE3,multi_read,unseen,P0_N0,0,0,0,14,2,0,0,0,0,0,2
2,116,ROTATE3,multi_read,unseen,P0_N0,0,0,0,14,2,0,0,0,0,0,2
2,117,ROTATE3,multi_read,unseen,P0_N0,0,0,0,14,2,0,0,0,0,0,2
2,118,DUAL_COPY,multi_read,unseen,P0_N0,0,0,0,14,2,0,0,0,0,0,2
2,119,FANOUT3,single_read,unseen,P0_N0,0,0,0,14,2,0,0,0,0,0,2
2,120,COPY,single_read,unseen,P0_N0,0,0,0,14,2,0,0,0,0,0,2
2,121,DUAL_COPY,multi_read,unseen,P0_N0,0,0,0,14,2,0,0,0,0,0,2
2,122,FANOUT3,single_read,unseen,P0_N0,0,0,0,14,2,0,0,0,0,0,2
2,123,FANOUT3,single_read,unseen,P0_N0,0,0,0,14,2,0,0,0,0,0,2
2,124,FANOUT3,single_read,unseen,P0_N0,0,0,0,14,2,0,0,0,0,0,2
2,125,FANOUT3,single_read,unseen,P0_N0,0,0,0,14,2,0,0,0,0,0,2
2,126,CHAIN_COPY,single_read,unseen,P0_N0,0,0,0,14,2,0,0,0,0,0,2
2,127,BACKUP_CLEAR,single_read,unseen,P0_N0,0,0,0,14,2,0,0,0,0,0,2
2,128,CHAIN_COPY,single_read,unseen,P0_N0,0,0,0,14,2,0,0,0,0,0,2
2,129,ROTATE3,multi_read,unseen,P0_N0,0,0,0,14,3,0,0,0,0,0,2
2,130,FANOUT3,single_read,unseen,P0_N0,0,0,0,14,2,0,0,0,0,0,2
2,131,MOVE2,multi_read,unseen,P0_N0,0,0,0,14,2,0,0,0,0,0,2
2,132,MOVE2,multi_read,unseen,P0_N0,0,0,0,14,2,0,0,0,0,0,2
2,133,SWAP,multi_read,unseen,P0_N0,0,0,0,14,2,0,0,0,0,0,2
2,134,BACKUP_CLEAR,single_read,unseen,P0_N0,0,0,0,14,2,0,0,0,0,0,2
2,135,FANOUT3,single_read,unseen,P0_N0,0,0,0,14,2,0,0,0,0,0,2
2,136,MOVE2,multi_read,unseen,P0_N0,0,0,0,14,2,0,0,0,0,0,2
2,137,DUAL_COPY,multi_read,unseen,P0_N0,0,0,0,14,2,0,0,0,0,0,2
2,138,SWAP,multi_read,unseen,P0_N0,0,0,0,14,2,0,0,0,0,0,2
2,139,DUPLICATE,single_read,unseen,P0_N0,0,0,0,14,2,0,0,0,0,0,2
2,140,FANOUT3,single_read,unseen,P0_N0,0,0,0,14,2,0,0,0,0,0,2
2,141,MOVE2,multi_read,unseen,P0_N0,0,0,0,14,2,0,0,0,0,0,2
2,142,MOVE2,multi_read,unseen,P0_N0,0,0,0,14,2,0,0,0,0,0,1
2,143,BACKUP_CLEAR,single_read,unseen,P0_N0,0,0,0,14,2,0,0,0,0,0,2
2,144,ROTATE3,multi_read,unseen,P0_N0,0,0,0,14,2,0,0,0,0,0,2
2,145,SWAP,multi_read,unseen,P0_N0,0,0,0,14,2,0,0,0,0,0,2
2,146,DUPLICATE,single_read,unseen,P0_N0,0,0,0,14,2,0,0,0,0,0,2
2,147,DUPLICATE,single_read,unseen,P0_N0,0,0,0,14,2,0,0,0,0,0,2
2,148,COPY,single_read,unseen,P0_N0,0,0,0,14,2,0,0,0,0,0,2
2,149,DUPLICATE,single_read,unseen,P0_N0,0,0,0,14,2,0,0,0,0,0,2
2,150,FANOUT3,single_read,unseen,P0_N0,0,0,0,14,2,0,0,0,0,0,2
2,151,DUPLICATE,single_read,unseen,P0_N0,0,0,0,14,3,0,0,0,0,0,2
2,152,SWAP,multi_read,unseen,P0_N0,0,0,0,14,2,0,0,0,0,0,2
2,153,FANOUT3,single_read,unseen,P0_N0,0,0,0,14,2,0,0,0,0,0,2
2,154,DUPLICATE,single_read,unseen,P0_N0,0,0,0,14,2,0,0,0,0,0,2
2,155,DUPLICATE,single_read,unseen,P0_N0,0,0,0,14,2,0,0,0,0,0,2
2,156,DUPLICATE,single_read,unseen,P0_N0,0,0,0,14,2,0,0,0,0,0,2
2,157,ROTATE3,multi_read,unseen,P0_N0,0,0,0,14,2,0,0,0,0,0,2
2,158,ROTATE3,multi_read,unseen,P0_N0,0,0,0,14,2,0,0,0,0,0,2
2,159,CHAIN_COPY,single_read,unseen,P0_N0,0,0,0,14,2,0,0,0,0,0,2
2,160,COPY,single_read,unseen,P0_N0,0,0,0,14,2,0,0,0,0,0,2
2,161,DUAL_COPY,multi_read,unseen,P0_N0,0,0,0,14,2,0,0,0,0,0,2
2,162,MOVE2,multi_read,unseen,P0_N0,0,0,0,14,2,0,0,0,0,0,2
2,163,COPY,single_read,unseen,P0_N0,0,0,0,14,2,0,0,0,0,0,2
2,164,SWAP,multi_read,unseen,P0_N0,0,0,0,14,2,0,0,0,0,0,2
2,165,BACKUP_CLEAR,single_read,unseen,P0_N0,0,0,0,14,2,0,0,0,0,0,2
2,166,ROTATE3,multi_read,unseen,P0_N0,0,0,0,14,2,0,0,0,0,0,2
2,167,SWAP,multi_read,unseen,P0_N0,0,0,0,14,2,0,0,0,0,0,2
2,168,ROTATE3,multi_read,unseen,P0_N0,0,0,0,14,2,0,0,0,0,0,2
2,169,SWAP,multi_read,unseen,P0_N0,0,0,0,14,2,0,0,0,0,0,2
2,170,BACKUP_CLEAR,single_read,unseen,P0_N0,0,0,0,14,2,0,0,0,0,0,2
2,171,COPY,single_read,unseen,P0_N0,0,0,0,14,2,0,0,0,0,0,2
2,172,DUPLICATE,single_read,unseen,P0_N0,0,0,0,14,2,0,0,0,0,0,2
2,173,SWAP,multi_read,unseen,P0_N0,0,0,0,14,2,0,0,0,0,0,2
2,174,MOVE2,multi_read,unseen,P0_N0,0,0,0,14,2,0,0,0,0,0,2
2,175,CHAIN_COPY,single_read,unseen,P0_N0,0,0,0,14,2,0,0,0,0,0,2
2,176,FANOUT3,single_read,unseen,P0_N0,0,0,0,14,2,0,0,0,0,0,2
2,177,FANOUT3,single_read,unseen,P0_N0,0,0,0,14,2,0,0,0,0,0,2
2,178,BACKUP_CLEAR,single_read,unseen,P0_N0,0,0,0,14,2,0,0,0,0,0,2
2,179,SWAP,multi_read,unseen,P0_N0,0,0,0,14,2,0,0,0,0,0,2
2,180,MOVE2,multi_read,unseen,P0_N0,0,0,0,14,2,0,0,0,0,0,2
2,181,ROTATE3,multi_read,unseen,P0_N0,0,0,0,14,2,0,0,0,0,0,2
2,182,ROTATE3,multi_read,unseen,P0_N0,0,0,0,14,2,0,0,0,0,0,2
2,183,SWAP,multi_read,unseen,P0_N0,0,0,0,14,2,0,0,0,0,0,2
2,184,SWAP,multi_read,unseen,P0_N0,0,0,1,4,0,0,0,0,0,0,0
2,185,DUPLICATE,single_read,unseen,P0_N0,0,0,0,14,2,0,0,0,0,0,2
2,186,COPY,single_read,unseen,P0_N0,0,0,0,14,2,0,0,0,0,0,2
2,187,FANOUT3,single_read,unseen,P0_N0,0,0,0,14,2,0,0,0,0,0,2
2,188,CHAIN_COPY,single_read,unseen,P0_N0,0,0,0,14,2,0,0,0,0,0,2
2,189,FANOUT3,single_read,unseen,P0_N0,0,0,0,14,3,0,0,0,0,0,2
2,190,COPY,single_read,unseen,P0_N0,0,0,0,14,2,0,0,0,0,0,2
2,191,SWAP,multi_read,unseen,P0_N0,0,0,0,14,2,0,0,0,0,0,2
2,192,ROTATE3,multi_read,unseen,P0_N0,0,0,1,6,0,0,0,0,0,0,0
2,193,BACKUP_CLEAR,single_read,unseen,P0_N0,0,0,0,14,2,0,0,0,0,0,2
2,194,FANOUT3,single_read,unseen,P0_N0,0,0,0,14,2,0,0,0,0,0,2
2,195,SWAP,multi_read,unseen,P0_N0,0,0,0,14,2,0,0,0,0,0,2
2,196,MOVE2,multi_read,unseen,P0_N0,0,0,0,14,2,0,0,0,0,0,2
2,197,DUPLICATE,single_read,unseen,P0_N0,0,0,0,14,2,0,0,0,0,0,2
2,198,DUPLICATE,single_read,unseen,P0_N0,0,0,1,4,0,0,0,0,0,0,0
2,199,FANOUT3,single_read,unseen,P0_N0,0,0,0,14,2,0,0,0,0,0,2
