parameter,exact_AB_minus_BA,eta2_commutator_prediction,raw_bracket
W11,-0.00013218862998487513,-0.00013914704169349954,-0.0556588166773998
W12,7.07380828702947e-05,6.72112539607973e-05,0.026884501584318918
W21,4.374031954627877e-06,-4.338288554632461e-06,-0.0017353154218529843
W22,6.177744309679434e-05,5.892749879543372e-05,0.023570999518173485
u1,-0.0011085518336499123,-0.001108721347013718,-0.44348853880548705
u2,0.00025383476867835847,0.00025579052636784654,0.1023162105471386
b1,0.00048100676505480333,0.0004884736868474482,0.19538947473897922
b2,0.00021040159971716377,0.00021424405519309995,0.08569762207723997
v1,-4.1715581463486195e-05,-3.727978170746355e-05,-0.014911912682985418
v2,-2.228505577370199e-05,-2.5688031582295354e-05,-0.01027521263291814
