experiment_id,source_path,stored_path,role,directly_cited,locator,sha256,size_bytes
E29,evidence/phase2/G2_future_instruments/01_metric_benchmark.csv,evidence/phase2/G2_future_instruments/01_metric_benchmark.csv,result_table,True,,5bdd6780da6e21e363fc1f4ce09448d70af3c1d2b43112f7f29ad868202db15b,505
E29,evidence/phase2/G2_future_instruments/02_metric_top1_by_seed.csv,evidence/phase2/G2_future_instruments/02_metric_top1_by_seed.csv,result_table,True,,b1066224b4dcd0098508fd2c6f385ff796cebde2089bf41c03bf218024b2b453,285
E29,evidence/phase2/G2_future_instruments/03_influence_horizon_profile.csv,evidence/phase2/G2_future_instruments/03_influence_horizon_profile.csv,result_table,True,,bf2f77899853c075875f1e8fc23f9e597d077acb7e666b51445d944043dd0021,198
E29,evidence/phase2/G2_future_instruments/04_readability_vs_control_gain.csv,evidence/phase2/G2_future_instruments/04_readability_vs_control_gain.csv,result_table,False,,68d5940b4c754849f7f3e47af2702a4fc238f329c655315a529ef88535eda062,140
E29,evidence/phase2/G2_future_instruments/05_control_gain_heatmap.csv,evidence/phase2/G2_future_instruments/05_control_gain_heatmap.csv,result_table,False,,9a30c1d0907b54b2db28f81d8c8e42cdc574b52da52941eacc8caf9dfceb31b9,292
E29,evidence/phase2/G2_future_instruments/06_control_gain_validation.csv,evidence/phase2/G2_future_instruments/06_control_gain_validation.csv,result_table,False,,67af8afe9bc68574663ec283c171a73cd3f4164c53fcdea7bc547a844ce8e894,162
E29,evidence/phase2/G2_future_instruments/07_metric_ladder.png,evidence/phase2/G2_future_instruments/07_metric_ladder.png,figure,False,,fc2dc46296ae3e39b8692760f0a2e6f42966f0fa99b4589a4dbaf112eb0c0bd4,136554
E29,evidence/phase2/G2_future_instruments/08_influence_horizon.png,evidence/phase2/G2_future_instruments/08_influence_horizon.png,figure,False,,dba09603d6d6cdad2f10ec0d1c4b5e722d1fbb10a44a736e6814967035b7bc00,60945
E29,evidence/phase2/G2_future_instruments/09_readability_control_separation.png,evidence/phase2/G2_future_instruments/09_readability_control_separation.png,figure,False,,b2e9db74951d6956f052c517c0d9cd66ea087610df9adb88e3a4bd2b3f4aacd3,65080
E29,evidence/phase2/G2_future_instruments/10_control_gain_heatmap.png,evidence/phase2/G2_future_instruments/10_control_gain_heatmap.png,figure,False,,2d1d4a6b3c5efdb283a4d33732083ff397fd5a8dc558fe50fad0dff9c6d455c2,51369
E29,evidence/phase2/G2_future_instruments/PROTOCOL.md,evidence/phase2/G2_future_instruments/PROTOCOL.md,protocol_or_report,True,,cfc4acae36248c851cfca541e4c709c99ff4650a686acf39492901b9876a21fd,1360
E29,evidence/phase2/G2_future_instruments/REPORT.md,evidence/phase2/G2_future_instruments/REPORT.md,protocol_or_report,True,,4ffe65cd4948847c24381f2dac1a6aa40e7d829be6d784f7b9f3e9a2c87dacdd,9923
