epoch,train_logloss,validation_logloss
1,0.19111336767673492,0.20033998787403107
2,0.1910279244184494,0.20025072991847992
3,0.19098001718521118,0.2003995180130005
4,0.19093316793441772,0.20044325292110443
5,0.19091010093688965,0.20037847757339478
6,0.19088459014892578,0.200331911444664
7,0.19087690114974976,0.20035287737846375
8,0.19086392223834991,0.20040540397167206
9,0.19085578620433807,0.2004222720861435
10,0.19085156917572021,0.20037923753261566
11,0.1908411830663681,0.20032000541687012
12,0.19083279371261597,0.20028963685035706
13,0.19082382321357727,0.20029407739639282
14,0.19080950319766998,0.20031052827835083
15,0.19079601764678955,0.20030377805233002
16,0.19078224897384644,0.2002621442079544
17,0.19076542556285858,0.20020920038223267
18,0.19074973464012146,0.20017318427562714
19,0.19073478877544403,0.200161874294281
20,0.19071845710277557,0.20016087591648102
21,0.19070367515087128,0.2001446783542633
22,0.19069018959999084,0.20010250806808472
23,0.1906760036945343,0.20005114376544952
24,0.1906631737947464,0.20001377165317535
25,0.19065126776695251,0.1999979317188263
26,0.19063860177993774,0.19999167323112488
27,0.19062641263008118,0.19997486472129822
28,0.19061435759067535,0.19994103908538818
29,0.1906011700630188,0.1999048888683319
30,0.19058804214000702,0.19988369941711426
31,0.1905744969844818,0.1998794674873352
32,0.1905602365732193,0.1998784989118576
33,0.19054633378982544,0.1998652219772339
34,0.19053226709365845,0.19984030723571777
35,0.19051803648471832,0.19981887936592102
36,0.1905045509338379,0.1998106688261032
37,0.19049090147018433,0.19981037080287933
38,0.19047759473323822,0.199802964925766
39,0.190464586019516,0.19978167116641998
40,0.1904515027999878,0.1997552514076233
41,0.1904386281967163,0.1997355967760086
42,0.19042560458183289,0.19972339272499084
43,0.1904125213623047,0.19970785081386566
44,0.19039945304393768,0.19968125224113464
45,0.19038626551628113,0.19964930415153503
46,0.19037310779094696,0.19962374866008759
47,0.19036008417606354,0.1996072679758072
48,0.19034695625305176,0.19959169626235962
49,0.19033420085906982,0.19956907629966736
50,0.19032149016857147,0.19954298436641693
51,0.1903088241815567,0.1995227336883545
52,0.19029635190963745,0.19950951635837555
53,0.1902838796377182,0.19949539005756378
54,0.19027146697044373,0.19947437942028046
55,0.19025899469852448,0.19945131242275238
56,0.19024658203125,0.1994338482618332
57,0.19023428857326508,0.19942106306552887
58,0.19022198021411896,0.19940529763698578
59,0.19020971655845642,0.1993839591741562
60,0.19019746780395508,0.199363112449646
61,0.19018539786338806,0.19934716820716858
62,0.19017340242862701,0.19933225214481354
63,0.19016149640083313,0.1993127316236496
64,0.19014966487884521,0.19929037988185883
65,0.19013772904872894,0.19927160441875458
66,0.19012607634067535,0.19925637543201447
67,0.1901143193244934,0.19923926889896393
68,0.19010254740715027,0.1992187649011612
69,0.19009098410606384,0.19919921457767487
70,0.19007942080497742,0.19918321073055267
71,0.1900678426027298,0.1991671323776245
72,0.19005648791790009,0.19914765655994415
73,0.1900450885295868,0.19912806153297424
74,0.1900338977575302,0.19911165535449982
75,0.19002258777618408,0.1990964710712433
76,0.19001150131225586,0.19907863438129425
77,0.19000035524368286,0.19906002283096313
78,0.18998926877975464,0.19904403388500214
79,0.18997827172279358,0.19902919232845306
80,0.18996739387512207,0.19901202619075775
81,0.1899564564228058,0.19899407029151917
82,0.18994571268558502,0.19897828996181488
83,0.18993505835533142,0.19896328449249268
84,0.18992440402507782,0.19894632697105408
85,0.18991385400295258,0.1989285796880722
86,0.18990333378314972,0.19891265034675598
87,0.18989290297031403,0.19889715313911438
88,0.18988251686096191,0.19887998700141907
89,0.1898721605539322,0.1988629698753357
90,0.18986202776432037,0.19884778559207916
91,0.18985189497470856,0.19883260130882263
92,0.18984171748161316,0.19881635904312134
93,0.18983182311058044,0.19880057871341705
94,0.18982183933258057,0.19878630340099335
95,0.18981203436851501,0.19877134263515472
96,0.18980224430561066,0.1987554430961609
97,0.18979251384735107,0.198740616440773
98,0.1897829920053482,0.19872626662254333
99,0.18977345526218414,0.1987108439207077
100,0.18976397812366486,0.1986951231956482
101,0.18975460529327393,0.19868046045303345
102,0.18974533677101135,0.1986655592918396
103,0.18973605334758759,0.19864995777606964
104,0.18972691893577576,0.198635071516037
105,0.18971788883209229,0.19862103462219238
106,0.18970896303653717,0.19860634207725525
107,0.18970003724098206,0.1985916793346405
108,0.18969117105007172,0.19857804477214813
109,0.18968242406845093,0.19856418669223785
110,0.18967367708683014,0.19854982197284698
111,0.1896650791168213,0.19853614270687103
112,0.189656600356102,0.19852252304553986
113,0.1896481066942215,0.19850827753543854
114,0.18963973224163055,0.19849421083927155
115,0.1896313726902008,0.19848068058490753
116,0.18962311744689941,0.1984667330980301
117,0.18961495161056519,0.19845281541347504
118,0.18960689008235931,0.19843949377536774
119,0.18959884345531464,0.19842596352100372
120,0.18959079682826996,0.1984124481678009
121,0.1895829290151596,0.19839943945407867
122,0.18957504630088806,0.19838659465312958
123,0.18956728279590607,0.19837336242198944
124,0.18955951929092407,0.19836069643497467
125,0.18955188989639282,0.1983480006456375
126,0.189544215798378,0.1983351707458496
127,0.18953678011894226,0.19832251965999603
128,0.1895292103290558,0.19831018149852753
129,0.1895218789577484,0.19829750061035156
130,0.18951450288295746,0.19828516244888306
131,0.1895071566104889,0.19827303290367126
132,0.1894998997449875,0.1982608139514923
133,0.18949273228645325,0.1982489973306656
134,0.18948563933372498,0.1982373595237732
135,0.18947859108448029,0.19822552800178528
136,0.18947145342826843,0.1982141137123108
137,0.18946446478366852,0.1982029229402542
138,0.18945762515068054,0.1981915533542633
139,0.1894506961107254,0.19818057119846344
140,0.18944382667541504,0.19816970825195312
141,0.18943707644939423,0.1981588900089264
142,0.1894303858280182,0.19814826548099518
143,0.18942363560199738,0.1981377750635147
144,0.1894170641899109,0.19812723994255066
145,0.18941040337085724,0.19811706244945526
146,0.18940386176109314,0.19810684025287628
147,0.18939734995365143,0.19809673726558685
148,0.18939080834388733,0.1980869024991989
149,0.18938440084457397,0.19807705283164978
150,0.1893780380487442,0.19806736707687378
151,0.18937163054943085,0.1980578899383545
152,0.18936535716056824,0.19804833829402924
153,0.18935902416706085,0.19803905487060547
154,0.18935272097587585,0.1980297863483429
155,0.1893465369939804,0.19802068173885345
156,0.18934032320976257,0.19801171123981476
157,0.18933412432670593,0.19800280034542084
158,0.18932801485061646,0.19799402356147766
159,0.1893218606710434,0.19798529148101807
160,0.18931575119495392,0.19797684252262115
161,0.18930977582931519,0.19796837866306305
162,0.1893036961555481,0.19796006381511688
163,0.18929772078990936,0.19795183837413788
164,0.18929162621498108,0.1979437619447708
165,0.18928565084934235,0.19793593883514404
166,0.18927976489067078,0.19792816042900085
167,0.189273864030838,0.19792047142982483
168,0.18926796317100525,0.19791291654109955
169,0.1892620474100113,0.19790540635585785
170,0.18925616145133972,0.19789814949035645
171,0.18925033509731293,0.19789081811904907
172,0.18924443423748016,0.19788360595703125
173,0.1892385631799698,0.19787660241127014
174,0.18923278152942657,0.1978696584701538
175,0.18922702968120575,0.19786272943019867
176,0.18922114372253418,0.19785599410533905
177,0.18921546638011932,0.1978493481874466
178,0.1892096996307373,0.19784270226955414
179,0.18920396268367767,0.19783619046211243
180,0.18919818103313446,0.1978297233581543
181,0.1891925036907196,0.1978234052658081
182,0.18918676674365997,0.19781704246997833
183,0.18918107450008392,0.1978108137845993
184,0.18917535245418549,0.19780462980270386
185,0.1891697347164154,0.19779862463474274
186,0.18916402757167816,0.1977924108505249
187,0.1891583651304245,0.1977866291999817
188,0.18915259838104248,0.19778040051460266
189,0.1891470104455948,0.19777508080005646
190,0.18914134800434113,0.19776856899261475
191,0.18913577497005463,0.1977640688419342
192,0.18913012742996216,0.19775652885437012
193,0.18912450969219208,0.19775407016277313
194,0.18911892175674438,0.1977435201406479
195,0.18911334872245789,0.19774655997753143
196,0.18910780549049377,0.1977270394563675
197,0.18910235166549683,0.19774611294269562
198,0.18909701704978943,0.19770129024982452
199,0.18909220397472382,0.19775927066802979
200,0.18908825516700745,0.19767393171787262
201,0.18908381462097168,0.19774557650089264
202,0.18907701969146729,0.19769485294818878
203,0.18906958401203156,0.19767971336841583
204,0.18906480073928833,0.19773152470588684
205,0.18906110525131226,0.1976672112941742
206,0.1890547275543213,0.19768644869327545
207,0.18904829025268555,0.19770623743534088
208,0.18904408812522888,0.19765222072601318
209,0.1890392303466797,0.1976844072341919
210,0.18903294205665588,0.19768089056015015
211,0.189027801156044,0.19764280319213867
212,0.18902352452278137,0.19767823815345764
213,0.1890179067850113,0.19765985012054443
214,0.18901219964027405,0.19763679802417755
215,0.18900777399539948,0.19766874611377716
216,0.1890026330947876,0.19764168560504913
217,0.18899698555469513,0.19763189554214478
218,0.18899217247962952,0.19765697419643402
219,0.18898743391036987,0.19762712717056274
220,0.18898198008537292,0.19762936234474182
221,0.18897683918476105,0.1976449340581894
222,0.18897216022014618,0.19761623442173004
223,0.1889670491218567,0.19762688875198364
224,0.18896172940731049,0.19763070344924927
225,0.1889568716287613,0.19760745763778687
226,0.1889519840478897,0.19762367010116577
227,0.18894685804843903,0.19761689007282257
228,0.1889418661594391,0.19760312139987946
229,0.18893694877624512,0.19761984050273895
230,0.18893204629421234,0.19760499894618988
231,0.18892695009708405,0.1976020783185959
232,0.18892192840576172,0.19761279225349426
233,0.1889171302318573,0.19759511947631836
234,0.1889120489358902,0.1976020187139511
235,0.18890702724456787,0.19760288298130035
236,0.1889020949602127,0.1975901871919632
237,0.18889714777469635,0.1976018249988556
238,0.1888921558856964,0.19759301841259003
239,0.18888716399669647,0.19759024679660797
240,0.18888217210769653,0.19759804010391235
241,0.18887722492218018,0.19758577644824982
242,0.18887221813201904,0.1975926160812378
243,0.1888672113418579,0.19759054481983185
244,0.188862144947052,0.19758430123329163
245,0.18885715305805206,0.1975928544998169
246,0.18885228037834167,0.19758360087871552
247,0.18884724378585815,0.19758754968643188
248,0.18884211778640747,0.19758768379688263
249,0.18883705139160156,0.19758197665214539
250,0.18883202970027924,0.19758948683738708
251,0.18882709741592407,0.197581946849823
252,0.1888219267129898,0.19758647680282593
253,0.18881691992282867,0.19758552312850952
254,0.18881180882453918,0.19758258759975433
255,0.1888067126274109,0.19758804142475128
256,0.1888016313314438,0.1975814700126648
257,0.18879638612270355,0.19758766889572144
258,0.18879131972789764,0.19758348166942596
259,0.188786119222641,0.197585791349411
260,0.18878088891506195,0.19758649170398712
261,0.1887757033109665,0.1975843757390976
262,0.18877051770687103,0.1975889652967453
263,0.18876534700393677,0.1975841224193573
264,0.18876007199287415,0.19759035110473633
265,0.18875478208065033,0.19758489727973938
266,0.18874947726726532,0.19759133458137512
267,0.18874415755271912,0.1975862681865692
268,0.1887388527393341,0.19759248197078705
269,0.1887335479259491,0.19758760929107666
270,0.18872815370559692,0.19759398698806763
271,0.1887226551771164,0.19758839905261993
272,0.1887172907590866,0.19759659469127655
273,0.18871179223060608,0.19758805632591248
274,0.18870635330677032,0.19760113954544067
275,0.188700869679451,0.197585329413414
276,0.1886955201625824,0.19760996103286743
277,0.18869008123874664,0.1975768357515335
278,0.18868499994277954,0.19762858748435974
279,0.1886802315711975,0.19755850732326508
280,0.18867622315883636,0.197658970952034
281,0.18867315351963043,0.19754494726657867
282,0.18866822123527527,0.19764748215675354
283,0.18866024911403656,0.19758762419223785
284,0.1886514574289322,0.19757883250713348
285,0.18864667415618896,0.1976507157087326
286,0.18864373862743378,0.19756631553173065
287,0.18863756954669952,0.19761788845062256
288,0.18862968683242798,0.19762291014194489
289,0.1886245161294937,0.19757042825222015
290,0.18862076103687286,0.19763803482055664
291,0.18861469626426697,0.19759918749332428
292,0.18860763311386108,0.1975879818201065
293,0.1886027604341507,0.19764068722724915
294,0.18859827518463135,0.19758707284927368
295,0.1885918378829956,0.1976088583469391
296,0.18858540058135986,0.19763098657131195
297,0.18858055770397186,0.19758670032024384
298,0.18857541680335999,0.19762758910655975
299,0.18856902420520782,0.1976173371076584
300,0.18856312334537506,0.1975957304239273
301,0.18855798244476318,0.19763615727424622
302,0.18855252861976624,0.1976041942834854
303,0.18854621052742004,0.19761042296886444
304,0.1885402947664261,0.19763290882110596
305,0.18853500485420227,0.19760043919086456
306,0.18852932751178741,0.1976277083158493
307,0.18852312862873077,0.19762220978736877
308,0.18851707875728607,0.19760732352733612
309,0.18851155042648315,0.19763579964637756
310,0.18850573897361755,0.19761112332344055
311,0.1884995698928833,0.19762231409549713
312,0.18849337100982666,0.19763079285621643
313,0.18848755955696106,0.19761134684085846
314,0.18848173320293427,0.19763585925102234
315,0.1884755939245224,0.19761960208415985
316,0.18846946954727173,0.1976245492696762
317,0.1884632706642151,0.19763459265232086
318,0.18845725059509277,0.19761782884597778
319,0.18845118582248688,0.1976388543844223
320,0.1884450614452362,0.19762402772903442
321,0.18843884766101837,0.19763198494911194
322,0.18843257427215576,0.1976354569196701
323,0.18842633068561554,0.1976258009672165
324,0.18842017650604248,0.19764284789562225
325,0.18841396272182465,0.19762711226940155
326,0.1884077787399292,0.1976434588432312
327,0.1884014755487442,0.19763368368148804
328,0.18839505314826965,0.19764021039009094
329,0.18838873505592346,0.19764162600040436
330,0.18838241696357727,0.19763770699501038
331,0.18837620317935944,0.1976485401391983
332,0.18836982548236847,0.19763688743114471
333,0.18836349248886108,0.19765427708625793
334,0.1883571743965149,0.19763699173927307
335,0.1883508414030075,0.1976601779460907
336,0.18834447860717773,0.19763630628585815
337,0.1883382797241211,0.1976686269044876
338,0.1883319765329361,0.19763246178627014
339,0.18832586705684662,0.19768284261226654
340,0.18832002580165863,0.19762292504310608
341,0.18831442296504974,0.19770537316799164
342,0.18830935657024384,0.19760988652706146
343,0.18830445408821106,0.19772416353225708
344,0.1882990151643753,0.1976149082183838
345,0.1882912963628769,0.19769731163978577
346,0.18828235566616058,0.19766192138195038
347,0.18827445805072784,0.1976473480463028
348,0.18826904892921448,0.19771216809749603
349,0.18826456367969513,0.19763188064098358
350,0.18825873732566833,0.1977073848247528
351,0.18825124204158783,0.1976647526025772
352,0.18824350833892822,0.19766603410243988
353,0.18823732435703278,0.1977108120918274
354,0.1882321685552597,0.19765011966228485
355,0.18822649121284485,0.19771413505077362
356,0.18821951746940613,0.19767451286315918
357,0.18821220099925995,0.19768354296684265
358,0.188205748796463,0.19771341979503632
359,0.18820014595985413,0.19766847789287567
360,0.18819433450698853,0.19772398471832275
361,0.18818779289722443,0.19768328964710236
362,0.1881808340549469,0.1977047473192215
363,0.18817415833473206,0.19771412014961243
364,0.18816794455051422,0.19768890738487244
365,0.1881619244813919,0.19773375988006592
366,0.18815580010414124,0.19769287109375
367,0.1881493479013443,0.19773101806640625
368,0.1881425380706787,0.1977124959230423
369,0.1881358027458191,0.19771896302700043
370,0.18812939524650574,0.19773562252521515
371,0.18812304735183716,0.1977127492427826
372,0.18811680376529694,0.19775068759918213
373,0.18811044096946716,0.1977161169052124
374,0.18810398876667023,0.19775593280792236
375,0.18809743225574493,0.19772744178771973
376,0.18809062242507935,0.19775576889514923
377,0.18808403611183167,0.19774280488491058
378,0.18807728588581085,0.19775469601154327
379,0.18807066977024078,0.1977578103542328
380,0.18806405365467072,0.19775503873825073
381,0.1880575567483902,0.1977720856666565
