operation,horizon,condition,mse
clamp,8,correct,0.027671360215754247
clamp,8,ignore,0.028737439735268707
clamp,8,wrong_target,0.029958429379039444
clamp,8,wrong_time,0.02855787290056469
clamp,16,correct,0.027735411586472764
clamp,16,ignore,0.02932171035092324
clamp,16,wrong_target,0.02981718002585694
clamp,16,wrong_time,0.029034013038908596
clamp,32,correct,0.029249091218807734
clamp,32,ignore,0.030175434524135198
clamp,32,wrong_target,0.030938562494993674
clamp,32,wrong_time,0.029917304038535805
clamp,64,correct,0.02653951002313988
clamp,64,ignore,0.027229098248062654
clamp,64,wrong_target,0.02718562093010405
clamp,64,wrong_time,0.02663526817690581
clamp,128,correct,0.02376161787804449
clamp,128,ignore,0.025271044733235614
clamp,128,wrong_target,0.026640796830470208
clamp,128,wrong_time,0.024917393476935102
compound_force_plus_impulse,16,correct,0.04435418459237553
compound_force_plus_impulse,16,omit_second,0.04563439114659559
compound_force_plus_impulse,32,correct,0.06195148142141989
compound_force_plus_impulse,32,omit_second,0.0649803307527327
compound_force_plus_impulse,64,correct,0.05220638040889753
compound_force_plus_impulse,64,omit_second,0.05434323916095309
compound_force_plus_impulse,128,correct,0.054298309111036364
compound_force_plus_impulse,128,omit_second,0.05526443421200383
impulse,8,correct,0.028960113637731412
impulse,8,ignore,0.0309306724218186
impulse,8,wrong_target,0.031719439499138385
impulse,8,wrong_time,0.030323145374131853
impulse,16,correct,0.029478570853243583
impulse,16,ignore,0.031003152535413393
impulse,16,wrong_target,0.032885874558705834
impulse,16,wrong_time,0.03080746690626256
impulse,32,correct,0.030402755680115662
impulse,32,ignore,0.03185490767704323
impulse,32,wrong_target,0.03268135580001399
impulse,32,wrong_time,0.031475743634509855
impulse,64,correct,0.03420802782522515
impulse,64,ignore,0.03439229913550662
impulse,64,wrong_target,0.03290027061128058
impulse,64,wrong_time,0.03426214402599726
impulse,128,correct,0.029194967133225874
impulse,128,ignore,0.03006855221479782
impulse,128,wrong_target,0.029345081173814833
impulse,128,wrong_time,0.02981243738657213
persistent_force,8,correct,0.04718621860258281
persistent_force,8,ignore,0.26731813690043055
persistent_force,8,wrong_target,0.49057663639367094
persistent_force,8,wrong_time,0.04668792694224976
persistent_force,16,correct,0.05056494205491617
persistent_force,16,ignore,0.24347517520189285
persistent_force,16,wrong_target,0.43743798512849025
persistent_force,16,wrong_time,0.05308181055937894
persistent_force,32,correct,0.04982701611646917
persistent_force,32,ignore,0.22830104085383937
persistent_force,32,wrong_target,0.3931131960696075
persistent_force,32,wrong_time,0.05107334982196335
persistent_force,64,correct,0.051484991985198576
persistent_force,64,ignore,0.24424615951371378
persistent_force,64,wrong_target,0.4254752718150849
persistent_force,64,wrong_time,0.05240670268554823
persistent_force,128,correct,0.04752406939063803
persistent_force,128,ignore,0.23951944915083004
persistent_force,128,wrong_target,0.40272707063471896
persistent_force,128,wrong_time,0.045955128721834625
