variant,op,seed_tag,step,teacher_result_acc,teacher_all_results,teacher_final,sample_result_acc,sample_exact_results,sample_final
shared,add,seed7,0,0.0761666666666666,0.0,0.0883333333333333,,,
shared,add,seed7,80,0.2786666666666667,0.0008333333333333,1.0,,,
shared,add,seed7,160,0.3035,0.0008333333333333,1.0,,,
shared,add,seed7,240,0.365,0.0033333333333333,1.0,,,
shared,add,seed7,280,0.542,0.0258333333333333,1.0,,,
shared,add,seed7,320,0.8225,0.3508333333333333,1.0,0.4428125,0.1609375,0.275
specific,add,seed7,0,0.0761666666666666,0.0,0.0883333333333333,,,
specific,add,seed7,80,0.2806666666666667,0.0,1.0,,,
specific,add,seed7,160,0.2866666666666667,0.0,1.0,,,
specific,add,seed7,240,0.3028333333333333,0.0,1.0,,,
specific,add,seed7,280,0.3528333333333333,0.0008333333333333,1.0,,,
specific,add,seed7,320,0.4568333333333333,0.0016666666666666,1.0,0.2440625,0.0015625,0.1171875
post,add,seed7,0,0.054,0.0,0.0866666666666666,,,
post,add,seed7,80,0.2811666666666667,0.0,1.0,,,
post,add,seed7,160,0.3383333333333333,0.0008333333333333,1.0,,,
post,add,seed7,240,0.4976666666666666,0.005,1.0,,,
post,add,seed7,280,0.7785,0.2183333333333333,1.0,,,
post,add,seed7,320,0.981,0.905,1.0,0.886875,0.7703125,0.775
no_step,add,seed7,0,0.055,0.0,0.1008333333333333,,,
no_step,add,seed7,80,0.2805,0.0,1.0,,,
no_step,add,seed7,160,0.3816666666666666,0.0008333333333333,1.0,,,
no_step,add,seed7,240,0.9276666666666666,0.665,1.0,,,
no_step,add,seed7,280,0.9896666666666668,0.9483333333333334,1.0,,,
no_step,add,seed7,320,0.9995,0.9975,1.0,0.9828125,0.9671875,0.9671875
no_result,add,seed7,0,0.0535,0.0,0.1008333333333333,,,
no_result,add,seed7,80,0.2843333333333333,0.0008333333333333,1.0,,,
no_result,add,seed7,160,0.4268333333333333,0.0041666666666666,1.0,,,
no_result,add,seed7,240,0.9203333333333332,0.65,1.0,,,
no_result,add,seed7,280,0.9938333333333332,0.9691666666666666,1.0,,,
no_result,add,seed7,320,1.0,1.0,1.0,0.9909375,0.9875,0.9875
bare,add,seed7,0,0.0535,0.0,0.0,,,
bare,add,seed7,80,0.3313333333333333,0.0008333333333333,1.0,,,
bare,add,seed7,160,0.494,0.0275,1.0,,,
bare,add,seed7,240,0.9866666666666668,0.9341666666666668,1.0,,,
bare,add,seed7,280,0.9988333333333334,0.9941666666666666,1.0,,,
bare,add,seed7,320,1.0,1.0,1.0,0.991875,0.9890625,0.9890625
double,add,seed7,0,0.0575,0.0,0.0,,,
double,add,seed7,80,0.1191666666666666,0.0,0.2125,,,
double,add,seed7,160,0.3223333333333333,0.0008333333333333,1.0,,,
double,add,seed7,240,0.4458333333333333,0.005,1.0,,,
double,add,seed7,280,0.6981666666666667,0.115,1.0,,,
double,add,seed7,320,0.8506666666666667,0.3658333333333333,1.0,0.485625,0.184375,0.2890625
shared,add,seed7,400,1.0,1.0,1.0,0.98875,0.978125,0.98125
shared,add,seed7,480,1.0,1.0,1.0,0.9925,0.9875,0.9875
shared,add,seed7,560,1.0,1.0,1.0,0.995625,0.99375,0.99375
shared,add,seed7,640,1.0,1.0,1.0,0.995625,0.99375,0.99375
specific,add,seed7,400,0.5143333333333333,0.0066666666666666,1.0,0.308125,0.0,0.128125
specific,add,seed7,480,0.8838333333333334,0.5283333333333333,1.0,0.62125,0.3125,0.4
specific,add,seed7,560,0.997,0.985,1.0,0.971875,0.94375,0.94375
specific,add,seed7,640,1.0,1.0,1.0,0.99375,0.9875,0.9875
double,add,seed7,400,0.983,0.915,1.0,0.90875,0.80625,0.80625
double,add,seed7,480,1.0,1.0,1.0,0.9825,0.96875,0.96875
double,add,seed7,560,1.0,1.0,1.0,0.99375,0.990625,0.990625
double,add,seed7,640,1.0,1.0,1.0,0.996875,0.996875,0.996875
