after_blocks,alpha,control,train_acc,heldout_acc,train_pair_margin,heldout_pair_margin
0,-1.0,target_terminal_plane,0.428571,0.5,-1.872375,-0.460589
0,-0.5,target_terminal_plane,0.794643,0.571429,6.758601,1.710773
0,0.5,target_terminal_plane,1.0,0.571429,12.185562,2.120474
0,1.0,target_terminal_plane,0.946429,0.607143,10.597024,2.469536
1,-1.0,target_terminal_plane,0.464286,0.571429,-1.08626,0.714278
1,-0.5,target_terminal_plane,0.821429,0.571429,7.360179,2.214952
1,0.5,target_terminal_plane,1.0,0.571429,12.220435,2.057524
1,1.0,target_terminal_plane,0.955357,0.571429,10.893245,2.17053
3,-1.0,target_terminal_plane,0.535714,0.607143,0.641465,1.726002
3,-0.5,target_terminal_plane,0.866071,0.642857,8.105029,2.714672
3,0.5,target_terminal_plane,1.0,0.571429,12.275151,1.832057
3,1.0,target_terminal_plane,0.982143,0.571429,11.744142,1.783575
5,-1.0,target_terminal_plane,0.8125,0.642857,7.048997,2.515692
5,-0.5,target_terminal_plane,0.973214,0.642857,11.002545,3.007177
5,0.5,target_terminal_plane,1.0,0.535714,12.235857,1.498654
5,1.0,target_terminal_plane,1.0,0.535714,12.15329,1.356339
7,-1.0,target_terminal_plane,1.0,0.642857,11.630101,2.336318
7,-0.5,target_terminal_plane,1.0,0.607143,11.898931,2.196591
7,0.5,target_terminal_plane,1.0,0.571429,12.111512,1.897491
7,1.0,target_terminal_plane,1.0,0.535714,12.080132,1.73241
0,-1.0,random_plane_mean10,0.678571,0.546429,3.933926,1.034748
0,1.0,random_plane_mean10,0.670536,0.521429,3.699709,0.199741
1,-1.0,random_plane_mean10,0.707143,0.542857,4.777834,0.853264
1,1.0,random_plane_mean10,0.713393,0.535714,4.709207,0.741004
3,-1.0,random_plane_mean10,0.833929,0.578571,7.658369,1.794885
3,1.0,random_plane_mean10,0.813393,0.575,7.176741,1.271435
5,-1.0,random_plane_mean10,0.973214,0.589286,10.739586,2.04482
5,1.0,random_plane_mean10,0.967857,0.6,10.682218,2.067412
7,-1.0,random_plane_mean10,1.0,0.592857,11.853493,2.025629
7,1.0,random_plane_mean10,1.0,0.585714,11.85742,2.00287
