scope,layer,mode,n,mean_margin_penalty,median_penalty,fraction_hurt,hurt_binom_p,mean_delta_cooperation,mean_delta_negative_pair_fraction
heldout,4,full_perm,28,-0.06801220242466245,0.0279199481010437,0.5357142857142857,0.4252770096063614,0.015975264300193106,-0.028273809523809534
heldout,4,homogenize,28,-0.38275213486381937,-0.0022296905517578125,0.5,0.5747229903936386,-0.004186871860708509,0.02380952380952381
heldout,4,separate,28,0.04279884270259312,0.011376380920410156,0.5,0.5747229903936386,0.013137054230485643,-0.017857142857142856
heldout,4,within_scale,28,0.0009036618950111526,0.011336088180541992,0.5,0.5747229903936386,0.020090743633253232,-0.037202380952380966
heldout,5,full_perm,28,-0.04802588646167091,0.028461098670959473,0.5357142857142857,0.4252770096063614,0.00759860740176269,-0.06696428571428571
heldout,5,homogenize,28,-0.1559024046042136,0.010180234909057617,0.5714285714285714,0.28579409420490265,-0.00645680193390165,-0.02380952380952381
heldout,5,separate,28,-0.030800765114171163,0.02654123306274414,0.6785714285714286,0.04357927665114403,-0.006950635995183673,-0.03571428571428571
heldout,5,within_scale,28,0.06579579506069422,0.019035160541534424,0.5714285714285714,0.28579409420490265,-0.0010742577058928354,-0.03422619047619048
heldout,6,full_perm,28,0.013610730346824442,0.026550650596618652,0.5714285714285714,0.28579409420490265,-0.04250938205846718,0.008928571428571421
heldout,6,homogenize,28,0.0026560191597257343,0.010704517364501953,0.5714285714285714,0.28579409420490265,-0.02213303106171744,-0.011904761904761894
heldout,6,separate,28,-0.016010222690446035,0.032439470291137695,0.6071428571428571,0.17246422544121742,-0.05193975887128285,0.01190476190476191
heldout,6,within_scale,28,-0.015148231427052192,0.0205116868019104,0.5357142857142857,0.4252770096063614,-0.044073405276451795,0.008928571428571412
heldout,7,full_perm,28,-0.01197050086089543,0.03307986259460449,0.5714285714285714,0.28579409420490265,-0.08870978972741536,0.06994047619047618
heldout,7,homogenize,28,0.012607741568769728,0.015726804733276367,0.5714285714285714,0.28579409420490265,-0.044408589601516724,0.041666666666666664
heldout,7,separate,28,-0.009843101458890098,0.018579155206680298,0.6071428571428571,0.17246422544121742,-0.07302979805639812,0.0892857142857143
heldout,7,within_scale,28,0.007144607004842588,0.03266817331314087,0.6071428571428571,0.17246422544121742,-0.08395001425274781,0.07589285714285714
train,4,full_perm,56,0.05088496580719948,0.00940769910812378,0.6607142857142857,0.011120694736430053,0.021952751092612743,-0.06696428571428573
train,4,homogenize,56,0.01257331030709403,0.005765438079833984,0.5892857142857143,0.11440277061717805,0.011813986514295851,-0.03273809523809523
train,4,separate,56,0.050609001091548374,0.011720895767211914,0.6785714285714286,0.00522740916094609,0.01805245876312256,-0.02976190476190475
train,4,within_scale,56,0.04513219477874892,0.01751023530960083,0.6785714285714286,0.00522740916094609,0.013618198755596365,-0.05059523809523809
train,5,full_perm,56,0.11240698929343905,0.030147016048431396,0.8214285714285714,6.227257073054826e-07,-0.02387383340724877,-0.021577380952380956
train,5,homogenize,56,0.019106969237327576,0.010323524475097656,0.7321428571428571,0.00034278207818919104,-0.014736531568425042,-1.982541115402065e-18
train,5,separate,56,0.050528726407459805,0.02733170986175537,0.8035714285714286,2.68915905507483e-06,-0.03265591976898057,-0.01785714285714286
train,5,within_scale,56,0.08556855150631495,0.027555227279663086,0.8392857142857143,1.285786024041169e-07,-0.027564751649541513,-0.0029761904761904834
train,6,full_perm,56,0.1477076621460063,0.06446754932403564,0.9464285714285714,4.0685510516169643e-13,-0.0993994367974145,0.0587797619047619
train,6,homogenize,56,0.02649692552430289,0.026683807373046875,0.8214285714285714,6.227257073054826e-07,-0.05611066945961544,0.08630952380952382
train,6,separate,56,0.05434111825057438,0.044968366622924805,0.8928571428571429,5.091046889615924e-10,-0.11092127487063408,0.11904761904761905
train,6,within_scale,56,0.13267742416688375,0.051704585552215576,0.9464285714285714,4.0685510516169643e-13,-0.08553920992250953,0.05431547619047618
train,7,full_perm,56,0.10463840780513627,0.06957834959030151,0.9464285714285714,4.0685510516169643e-13,-0.1284415220309581,0.10565476190476189
train,7,homogenize,56,0.020482727459498813,0.01609969139099121,0.8392857142857143,1.285786024041169e-07,-0.06167743780783245,0.0773809523809524
train,7,separate,56,0.05365621617862156,0.043143510818481445,0.9107142857142857,5.851462370198846e-11,-0.12261651988540377,0.14285714285714285
train,7,within_scale,56,0.09841446578502655,0.05534708499908447,0.9285714285714286,5.504027789093868e-12,-0.11420976955975805,0.10044642857142858
