seed,length,exact_one_call_cycle_agreement,observed_base_only_accuracy
101,1,1.0,1.0
101,2,0.087890625,0.087890625
101,3,0.1982421875,0.1982421875
101,4,0.1748046875,0.1748046875
101,5,0.306640625,0.306640625
101,6,0.1728515625,0.1728515625
101,8,0.1982421875,0.1982421875
101,10,0.2880859375,0.2880859375
101,12,0.087890625,0.087890625
101,16,0.259765625,0.259765625
101,20,0.087890625,0.087890625
202,1,1.0,1.0
202,2,0.0869140625,0.0869140625
202,3,0.19921875,0.19921875
202,4,0.1904296875,0.1904296875
202,5,0.322265625,0.322265625
202,6,0.20703125,0.20703125
202,8,0.1865234375,0.1865234375
202,10,0.291015625,0.291015625
202,12,0.0869140625,0.0869140625
202,16,0.310546875,0.310546875
202,20,0.0869140625,0.0869140625
303,1,1.0,1.0
303,2,0.103515625,0.103515625
303,3,0.2021484375,0.2021484375
303,4,0.224609375,0.224609375
303,5,0.298828125,0.298828125
303,6,0.1923828125,0.1923828125
303,8,0.212890625,0.212890625
303,10,0.3232421875,0.3232421875
303,12,0.103515625,0.103515625
303,16,0.3134765625,0.3134765625
303,20,0.103515625,0.103515625
404,1,1.0,1.0
404,2,0.095703125,0.095703125
404,3,0.197265625,0.197265625
404,4,0.1884765625,0.1884765625
404,5,0.2998046875,0.2998046875
404,6,0.2021484375,0.2021484375
404,8,0.1923828125,0.1923828125
404,10,0.2958984375,0.2958984375
404,12,0.095703125,0.095703125
404,16,0.294921875,0.294921875
404,20,0.095703125,0.095703125
505,1,1.0,1.0
505,2,0.095703125,0.095703125
505,3,0.212890625,0.212890625
505,4,0.19921875,0.19921875
505,5,0.310546875,0.310546875
505,6,0.181640625,0.181640625
505,8,0.2021484375,0.2021484375
505,10,0.298828125,0.298828125
505,12,0.095703125,0.095703125
505,16,0.28515625,0.28515625
505,20,0.095703125,0.095703125
