order,stage,sample_index,pair_id,label,margin,correct,path_symptom,root_cause,best_attn_gain,best_attn_layer,best_ffn_gain,best_ffn_layer,best_depth_margin
R_A_R_A,S3_ROUTING,0,0,TEXT,5.931759834289551,True,CORRECT,CORRECT,0.015566825866699219,4,-0.0548858642578125,0,5.931759834289551
R_A_R_A,S3_ROUTING,1,0,ACT,-4.9117231369018555,False,BLUEPRINT_EXIT,ASSEMBLY,0.23073816299438477,7,1.381758213043213,7,1.8926421403884888
R_A_R_A,S3_ROUTING,2,5,TEXT,6.112491607666016,True,CORRECT,CORRECT,-0.027136802673339844,7,0.09309530258178711,1,6.112491607666016
R_A_R_A,S3_ROUTING,3,5,ACT,5.7509918212890625,True,CORRECT,CORRECT,0.005164146423339844,4,-0.021399497985839844,0,5.7509918212890625
R_A_R_A,S3_ROUTING,4,10,TEXT,6.038328647613525,True,CORRECT,CORRECT,-0.03295755386352539,5,0.05356168746948242,2,6.038328647613525
R_A_R_A,S3_ROUTING,5,10,ACT,5.528912544250488,True,CORRECT,CORRECT,0.1492166519165039,1,-0.005563259124755859,1,5.528912544250488
R_A_R_A,S3_ROUTING,6,15,TEXT,5.196113586425781,True,CORRECT,CORRECT,0.13271045684814453,0,0.4550457000732422,0,5.196113586425781
R_A_R_A,S3_ROUTING,7,15,ACT,-3.2664504051208496,False,BLUEPRINT_EXIT,ASSEMBLY,-0.0523226261138916,3,1.3161771297454834,0,0.36620160937309265
R_A_R_A,S3_ROUTING,8,20,TEXT,-5.487577438354492,False,NEVER_REACHED,ASSEMBLY,0.08082437515258789,0,0.3457632064819336,7,-1.7328429222106934
R_A_R_A,S3_ROUTING,9,20,ACT,4.791928291320801,True,CORRECT,CORRECT,-0.022777557373046875,0,0.2643318176269531,0,4.791928291320801
R_A_R_A,S3_ROUTING,10,25,TEXT,-4.224542617797852,False,NEVER_REACHED,ASSEMBLY,0.24078154563903809,7,1.096595287322998,4,-0.4901980757713318
R_A_R_A,S3_ROUTING,11,25,ACT,4.609135627746582,True,CORRECT,CORRECT,0.3246273994445801,0,0.8312168121337891,0,4.609135627746582
R_A_R_A,S3_ROUTING,12,30,TEXT,6.002316951751709,True,CORRECT,CORRECT,0.060862064361572266,0,-0.05699968338012695,3,6.002316951751709
R_A_R_A,S3_ROUTING,13,30,ACT,-3.635183811187744,False,BLUEPRINT_EXIT,ROUTING,1.6940021514892578,6,1.3419537544250488,7,0.9996630549430847
R_A_R_A,S3_ROUTING,14,35,TEXT,4.9242777824401855,True,CORRECT,CORRECT,-0.35947561264038086,7,0.6616024971008301,2,4.9242777824401855
R_A_R_A,S3_ROUTING,15,35,ACT,6.058102607727051,True,CORRECT,CORRECT,0.14114141464233398,0,0.0678253173828125,0,6.058102607727051
R_A_R_A,S3_ROUTING,16,40,TEXT,3.641146659851074,True,CORRECT,CORRECT,0.29088830947875977,0,-0.17911624908447266,5,3.641146659851074
R_A_R_A,S3_ROUTING,17,40,ACT,-3.615107536315918,False,BLUEPRINT_EXIT,ASSEMBLY,0.025028228759765625,2,0.5046811103820801,0,1.3864283561706543
R_A_R_A,S3_ROUTING,18,45,TEXT,5.888124465942383,True,CORRECT,CORRECT,-0.12282752990722656,5,0.05057334899902344,0,5.888124465942383
R_A_R_A,S3_ROUTING,19,45,ACT,6.011758804321289,True,CORRECT,CORRECT,0.08871841430664062,3,-0.0037202835083007812,0,6.011758804321289
R_A_R_A,S3_ROUTING,20,50,TEXT,3.7672410011291504,True,CORRECT,CORRECT,0.3130631446838379,0,-0.2547111511230469,5,3.7672410011291504
R_A_R_A,S3_ROUTING,21,50,ACT,-4.076900959014893,False,BLUEPRINT_EXIT,ASSEMBLY,0.04225015640258789,7,0.4082756042480469,7,1.3864283561706543
R_A_R_A,S3_ROUTING,22,55,TEXT,5.1495842933654785,True,CORRECT,CORRECT,0.12787771224975586,0,0.5879855155944824,0,5.1495842933654785
R_A_R_A,S3_ROUTING,23,55,ACT,-4.602511405944824,False,BLUEPRINT_EXIT,ASSEMBLY,0.16530656814575195,3,1.537757158279419,7,1.8894811868667603
R_A_R_A,S3_ROUTING,24,60,TEXT,5.777328968048096,True,CORRECT,CORRECT,0.062453269958496094,0,0.10477590560913086,0,5.777328968048096
R_A_R_A,S3_ROUTING,25,60,ACT,6.073875427246094,True,CORRECT,CORRECT,-0.005887031555175781,3,0.011698722839355469,0,6.073875427246094
R_A_R_A,S3_ROUTING,26,65,TEXT,5.322893142700195,True,CORRECT,CORRECT,0.19213390350341797,0,0.13556671142578125,2,5.322893142700195
R_A_R_A,S3_ROUTING,27,65,ACT,5.430601119995117,True,CORRECT,CORRECT,0.39196109771728516,0,0.5640058517456055,0,5.430601119995117
